time,latitude,longitude,depth,mag,magType,nst,gap,dmin,rms,net,id,updated,place,type,horizontalError,depthError,magError,magNst,status,locationSource,magSource,year
2026-07-20T10:55:00.820Z,10.6707,-62.2023,66.041,4.8,mb,50.0,41.0,3.568,1.24,us,us7000t1x5,2026-07-20T20:40:39.721Z,"14 km NE of Güiria, Venezuela",earthquake,8.45,7.136,0.095,34.0,reviewed,us,us,2026
2026-07-13T19:59:53.882Z,10.7234,-62.6404,88.024,4.5,mb,60.0,84.0,3.857,0.7,us,us7000t06y,2026-07-24T21:29:36.040Z,"26 km NE of Yaguaraparo, Venezuela",earthquake,4.51,6.691,0.067,66.0,reviewed,us,us,2026
2026-07-08T23:56:00.177Z,10.5193,-68.558,10.0,4.5,mb,25.0,86.0,2.613,1.16,us,us7000t0qk,2026-07-20T23:31:42.040Z,"15 km SE of Yumare, Venezuela",earthquake,7.36,1.898,0.164,11.0,reviewed,us,us,2026
2026-07-07T08:41:38.174Z,10.7833,-62.7846,126.309,4.5,mb,60.0,83.0,1.879,1.0,us,us6000talr,2026-07-29T05:57:20.274Z,"24 km N of Yaguaraparo, Venezuela",earthquake,8.44,8.209,0.045,147.0,reviewed,us,us,2026
2026-06-29T11:01:02.693Z,10.7743,-66.7938,10.0,4.6,mb,108.0,58.0,2.251,0.53,us,us6000t8yf,2026-07-21T13:34:36.546Z,"19 km NNE of Caraballeda, Venezuela",earthquake,6.36,1.881,0.042,169.0,reviewed,us,us,2026
2026-06-28T09:33:59.554Z,10.4907,-68.4852,10.0,4.3,mb,59.0,69.0,2.645,0.99,us,us6000t8sx,2026-07-21T13:22:22.997Z,"23 km ESE of Yumare, Venezuela",earthquake,6.7,1.911,0.092,33.0,reviewed,us,us,2026
2026-06-28T08:46:09.312Z,10.6091,-68.3699,10.0,4.5,mb,41.0,175.0,2.814,0.74,us,us6000t8su,2026-07-15T12:26:41.994Z,"11 km SW of Boca de Aroa, Venezuela",earthquake,13.22,1.953,0.06,80.0,reviewed,us,us,2026
2026-06-27T19:20:37.253Z,10.6767,-67.6133,10.0,4.8,mww,72.0,41.0,3.018,0.8,us,us6000t8q8,2026-07-06T14:48:47.598Z,"41 km N of El Limón, Venezuela",earthquake,7.01,1.876,0.11,8.0,reviewed,us,us,2026
2026-06-27T14:23:39.723Z,10.6024,-67.0541,10.0,4.3,mb,52.0,64.0,3.92,0.79,us,us6000taer,2026-07-22T22:48:25.524Z,"2 km W of Catia La Mar, Venezuela",earthquake,8.21,1.884,0.101,29.0,reviewed,us,us,2026
2026-06-26T22:16:11.872Z,10.7968,-67.6011,10.0,4.7,mww,87.0,46.0,3.542,0.76,us,us6000t8k6,2026-07-07T04:29:05.371Z,"54 km N of El Limón, Venezuela",earthquake,5.91,1.805,0.103,9.0,reviewed,us,us,2026
2026-06-26T04:19:30.572Z,10.4864,-68.4278,10.0,4.4,mb,49.0,69.0,2.688,1.28,us,us6000t8d1,2026-07-22T00:42:19.603Z,"24 km W of Morón, Venezuela",earthquake,7.38,1.901,0.082,43.0,reviewed,us,us,2026
2026-06-25T10:29:38.276Z,10.5458,-68.2604,10.0,4.3,mb,36.0,73.0,2.856,0.99,us,us6000t9wy,2026-07-23T09:59:28.040Z,"9 km NW of Morón, Venezuela",earthquake,6.84,1.649,0.109,24.0,reviewed,us,us,2026
2026-06-25T07:48:51.850Z,10.6014,-67.4507,10.0,4.4,mb,16.0,101.0,0.621,0.81,us,us6000t828,2026-07-09T08:24:46.185Z,"38 km NNE of El Limón, Venezuela",earthquake,8.4,1.948,0.17,10.0,reviewed,us,us,2026
2026-06-25T05:48:25.842Z,10.7063,-66.7831,10.0,4.4,mb,38.0,166.0,0.237,0.58,us,us6000t81p,2026-07-09T07:44:46.384Z,"12 km NE of Caraballeda, Venezuela",earthquake,7.04,1.938,0.096,31.0,reviewed,us,us,2026
2026-06-24T22:54:00.283Z,10.8819,-67.0282,10.0,5.0,mb,25.0,68.0,2.502,0.79,us,us6000t9w3,2026-07-29T22:02:19.040Z,"30 km N of Catia La Mar, Venezuela",earthquake,7.64,1.93,0.17,11.0,reviewed,us,us,2026
2026-06-24T22:23:57.864Z,10.9006,-67.1675,10.0,4.5,mb,31.0,134.0,2.639,0.84,us,us6000t80d,2026-07-25T04:47:56.040Z,"35 km NNW of Catia La Mar, Venezuela",earthquake,6.82,1.8,0.135,16.0,reviewed,us,us,2026
2026-06-24T22:05:03.992Z,10.6221,-67.1935,10.0,7.5,mww,64.0,38.0,0.406,0.57,us,us6000t7zp,2026-07-30T03:16:35.789Z,"17 km W of Catia La Mar, Venezuela",earthquake,6.41,1.888,0.036,75.0,reviewed,us,us,2026
2026-06-24T22:04:31.806Z,10.3713,-68.5564,10.0,7.2,mww,120.0,21.0,1.027,0.59,us,us6000t7zc,2026-07-29T22:49:29.540Z,"20 km E of San Felipe, Venezuela",earthquake,5.92,1.713,0.058,29.0,reviewed,us,us,2026
2026-06-18T01:23:29.204Z,9.2935,-69.93,10.0,4.7,mb,137.0,41.0,0.798,0.6,us,us7000su81,2026-07-11T20:24:19.127Z,"34 km NW of Guanare, Venezuela",earthquake,6.65,1.878,0.052,112.0,reviewed,us,us,2026
2026-06-14T00:39:48.528Z,9.2573,-69.677,27.145,4.3,mb,41.0,76.0,1.015,0.67,us,us7000ssrw,2026-07-03T21:17:51.040Z,"24 km W of Ospino, Venezuela",earthquake,7.69,5.679,0.113,22.0,reviewed,us,us,2026
2026-06-04T23:41:15.280Z,9.6411,-70.0077,10.0,4.8,mb,50.0,109.0,0.974,0.77,us,us7000sqrk,2026-06-20T00:25:24.863Z,"28 km SW of El Tocuyo, Venezuela",earthquake,4.1,1.818,0.064,75.0,reviewed,us,us,2026
2026-05-30T00:31:41.736Z,11.2049,-62.2984,129.779,4.7,mb,68.0,40.0,3.299,0.85,us,us7000spga,2026-06-19T22:01:17.154Z,"69 km N of Güiria, Venezuela",earthquake,9.28,7.648,0.043,161.0,reviewed,us,us,2026
2026-05-17T01:46:07.010Z,10.6158,-66.5378,10.0,3.8,mb,19.0,221.0,4.389,0.71,us,us6000sybm,2026-07-25T22:12:50.040Z,"15 km N of Guatire, Venezuela",earthquake,8.4,1.994,0.254,5.0,reviewed,us,us,2026
2026-05-15T23:21:36.848Z,10.5399,-72.4762,10.0,4.4,mb,38.0,61.0,2.451,1.06,us,us6000sy4k,2026-07-25T22:12:49.040Z,"29 km NW of La Villa del Rosario, Venezuela",earthquake,8.13,1.897,0.098,30.0,reviewed,us,us,2026
2026-02-25T06:33:58.568Z,9.9606,-62.8103,13.928,4.5,mb,26.0,124.0,4.838,0.87,us,us7000s3fp,2026-05-12T17:28:18.040Z,"35 km ESE of Caripito, Venezuela",earthquake,5.0,6.43,0.222,6.0,reviewed,us,us,2026
2026-02-08T17:20:51.188Z,9.9117,-70.585,31.523,4.3,mb,26.0,131.0,1.022,0.52,us,us7000rzs4,2026-05-01T14:35:54.040Z,"38 km E of Mene Grande, Venezuela",earthquake,8.66,6.016,0.147,13.0,reviewed,us,us,2026
2026-01-05T11:32:18.064Z,10.7686,-70.0154,10.0,4.3,mb,65.0,80.0,1.965,0.75,us,us7000rrn9,2026-04-07T22:12:01.040Z,"66 km N of Carora, Venezuela",earthquake,7.32,1.907,0.078,46.0,reviewed,us,us,2026
2026-01-01T16:11:06.020Z,10.5874,-62.6707,29.894,4.1,mb,21.0,172.0,4.439,0.71,us,us7000rrdt,2026-04-07T22:11:59.040Z,"17 km E of Yaguaraparo, Venezuela",earthquake,11.57,7.35,0.198,7.0,reviewed,us,us,2026
2026-01-01T12:37:06.282Z,10.4676,-72.1167,25.47,4.6,mb,40.0,59.0,2.148,1.15,us,us7000rlwx,2026-04-07T22:11:49.040Z,"26 km NE of La Villa del Rosario, Venezuela",earthquake,8.72,5.153,0.092,35.0,reviewed,us,us,2026
2025-12-17T04:39:20.086Z,10.8074,-62.9704,122.966,4.0,mb,23.0,193.0,1.716,0.62,us,us7000rnpx,2026-03-19T13:55:59.040Z,"30 km NNW of Yaguaraparo, Venezuela",earthquake,11.52,11.617,0.182,8.0,reviewed,us,us,2025
2025-12-08T02:27:14.174Z,12.0222,-69.6299,10.0,4.5,mb,61.0,99.0,3.271,1.14,us,us6000rtah,2026-03-04T18:43:23.040Z,"32 km ENE of Pueblo Nuevo, Venezuela",earthquake,8.36,1.89,0.08,45.0,reviewed,us,us,2025
2025-12-02T04:48:24.805Z,9.9404,-70.8134,10.0,4.6,mb,85.0,52.0,1.064,0.67,us,us7000rf0q,2026-02-25T16:18:42.040Z,"16 km NE of Mene Grande, Venezuela",earthquake,6.6,1.889,0.07,61.0,reviewed,us,us,2025
2025-11-19T01:42:24.535Z,10.8677,-62.8177,164.958,4.1,mb,37.0,164.0,4.17,0.89,us,us6000rsry,2026-02-20T16:07:36.040Z,"33 km N of Yaguaraparo, Venezuela",earthquake,6.8,10.796,0.095,30.0,reviewed,us,us,2025
2025-11-19T01:38:54.364Z,10.9296,-62.7828,122.292,5.0,mww,67.0,92.0,3.959,0.97,us,us6000rp2d,2026-02-20T16:07:29.040Z,"40 km N of Yaguaraparo, Venezuela",earthquake,11.02,7.323,0.056,31.0,reviewed,us,us,2025
2025-10-31T05:13:02.660Z,9.7865,-70.7547,10.0,4.1,mb,21.0,93.0,0.905,0.97,us,us6000rpd5,2026-01-27T17:59:09.040Z,"19 km ESE of Mene Grande, Venezuela",earthquake,8.36,1.926,0.166,10.0,reviewed,us,us,2025
2025-10-24T23:50:55.935Z,10.8149,-61.9692,79.064,4.8,mww,44.0,52.0,3.975,1.07,us,us6000rjbl,2026-01-15T22:46:51.040Z,"44 km NE of Güiria, Venezuela",earthquake,12.03,9.193,0.098,10.0,reviewed,us,us,2025
2025-10-21T07:32:31.903Z,12.2142,-64.7835,10.0,4.5,mb,49.0,65.0,2.047,0.82,us,us6000rieq,2026-01-09T15:38:43.040Z,"153 km NW of Juan Griego, Venezuela",earthquake,6.99,1.914,0.1,33.0,reviewed,us,us,2025
2025-10-15T21:53:16.973Z,10.3125,-62.5177,69.497,4.1,mb,22.0,100.0,2.045,0.75,us,us6000rlqu,2026-01-09T15:38:44.040Z,"37 km SW of Güiria, Venezuela",earthquake,8.23,12.505,0.214,6.0,reviewed,us,us,2025
2025-10-15T10:12:04.411Z,9.9182,-70.7624,10.0,4.5,mb,89.0,149.0,1.036,0.53,us,us6000rh9a,2026-01-09T15:38:36.040Z,"19 km ENE of Mene Grande, Venezuela",earthquake,5.68,1.888,0.061,78.0,reviewed,us,us,2025
2025-10-15T09:30:26.633Z,9.8723,-70.7667,10.0,4.4,mb,24.0,105.0,0.991,0.87,us,us6000rlq3,2026-01-09T15:38:44.040Z,"17 km E of Mene Grande, Venezuela",earthquake,6.14,1.817,0.219,6.0,reviewed,us,us,2025
2025-10-13T16:54:33.656Z,8.9324,-66.8932,8.446,4.3,mb,38.0,68.0,2.58,0.59,us,us6000rled,2026-01-01T23:11:18.040Z,"53 km SSE of El Sombrero, Venezuela",earthquake,7.72,4.189,0.129,17.0,reviewed,us,us,2025
2025-10-08T18:27:24.778Z,11.8935,-70.6363,76.14,4.4,mb,26.0,69.0,0.869,1.04,us,us6000rk92,2026-01-01T23:11:14.040Z,"42 km W of Santa Cruz de los Taques, Venezuela",earthquake,8.75,7.17,0.139,15.0,reviewed,us,us,2025
2025-09-30T11:06:21.244Z,9.8894,-70.9702,10.0,4.5,mb,29.0,171.0,1.053,0.87,us,us6000rip9,2025-12-11T21:40:40.040Z,"6 km NW of Mene Grande, Venezuela",earthquake,10.89,1.935,0.118,21.0,reviewed,us,us,2025
2025-09-25T11:28:22.661Z,9.9307,-70.7656,20.305,4.5,mb,95.0,79.0,1.047,0.69,us,us6000rcta,2025-12-11T21:40:44.040Z,"19 km ENE of Mene Grande, Venezuela",earthquake,5.73,4.981,0.048,130.0,reviewed,us,us,2025
2025-09-25T06:55:38.881Z,9.8621,-70.7516,12.195,5.3,mww,318.0,28.0,0.977,0.62,us,us6000rcrj,2025-12-11T21:40:45.040Z,"19 km E of Mene Grande, Venezuela",earthquake,5.68,3.838,0.069,20.0,reviewed,us,us,2025
2025-09-25T06:42:53.539Z,9.7939,-70.7598,10.0,4.4,mb,39.0,92.0,0.913,0.68,us,us6000rhtc,2025-12-11T21:40:44.040Z,"19 km ESE of Mene Grande, Venezuela",earthquake,7.53,1.91,0.117,21.0,reviewed,us,us,2025
2025-09-25T04:24:14.330Z,9.825,-70.7393,10.0,4.5,mb,37.0,123.0,0.939,0.72,us,us6000rht7,2025-12-11T21:40:43.040Z,"20 km E of Mene Grande, Venezuela",earthquake,10.97,1.916,0.099,30.0,reviewed,us,us,2025
2025-09-25T04:11:37.056Z,9.7922,-70.8698,10.0,4.4,mb,11.0,113.0,0.932,1.04,us,us6000rhuk,2025-12-11T21:40:38.040Z,"8 km SE of Mene Grande, Venezuela",earthquake,8.77,1.969,0.219,6.0,reviewed,us,us,2025
2025-09-25T03:51:39.565Z,9.9355,-70.7081,14.0,6.3,mww,113.0,27.0,1.048,0.94,us,us6000rcqw,2025-12-11T21:40:39.040Z,"25 km ENE of Mene Grande, Venezuela",earthquake,5.72,1.815,0.027,130.0,reviewed,us,us,2025
2025-09-25T02:42:37.878Z,9.7941,-70.7163,10.0,4.9,mww,59.0,67.0,0.908,0.78,us,us6000rcqq,2025-12-11T21:40:42.040Z,"23 km ESE of Mene Grande, Venezuela",earthquake,6.72,1.858,0.083,14.0,reviewed,us,us,2025
2025-09-25T01:18:41.190Z,9.8774,-70.8406,10.0,4.3,mb,17.0,108.0,1.007,0.86,us,us6000rht0,2025-12-11T21:40:40.040Z,"10 km ENE of Mene Grande, Venezuela",earthquake,7.43,1.94,0.148,13.0,reviewed,us,us,2025
2025-09-25T00:01:19.944Z,9.8027,-70.6325,13.602,4.4,mb,12.0,140.0,0.913,0.6,us,us6000rht4,2025-12-11T21:40:46.040Z,"32 km E of Mene Grande, Venezuela",earthquake,6.72,4.948,0.269,4.0,reviewed,us,us,2025
2025-09-24T22:52:14.775Z,9.9265,-70.8178,10.0,4.6,mb,42.0,74.0,1.051,1.08,us,us6000rhll,2025-12-11T21:40:37.040Z,"14 km NE of Mene Grande, Venezuela",earthquake,7.11,1.828,0.089,37.0,reviewed,us,us,2025
2025-09-24T22:33:10.557Z,9.9192,-70.6755,10.0,4.9,mb,61.0,95.0,1.03,1.11,us,us6000rhlk,2025-12-11T21:40:37.040Z,"28 km ENE of Mene Grande, Venezuela",earthquake,7.28,1.871,0.075,55.0,reviewed,us,us,2025
2025-09-24T22:21:55.716Z,9.8668,-70.8781,9.0,6.2,mww,317.0,17.0,1.006,0.67,us,us6000rcnw,2025-12-11T21:40:44.040Z,"5 km ENE of Mene Grande, Venezuela",earthquake,5.41,1.684,0.038,66.0,reviewed,us,us,2025
2025-09-24T21:50:34.896Z,9.9384,-70.7343,10.0,4.2,mb,8.0,202.0,1.053,0.51,us,us6000rhle,2025-12-11T21:40:48.040Z,"23 km ENE of Mene Grande, Venezuela",earthquake,12.44,1.979,0.236,5.0,reviewed,us,us,2025
2025-08-27T20:10:10.376Z,8.8122,-71.2831,14.52,4.4,mb,34.0,72.0,0.645,0.82,us,us6000rc47,2025-11-19T21:59:34.040Z,"17 km S of Tucaní, Venezuela",earthquake,5.49,4.671,0.134,16.0,reviewed,us,us,2025
2025-08-01T23:52:30.935Z,10.7143,-62.8249,109.287,4.7,mb,60.0,84.0,1.818,0.97,us,us6000qxjl,2025-10-17T22:51:42.040Z,"16 km N of Yaguaraparo, Venezuela",earthquake,9.83,7.775,0.035,246.0,reviewed,us,us,2025
2025-06-28T05:35:18.025Z,11.0653,-69.1312,10.0,4.2,mb,12.0,212.0,1.666,1.42,us,us7000q9ag,2025-09-04T20:40:00.040Z,"52 km SSE of Puerto Cumarebo, Venezuela",earthquake,8.79,1.982,0.2,7.0,reviewed,us,us,2025
2025-05-12T06:49:18.727Z,10.9734,-62.3724,93.251,4.5,mb,83.0,84.0,1.35,0.63,us,us7000pysc,2025-07-24T21:30:15.040Z,"44 km N of Güiria, Venezuela",earthquake,6.84,5.437,0.056,93.0,reviewed,us,us,2025
2025-05-12T00:41:44.614Z,10.8661,-62.3886,89.172,5.0,mww,107.0,22.0,1.45,0.71,us,us7000pyqv,2025-07-24T21:30:15.040Z,"33 km NNW of Güiria, Venezuela",earthquake,7.9,2.365,0.062,25.0,reviewed,us,us,2025
2025-05-09T15:48:30.564Z,10.6179,-62.4411,99.591,4.1,mb,23.0,137.0,1.691,1.11,us,us7000q142,2025-07-24T21:30:18.040Z,"16 km WNW of Güiria, Venezuela",earthquake,10.22,9.846,0.233,5.0,reviewed,us,us,2025
2025-04-30T00:39:50.233Z,11.3736,-62.2766,148.12,4.5,mb,62.0,54.0,0.97,0.76,us,us7000pw07,2025-07-12T16:30:39.040Z,"88 km N of Güiria, Venezuela",earthquake,7.24,5.682,0.051,115.0,reviewed,us,us,2025
2025-04-15T00:45:42.748Z,11.2922,-62.1521,135.772,4.5,mb,21.0,68.0,0.967,0.54,us,us7000pw47,2025-06-14T18:26:47.040Z,"80 km NNE of Güiria, Venezuela",earthquake,4.88,8.294,0.145,14.0,reviewed,us,us,2025
2025-03-26T02:12:11.112Z,10.8152,-62.0827,10.0,4.2,mb,21.0,107.0,3.999,1.24,us,us6000q3yl,2025-06-06T21:12:21.040Z,"35 km NE of Güiria, Venezuela",earthquake,9.36,1.998,0.372,2.0,reviewed,us,us,2025
2025-03-05T11:29:00.613Z,10.8002,-62.7577,10.0,4.5,mb,36.0,79.0,1.71,0.59,us,us6000pymk,2025-05-16T17:30:05.040Z,"26 km NNE of Yaguaraparo, Venezuela",earthquake,7.86,1.953,0.124,19.0,reviewed,us,us,2025
2025-02-18T00:42:35.868Z,10.8953,-62.2186,99.506,4.3,mb,34.0,92.0,1.348,0.86,us,us6000pvmn,2025-05-02T16:26:14.040Z,"36 km NNE of Güiria, Venezuela",earthquake,9.3,5.237,0.126,18.0,reviewed,us,us,2025
2025-02-17T05:27:49.768Z,10.8942,-62.2283,105.2,4.4,mb,49.0,93.0,1.353,0.67,us,us7000pe71,2025-05-02T16:26:20.040Z,"35 km NNE of Güiria, Venezuela",earthquake,9.85,8.032,0.09,36.0,reviewed,us,us,2025
2025-01-03T04:34:29.300Z,10.6116,-62.6149,90.04,4.5,mb,44.0,115.0,1.781,0.74,us,us6000phde,2025-03-17T21:34:23.040Z,"23 km ENE of Yaguaraparo, Venezuela",earthquake,8.19,5.613,0.096,32.0,reviewed,us,us,2025
2024-12-24T09:11:50.544Z,10.7353,-68.7586,10.0,4.6,mb,153.0,25.0,2.139,0.42,us,us6000pff9,2025-03-08T22:39:09.040Z,"17 km NNW of Yumare, Venezuela",earthquake,6.82,1.869,0.042,171.0,reviewed,us,us,2024
2024-12-11T18:26:12.710Z,10.7928,-62.351,74.824,4.6,mb,81.0,92.0,1.496,0.92,us,us7000nxxb,2025-02-18T20:02:55.040Z,"24 km NNW of Güiria, Venezuela",earthquake,8.1,5.989,0.078,50.0,reviewed,us,us,2024
2024-12-06T03:30:24.771Z,10.9815,-62.4128,109.362,4.6,mb,94.0,84.0,2.289,0.64,us,us7000nwfw,2025-02-15T18:30:13.040Z,"46 km NNW of Güiria, Venezuela",earthquake,6.73,7.702,0.066,69.0,reviewed,us,us,2024
2024-10-09T16:14:39.718Z,10.6304,-62.4886,110.916,4.4,mb,18.0,143.0,1.702,0.59,us,us7000nnuu,2024-12-23T15:47:48.040Z,"21 km WNW of Güiria, Venezuela",earthquake,8.89,10.258,0.161,11.0,reviewed,us,us,2024
2024-10-07T12:21:30.010Z,10.7792,-62.8681,106.08,4.7,mww,69.0,52.0,1.796,0.97,us,us6000nx1y,2024-12-23T15:45:50.040Z,"23 km N of Yaguaraparo, Venezuela",earthquake,9.54,6.706,0.103,9.0,reviewed,us,us,2024
2024-09-28T11:17:56.021Z,10.9288,-62.4931,127.229,4.2,mb,33.0,158.0,1.451,0.74,us,us6000p01j,2024-12-06T19:30:14.040Z,"44 km NNW of Güiria, Venezuela",earthquake,11.72,8.801,0.084,40.0,reviewed,us,us,2024
2024-09-27T23:39:25.862Z,11.0456,-62.6093,118.671,4.8,mb,114.0,52.0,1.429,0.52,us,us7000ngx7,2024-12-06T19:30:17.040Z,"57 km NNE of Yaguaraparo, Venezuela",earthquake,7.46,2.721,0.053,109.0,reviewed,us,us,2024
2024-09-01T07:47:45.808Z,9.9218,-70.5465,10.616,4.4,mb,29.0,143.0,1.035,1.25,us,us7000ngex,2024-11-09T21:19:31.040Z,"42 km ENE of Mene Grande, Venezuela",earthquake,6.71,4.249,0.107,25.0,reviewed,us,us,2024
2024-08-29T14:19:02.277Z,9.8803,-70.8093,17.254,4.5,mb,29.0,96.0,1.005,0.94,us,us6000nni0,2024-11-09T21:18:41.040Z,"13 km ENE of Mene Grande, Venezuela",earthquake,6.53,4.416,0.108,25.0,reviewed,us,us,2024
2024-08-09T11:22:19.099Z,10.7573,-69.1997,10.0,4.6,mb,70.0,46.0,1.907,1.03,us,us6000nj29,2024-10-24T17:57:45.040Z,"48 km NW of Aroa, Venezuela",earthquake,4.43,1.772,0.08,46.0,reviewed,us,us,2024
2024-07-25T14:11:06.526Z,9.897,-70.7223,18.897,4.7,mwr,70.0,41.0,1.01,0.89,us,us6000nfng,2024-10-08T21:49:12.005Z,"23 km ENE of Mene Grande, Venezuela",earthquake,6.27,1.302,0.093,11.0,reviewed,us,us,2024
2024-07-25T03:09:54.655Z,10.6476,-64.5527,10.0,4.4,mb,29.0,75.0,3.202,0.67,us,us6000nivv,2024-10-08T21:49:14.005Z,"33 km WNW of Araya, Venezuela",earthquake,7.44,1.933,0.189,8.0,reviewed,us,us,2024
2024-07-07T07:07:53.760Z,10.801,-62.499,109.084,4.5,mb,55.0,91.0,1.561,1.04,us,us7000mxju,2024-09-12T21:52:30.040Z,"33 km NW of Güiria, Venezuela",earthquake,8.78,5.03,0.06,83.0,reviewed,us,us,2024
2024-06-23T03:57:58.918Z,10.6921,-62.6868,77.0,6.0,mww,124.0,36.0,1.753,1.09,us,us7000mu1p,2026-06-25T14:35:53.926Z,"20 km NE of Yaguaraparo, Venezuela",earthquake,8.23,1.891,0.035,78.0,reviewed,us,us,2024
2024-06-05T03:31:25.902Z,8.8767,-71.219,17.142,4.6,mb,58.0,62.0,0.578,0.74,us,us7000mqep,2024-08-16T21:59:21.040Z,"11 km SSE of Tucaní, Venezuela",earthquake,4.98,3.803,0.043,162.0,reviewed,us,us,2024
2024-05-25T18:01:41.794Z,11.8202,-69.0665,10.0,4.4,mb,44.0,97.0,1.14,0.64,us,us6000n0z8,2024-08-06T02:10:15.040Z,"48 km NE of Puerto Cumarebo, Venezuela",earthquake,5.72,1.9,0.219,7.0,reviewed,us,us,2024
2024-05-19T18:31:00.300Z,10.711,-65.6449,10.0,4.6,mww,73.0,62.0,4.16,0.74,us,us6000mzpr,2025-04-15T17:04:41.960Z,"55 km ENE of Higuerote, Venezuela",earthquake,2.39,1.887,0.08,15.0,reviewed,us,us,2024
2024-05-03T12:04:36.516Z,9.6863,-72.7936,12.168,4.6,mb,141.0,62.0,2.034,0.74,us,us6000mvzi,2024-07-15T03:58:12.040Z,"49 km SSW of Machiques, Venezuela",earthquake,6.96,3.756,0.047,136.0,reviewed,us,us,2024
2024-05-01T17:33:28.703Z,10.5944,-62.7013,103.664,4.2,mb,54.0,84.0,1.841,0.62,us,us6000mx9m,2024-07-15T03:58:35.040Z,"13 km ENE of Yaguaraparo, Venezuela",earthquake,7.76,8.311,0.093,32.0,reviewed,us,us,2024
2024-04-07T08:03:44.436Z,10.47,-65.0787,10.0,4.5,mb,49.0,67.0,0.57,0.52,us,us7000makp,2024-06-12T21:51:56.040Z,"45 km N of Puerto Píritu, Venezuela",earthquake,4.55,1.89,0.1,29.0,reviewed,us,us,2024
2024-03-29T03:02:29.967Z,9.5397,-69.904,13.324,4.3,mb,42.0,93.0,0.964,0.94,us,us7000m8pf,2024-06-01T21:55:48.040Z,"29 km SSW of El Tocuyo, Venezuela",earthquake,6.71,2.95,0.138,16.0,reviewed,us,us,2024
2024-03-28T23:23:45.752Z,9.6383,-69.977,10.208,4.9,mb,91.0,36.0,0.984,0.64,us,us7000m8nn,2024-06-01T21:55:48.040Z,"26 km SW of El Tocuyo, Venezuela",earthquake,5.59,4.154,0.046,147.0,reviewed,us,us,2024
2024-02-21T03:40:15.949Z,9.3413,-70.0616,10.0,4.1,mb,13.0,155.0,0.725,0.4,us,us7000m1nl,2024-05-02T15:50:14.040Z,"22 km ENE of Boconó, Venezuela",earthquake,6.01,1.949,0.368,2.0,reviewed,us,us,2024
2024-02-06T02:18:02.457Z,10.9578,-62.3946,88.77,4.9,mb,72.0,34.0,2.298,0.63,us,us7000lx8h,2024-04-20T19:33:16.040Z,"43 km NNW of Güiria, Venezuela",earthquake,7.27,5.114,0.037,235.0,reviewed,us,us,2024
2024-02-03T18:33:36.512Z,10.9762,-62.449,96.339,4.9,mww,166.0,22.0,2.254,0.85,us,us7000lwsj,2024-04-13T19:36:50.040Z,"47 km NNW of Güiria, Venezuela",earthquake,7.56,4.934,0.078,16.0,reviewed,us,us,2024
2024-01-25T09:41:10.327Z,9.3386,-70.3853,10.0,4.4,mb,43.0,77.0,0.508,1.09,us,us7000ltnw,2024-03-30T22:33:29.040Z,"6 km ESE of Trujillo, Venezuela",earthquake,5.45,1.848,0.162,11.0,reviewed,us,us,2024
2024-01-07T00:45:11.857Z,4.4022,-61.2719,11.127,4.5,mb,40.0,70.0,8.626,0.49,us,us6000m414,2024-03-09T21:40:51.040Z,"28 km SW of Santa Elena de Uairén, Venezuela",earthquake,10.22,4.264,0.099,30.0,reviewed,us,us,2024
2023-12-28T06:51:58.594Z,10.9242,-70.49,17.868,4.4,mb,39.0,93.0,1.665,0.68,us,us6000m04v,2024-03-02T21:39:32.040Z,"23 km ESE of Dabajuro, Venezuela",earthquake,6.56,5.65,0.103,27.0,reviewed,us,us,2023
2023-12-26T16:11:31.567Z,10.915,-70.5127,25.954,4.5,mb,64.0,43.0,1.649,0.94,us,us7000llij,2024-03-02T21:39:40.040Z,"21 km ESE of Dabajuro, Venezuela",earthquake,5.9,2.91,0.092,35.0,reviewed,us,us,2023
2023-12-07T15:23:35.807Z,10.6659,-65.0829,10.0,4.6,mb,53.0,65.0,5.581,0.86,us,us7000lgxw,2024-02-10T23:47:41.040Z,"67 km N of Puerto Píritu, Venezuela",earthquake,7.8,1.877,0.095,37.0,reviewed,us,us,2023
2023-11-09T02:01:27.144Z,11.6278,-70.305,21.831,4.1,mb,30.0,86.0,1.655,0.73,us,us6000lncp,2024-01-13T23:09:31.040Z,"10 km WSW of Punta Cardón, Venezuela",earthquake,3.33,6.877,0.234,5.0,reviewed,us,us,2023
2023-11-06T19:00:15.845Z,10.7528,-62.353,71.025,4.1,mb,37.0,114.0,3.622,0.62,us,us7000l97h,2024-01-18T21:16:03.304Z,"20 km NNW of G?iria, Venezuela",earthquake,11.32,7.141,0.175,9.0,reviewed,us,us,2023
2023-10-15T06:49:38.706Z,10.871,-62.1483,116.66,4.4,mb,86.0,125.0,3.394,0.47,us,us6000lfp6,2023-12-26T21:24:18.040Z,"36 km NNE of Güiria, Venezuela",earthquake,9.08,5.974,0.055,95.0,reviewed,us,us,2023
2023-09-10T11:34:32.129Z,10.7749,-62.4114,82.466,4.6,mb,85.0,72.0,3.651,0.5,us,us7000kut1,2023-11-18T22:29:32.040Z,"25 km NNW of Güiria, Venezuela",earthquake,8.59,6.074,0.034,266.0,reviewed,us,us,2023
2023-09-04T01:22:08.147Z,10.8399,-62.3807,92.911,4.4,mb,39.0,69.0,3.587,0.57,us,us7000kt3e,2023-11-17T19:47:49.040Z,"30 km NNW of Güiria, Venezuela",earthquake,7.06,12.872,0.179,9.0,reviewed,us,us,2023
2023-08-15T06:14:19.384Z,10.9212,-62.4331,104.743,4.4,mb,33.0,90.0,3.575,0.62,us,us7000kqfs,2023-10-27T21:39:05.040Z,near the coast of Venezuela,earthquake,9.77,9.103,0.075,52.0,reviewed,us,us,2023
2023-08-11T21:45:46.439Z,10.7463,-62.3385,85.865,4.5,mb,35.0,130.0,3.616,0.49,us,us7000kp8i,2023-10-17T22:01:30.040Z,"19 km NNW of Güiria, Venezuela",earthquake,8.67,6.543,0.205,7.0,reviewed,us,us,2023
2023-08-08T20:51:01.082Z,10.3103,-62.3573,13.203,4.8,mb,95.0,53.0,3.929,0.53,us,us6000kyqu,2023-10-17T22:01:28.040Z,"30 km SSW of Güiria, Venezuela",earthquake,9.44,3.801,0.037,235.0,reviewed,us,us,2023
2023-08-06T18:36:12.609Z,10.7782,-62.359,90.49,4.3,mb,44.0,70.0,3.61,0.85,us,us6000l03x,2023-10-17T22:01:26.040Z,"23 km NNW of Güiria, Venezuela",earthquake,9.27,9.498,0.119,20.0,reviewed,us,us,2023
2023-06-30T04:23:10.650Z,12.9502,-70.6809,27.654,4.5,mb,37.0,87.0,1.784,0.72,us,us6000kp10,2023-09-08T14:18:29.040Z,"132 km NNW of Santa Cruz de los Taques, Venezuela",earthquake,6.65,7.507,0.135,16.0,reviewed,us,us,2023
2023-05-25T00:35:11.938Z,10.9465,-62.5897,104.425,4.5,mb,71.0,84.0,1.493,0.76,us,us7000k3mi,2023-07-29T22:00:35.040Z,"49 km NNE of Yaguaraparo, Venezuela",earthquake,4.97,7.203,0.074,54.0,reviewed,us,us,2023
2023-05-21T03:18:15.330Z,10.6084,-62.341,70.048,4.2,mb,33.0,137.0,1.658,0.65,us,us6000kdjp,2023-07-29T22:00:24.040Z,"5 km NW of Güiria, Venezuela",earthquake,11.12,8.943,0.263,4.0,reviewed,us,us,2023
2023-05-11T18:31:40.146Z,10.2152,-63.5223,10.0,4.9,mb,150.0,30.0,2.644,0.77,us,us6000kb70,2023-07-22T19:16:51.040Z,"24 km ENE of San Antonio, Venezuela",earthquake,7.29,1.803,0.03,336.0,reviewed,us,us,2023
2023-04-30T04:59:17.552Z,9.3074,-69.804,10.0,4.6,mb,65.0,67.0,0.913,0.89,us,us7000jx45,2023-07-15T22:10:34.040Z,"Lara - Portuguesa region, Venezuela",earthquake,3.69,1.829,0.089,38.0,reviewed,us,us,2023
2023-04-27T18:18:20.997Z,10.1348,-62.9908,10.106,4.6,mb,29.0,132.0,2.38,0.83,us,us7000jxtv,2023-07-11T01:44:58.040Z,"12 km ENE of Caripito, Venezuela",earthquake,9.98,5.454,0.141,15.0,reviewed,us,us,2023
2023-04-24T13:38:38.230Z,10.6549,-62.2962,89.96,4.6,mb,70.0,107.0,1.598,0.84,us,us6000k6rv,2023-07-11T01:45:31.040Z,near the coast of Venezuela,earthquake,8.91,7.16,0.077,50.0,reviewed,us,us,2023
2023-03-28T17:13:40.874Z,12.6167,-70.9912,47.638,4.5,mb,154.0,54.0,1.336,0.59,us,us6000k0e4,2023-06-03T22:06:03.040Z,near the coast of Venezuela,earthquake,7.87,6.413,0.04,188.0,reviewed,us,us,2023
2023-03-03T20:10:19.597Z,8.2866,-72.2121,13.978,4.6,mb,82.0,81.0,1.67,0.57,us,us7000jh60,2023-05-08T02:00:39.040Z,"8 km NNE of La Fría, Venezuela",earthquake,2.49,3.805,0.068,72.0,reviewed,us,us,2023
2023-02-22T13:02:59.298Z,10.7137,-62.3421,117.467,4.3,mb,25.0,154.0,1.563,0.35,us,us7000jgtz,2023-04-29T21:57:26.040Z,"15 km NNW of Güiria, Venezuela",earthquake,11.36,6.129,0.148,13.0,reviewed,us,us,2023
2023-01-02T18:08:00.212Z,9.7528,-69.6309,10.0,4.5,mb,53.0,72.0,1.306,1.09,us,us7000j1mr,2023-03-11T22:51:33.040Z,"18 km ESE of El Tocuyo, Venezuela",earthquake,7.42,1.856,0.089,37.0,reviewed,us,us,2023
2023-01-02T02:14:44.802Z,10.5549,-62.3692,89.663,4.4,mb,65.0,92.0,1.717,0.62,us,us7000j43p,2023-03-11T22:51:46.040Z,"8 km WSW of Güiria, Venezuela",earthquake,8.7,6.501,0.088,37.0,reviewed,us,us,2023
2022-12-27T06:56:57.794Z,10.6144,-62.5748,99.273,4.3,mb,32.0,105.0,1.758,0.35,us,us7000j35c,2024-01-18T19:06:11.334Z,"27 km E of Yaguaraparo, Venezuela",earthquake,10.06,8.14,0.109,24.0,reviewed,us,us,2022
2022-11-30T02:21:12.477Z,10.5912,-62.5791,97.273,4.7,mb,134.0,91.0,1.78,0.69,us,us6000j5ns,2023-02-05T23:25:25.040Z,"30 km W of Güiria, Venezuela",earthquake,9.13,7.132,0.051,116.0,reviewed,us,us,2022
2022-10-10T17:08:24.729Z,11.0168,-71.1066,46.589,4.3,mb,37.0,61.0,1.104,0.82,us,us6000isir,2022-12-17T22:53:50.040Z,"67 km NE of Maracaibo, Venezuela",earthquake,5.93,3.47,0.201,7.0,reviewed,us,us,2022
2022-10-09T22:18:07.942Z,10.7138,-62.3349,99.368,4.7,mb,57.0,92.0,1.56,0.59,us,us6000iscy,2022-12-17T22:53:47.040Z,"15 km NNW of Güiria, Venezuela",earthquake,10.35,7.843,0.053,107.0,reviewed,us,us,2022
2022-09-18T02:11:43.003Z,9.1934,-69.994,10.0,4.3,mb,25.0,119.0,0.695,1.11,us,us7000i8yr,2022-11-26T20:57:36.040Z,"32 km WNW of Guanare, Venezuela",earthquake,6.66,1.935,0.216,6.0,reviewed,us,us,2022
2022-09-14T09:01:47.425Z,10.4425,-62.5188,99.403,4.4,mb,26.0,184.0,1.882,0.71,us,us7000i9ws,2022-11-19T23:03:46.040Z,"28 km WSW of Güiria, Venezuela",earthquake,12.41,7.725,0.19,8.0,reviewed,us,us,2022
2022-09-13T14:14:01.239Z,10.4844,-65.2776,6.358,4.7,mb,84.0,26.0,3.913,0.51,us,us7000i7nn,2022-11-19T23:02:56.040Z,"75 km WNW of Barcelona, Venezuela",earthquake,6.57,3.527,0.045,151.0,reviewed,us,us,2022
2022-08-20T05:17:03.026Z,11.1418,-62.4177,130.261,4.4,mb,49.0,88.0,1.236,0.83,us,us6000icbb,2022-11-01T15:12:31.040Z,"63 km NNW of Güiria, Venezuela",earthquake,11.55,10.06,0.088,37.0,reviewed,us,us,2022
2022-08-13T07:10:07.001Z,8.6338,-71.524,10.0,4.4,mb,32.0,114.0,3.083,0.66,us,us6000iaha,2022-10-28T02:25:36.040Z,"14 km E of El Vigía, Venezuela",earthquake,8.9,2.0,0.269,4.0,reviewed,us,us,2022
2022-07-25T03:58:53.873Z,10.2603,-62.1655,10.271,4.4,mb,71.0,84.0,1.927,0.76,us,us7000ht8v,2022-10-01T22:09:49.040Z,"37 km SSE of Güiria, Venezuela",earthquake,6.67,2.863,0.068,62.0,reviewed,us,us,2022
2022-07-14T19:16:58.990Z,10.7317,-62.6013,107.65,5.3,mww,132.0,31.0,1.673,0.97,us,us6000i2g9,2022-09-24T21:25:37.040Z,"37 km WNW of Güiria, Venezuela",earthquake,7.8,4.4,0.054,33.0,reviewed,us,us,2022
2022-07-07T02:34:33.050Z,10.0669,-70.7265,10.0,4.3,mb,24.0,144.0,1.179,0.76,us,us6000i23b,2022-09-13T06:26:03.040Z,"58 km E of Lagunillas, Venezuela",earthquake,5.1,1.824,0.154,12.0,reviewed,us,us,2022
2022-07-04T13:22:38.388Z,7.5791,-72.115,44.12,4.1,mb,19.0,122.0,1.931,0.93,us,us6000i0vh,2022-09-13T06:24:39.040Z,"24 km SSE of San Cristóbal, Venezuela",earthquake,7.5,9.2,0.197,7.0,reviewed,us,us,2022
2022-07-04T08:26:53.761Z,10.4451,-62.4282,59.571,4.2,mb,50.0,87.0,1.841,0.34,us,us6000i0uz,2022-09-13T06:24:34.040Z,near the coast of Venezuela,earthquake,5.54,9.517,0.132,16.0,reviewed,us,us,2022
2022-06-08T04:39:19.425Z,8.6017,-71.4059,10.0,4.5,mb,48.0,30.0,0.812,0.47,us,us7000hftl,2022-08-13T21:53:17.040Z,"Merida, Venezuela",earthquake,5.1,1.8,0.06,82.0,reviewed,us,us,2022
2022-04-29T10:11:59.279Z,9.6447,-69.457,10.0,4.2,mb,88.0,41.0,1.386,0.36,us,us7000h5tj,2022-07-05T03:41:56.040Z,"24 km WNW of Araure, Venezuela",earthquake,3.5,1.9,0.08,46.0,reviewed,us,us,2022
2022-04-27T21:35:18.531Z,10.7984,-62.2547,95.73,4.7,mb,119.0,31.0,1.45,0.58,us,us7000h5h9,2022-07-05T03:41:28.040Z,"24 km N of Güiria, Venezuela",earthquake,8.4,6.6,0.06,84.0,reviewed,us,us,2022
2022-04-26T14:35:08.382Z,10.5707,-62.6103,84.4,4.3,mb,45.0,69.0,1.813,0.5,us,us7000h6nz,2022-07-05T03:40:57.040Z,"34 km W of Güiria, Venezuela",earthquake,6.1,8.0,0.097,30.0,reviewed,us,us,2022
2022-04-20T07:48:53.462Z,10.2784,-62.6279,40.2,4.3,mb,,131.0,2.075,1.02,us,us7000h6g4,2022-06-26T01:19:59.040Z,near the coast of Venezuela,earthquake,9.7,10.7,0.147,13.0,reviewed,us,us,2022
2022-04-06T09:22:15.978Z,10.8337,-62.7585,106.98,4.9,mb,,65.0,1.684,0.76,us,us7000h046,2022-08-06T07:01:11.041Z,"57 km ENE of Carúpano, Venezuela",earthquake,6.5,6.5,0.045,156.0,reviewed,us,us,2022
2022-03-15T17:06:47.299Z,9.1959,-66.6151,10.0,4.5,mb,,73.0,3.973,0.94,us,us6000h4s0,2022-05-27T14:55:27.040Z,"66 km W of Valle de La Pascua, Venezuela",earthquake,5.7,1.8,0.082,46.0,reviewed,us,us,2022
2022-03-03T04:49:58.887Z,11.3317,-62.2397,130.11,4.3,mb,,62.0,0.98,0.85,us,us6000h1mp,2022-05-07T21:32:45.040Z,"83 km N of Güiria, Venezuela",earthquake,9.2,6.5,0.148,13.0,reviewed,us,us,2022
2022-03-01T17:28:48.418Z,8.9759,-71.0695,23.02,4.4,mb,,71.0,0.439,0.96,us,us6000h247,2022-05-07T21:32:53.040Z,"43 km NNE of Mérida, Venezuela",earthquake,6.0,5.0,0.098,31.0,reviewed,us,us,2022
2022-03-01T07:59:12.702Z,9.0401,-71.1107,10.0,4.2,mb,,46.0,0.495,1.16,us,us6000h23x,2022-05-07T21:32:52.040Z,"50 km N of Mérida, Venezuela",earthquake,5.4,1.9,0.14,14.0,reviewed,us,us,2022
2022-01-24T04:07:21.738Z,11.2837,-62.1048,135.11,4.1,mb,,112.0,0.952,1.31,us,us7000ggqn,2022-04-09T20:18:56.040Z,"80 km NNE of Güiria, Venezuela",earthquake,10.9,8.6,0.146,13.0,reviewed,us,us,2022
2022-01-19T08:08:08.910Z,10.4457,-63.244,52.24,4.3,mb,,73.0,2.289,0.88,us,us7000gfkk,2022-04-01T17:40:35.040Z,"24 km S of Carúpano, Venezuela",earthquake,8.8,11.7,0.267,4.0,reviewed,us,us,2022
2022-01-19T02:59:47.979Z,11.0525,-62.3631,96.77,4.8,mb,,62.0,1.278,0.58,us,us7000gd2r,2022-04-01T17:40:18.040Z,"53 km N of Güiria, Venezuela",earthquake,7.7,6.0,0.051,122.0,reviewed,us,us,2022
2022-01-15T06:12:18.216Z,10.596,-62.3556,74.73,4.1,mb,,38.0,3.728,0.75,us,us7000gc6y,2022-04-01T17:40:10.040Z,"6 km WNW of Güiria, Venezuela",earthquake,9.3,7.1,0.14,14.0,reviewed,us,us,2022
2021-12-07T19:43:48.426Z,10.4172,-62.3496,10.0,5.1,mb,,22.0,1.836,0.59,us,us6000ga6a,2022-02-12T23:06:27.040Z,"18 km SSW of Güiria, Venezuela",earthquake,6.9,1.8,0.037,232.0,reviewed,us,us,2021
2021-12-07T17:15:56.594Z,10.4133,-62.3345,10.0,5.1,mww,,24.0,1.834,0.79,us,us6000ga4p,2022-02-12T23:06:26.040Z,"18 km SSW of Güiria, Venezuela",earthquake,7.2,1.7,0.093,11.0,reviewed,us,us,2021
2021-09-27T00:59:39.372Z,7.5736,-72.2207,10.0,4.2,mb,,84.0,1.877,0.66,us,us6000fqqk,2021-12-04T14:28:41.040Z,"20 km SE of Rubio, Venezuela",earthquake,7.3,1.9,0.105,25.0,reviewed,us,us,2021
2021-09-25T16:39:45.080Z,10.243,-69.6961,19.94,4.6,mb,,44.0,2.681,1.1,us,us7000feed,2021-12-04T14:29:34.040Z,"35 km NNW of Quíbor, Venezuela",earthquake,7.0,4.3,0.055,99.0,reviewed,us,us,2021
2021-08-30T16:16:43.509Z,10.6047,-62.3321,76.62,4.9,mb,,68.0,1.657,0.79,us,us7000f5qr,2021-11-06T20:28:45.040Z,"4 km NW of Güiria, Venezuela",earthquake,6.1,6.1,0.03,342.0,reviewed,us,us,2021
2021-08-26T01:40:50.614Z,9.588,-69.2393,10.0,4.8,mww,,26.0,3.426,0.76,us,us7000f3zf,2021-11-02T14:55:21.040Z,"0 km N of Araure, Venezuela",earthquake,6.7,1.8,0.071,19.0,reviewed,us,us,2021
2021-08-23T16:00:13.213Z,11.4317,-62.5258,45.28,4.5,mb,,128.0,1.101,1.29,us,us7000f734,2021-11-02T14:56:15.040Z,"97 km NNW of Güiria, Venezuela",earthquake,8.4,7.7,0.221,9.0,reviewed,us,us,2021
2021-08-13T02:33:47.757Z,10.7836,-62.1884,82.8,4.4,mb,,108.0,1.439,0.74,us,us7000f329,2021-10-29T14:46:35.040Z,"25 km NNE of Güiria, Venezuela",earthquake,11.1,9.8,0.169,10.0,reviewed,us,us,2021
2021-07-16T09:26:16.536Z,8.8365,-70.5486,16.68,4.4,mb,,124.0,0.091,0.57,us,us7000emgk,2021-09-25T21:07:48.040Z,"17 km WNW of Barinitas, Venezuela",earthquake,4.9,2.7,0.112,23.0,reviewed,us,us,2021
2021-06-12T06:18:28.328Z,10.4856,-62.7686,10.0,5.0,mb,,29.0,1.968,0.74,us,us7000eccd,2021-08-26T21:59:09.040Z,"52 km W of Güiria, Venezuela",earthquake,5.4,1.9,0.079,51.0,reviewed,us,us,2021
2021-06-03T17:17:32.180Z,9.9933,-70.0634,10.0,5.1,mb,,26.0,1.232,0.57,us,us7000e9hi,2025-12-22T19:01:50.158Z,"19 km S of Carora, Venezuela",earthquake,4.9,1.8,0.024,592.0,reviewed,us,us,2021
2021-05-24T22:52:12.122Z,7.4309,-71.9647,10.0,4.4,mb,,75.0,1.889,0.74,us,us6000efit,2021-07-31T22:09:24.040Z,"46 km SE of San Cristóbal, Venezuela",earthquake,6.8,1.8,0.084,41.0,reviewed,us,us,2021
2021-04-29T04:43:56.426Z,12.4864,-66.2603,15.02,4.2,mb,,56.0,4.515,0.79,us,us7000dyfl,2021-07-07T18:37:31.040Z,"217 km NNE of Caraballeda, Venezuela",earthquake,4.1,6.0,0.199,7.0,reviewed,us,us,2021
2021-04-11T13:17:40.915Z,9.3468,-69.7044,7.59,4.4,mb,,57.0,1.026,0.57,us,us6000e25b,2021-06-19T21:26:05.040Z,"33 km N of Guanare, Venezuela",earthquake,4.2,5.0,0.105,26.0,reviewed,us,us,2021
2021-03-25T06:48:17.836Z,10.5215,-62.8521,10.0,4.4,mb,,53.0,1.985,0.77,us,us6000dw98,2021-06-02T15:22:47.040Z,"46 km ESE of Carúpano, Venezuela",earthquake,5.1,2.0,0.24,5.0,reviewed,us,us,2021
2021-03-23T02:48:43.676Z,7.4372,-71.9324,30.0,4.4,mwr,,92.0,1.913,0.67,us,us6000dvlv,2021-06-02T15:22:17.040Z,"48 km SE of San Cristóbal, Venezuela",earthquake,6.0,4.0,0.086,13.0,reviewed,us,us,2021
2021-03-20T17:10:57.985Z,10.2173,-62.6252,30.11,4.3,mb,,96.0,2.128,0.58,us,us6000dwsx,2021-06-02T15:23:07.040Z,"53 km SW of Güiria, Venezuela",earthquake,6.7,8.5,0.143,14.0,reviewed,us,us,2021
2021-01-30T05:44:53.501Z,10.5898,-62.5292,103.81,4.6,mb,,136.0,1.756,0.84,us,us6000derm,2021-04-16T19:03:37.040Z,"25 km W of Güiria, Venezuela",earthquake,8.7,14.9,0.192,8.0,reviewed,us,us,2021
2021-01-14T14:45:11.461Z,10.6076,-62.7629,110.14,4.6,mb,,130.0,4.39,0.9,us,us7000d2e5,2021-03-20T21:25:40.040Z,"50 km W of Güiria, Venezuela",earthquake,9.3,6.2,0.068,64.0,reviewed,us,us,2021
2021-01-06T02:35:44.784Z,10.5119,-62.5656,10.0,4.4,mb,,92.0,1.842,1.2,us,us6000d5yt,2021-03-13T22:59:28.040Z,"30 km WSW of Güiria, Venezuela",earthquake,10.2,1.9,0.1,29.0,reviewed,us,us,2021
2020-12-19T06:48:11.622Z,8.5995,-70.5689,11.9,4.7,mb,,65.0,0.289,0.92,us,us7000csd9,2021-02-27T23:26:05.040Z,"24 km SW of Barinitas, Venezuela",earthquake,5.0,4.8,0.076,53.0,reviewed,us,us,2020
2020-11-20T23:58:22.546Z,10.4901,-69.1557,10.0,4.6,mb,,38.0,2.154,0.89,us,us6000cr3g,2021-02-03T17:49:48.040Z,"45 km N of Yaritagua, Venezuela",earthquake,6.5,1.8,0.04,188.0,reviewed,us,us,2020
2020-10-17T10:46:12.433Z,10.8341,-63.8009,10.0,4.5,mb,,56.0,4.597,0.41,us,us6000c8z7,2020-12-29T23:07:31.040Z,"15 km SSE of Porlamar, Venezuela",earthquake,8.3,1.9,0.15,13.0,reviewed,us,us,2020
2020-10-13T11:54:17.481Z,10.7936,-63.869,10.0,4.4,mb,,77.0,4.602,1.1,us,us6000c843,2020-12-19T17:22:52.040Z,"18 km S of Porlamar, Venezuela",earthquake,7.7,1.9,0.139,15.0,reviewed,us,us,2020
2020-09-05T00:57:43.673Z,10.6633,-62.1478,50.17,4.7,mwr,,32.0,1.538,0.95,us,us7000bi87,2020-11-17T19:44:37.040Z,near the coast of Venezuela,earthquake,6.7,4.7,0.075,17.0,reviewed,us,us,2020
2020-08-17T15:33:34.317Z,10.8245,-62.2776,85.0,4.5,mb,,71.0,1.436,0.81,us,us6000bfzg,2020-10-24T20:08:59.040Z,"27 km N of Güiria, Venezuela",earthquake,5.9,6.7,0.108,25.0,reviewed,us,us,2020
2020-08-02T00:03:45.958Z,10.7529,-62.5634,92.2,4.9,mww,,28.0,1.635,0.78,us,us6000b885,2026-02-28T13:17:19.775Z,"34 km NW of Güiria, Venezuela",earthquake,7.3,3.7,0.075,17.0,reviewed,us,us,2020
2020-07-28T15:46:47.713Z,10.5412,-62.6486,10.0,4.6,mb,,47.0,1.858,1.07,us,us6000b5di,2020-10-03T17:32:29.040Z,"38 km W of Güiria, Venezuela",earthquake,5.5,1.9,0.072,57.0,reviewed,us,us,2020
2020-07-26T09:20:51.515Z,7.851,-67.7659,10.0,4.3,mb,,62.0,3.011,0.41,us,us6000b6sv,2020-10-03T17:32:33.040Z,"32 km W of San Fernando de Apure, Venezuela",earthquake,7.5,2.0,0.267,4.0,reviewed,us,us,2020
2020-07-13T08:42:09.097Z,9.3742,-69.8594,10.0,4.6,mb,,45.0,0.906,0.71,us,us7000amnl,2020-09-19T20:58:16.040Z,"38 km NNW of Guanare, Venezuela",earthquake,6.8,1.8,0.042,173.0,reviewed,us,us,2020
2020-07-12T15:08:49.349Z,9.4142,-69.8602,10.0,5.1,mww,,43.0,0.928,0.67,us,us7000amar,2025-12-22T18:37:54.989Z,"41 km S of El Tocuyo, Venezuela",earthquake,6.8,1.9,0.083,14.0,reviewed,us,us,2020
2020-06-26T10:33:48.509Z,11.3321,-70.7841,129.87,4.5,mb,,45.0,2.437,0.72,us,us7000ac0z,2020-09-05T17:35:23.040Z,"71 km WSW of Punta Cardón, Venezuela",earthquake,10.4,2.9,0.042,168.0,reviewed,us,us,2020
2020-06-11T09:39:41.952Z,10.7896,-65.559,10.0,4.4,mb,,33.0,4.053,1.26,us,us6000a9uk,2020-08-22T19:14:44.040Z,"113 km ENE of Guatire, Venezuela",earthquake,4.6,1.7,0.111,23.0,reviewed,us,us,2020
2020-05-09T13:30:07.012Z,10.5671,-62.5639,82.8,4.5,mb,,110.0,1.793,1.1,us,us70009dbc,2020-07-29T22:14:24.040Z,"29 km W of Güiria, Venezuela",earthquake,6.2,7.5,0.128,18.0,reviewed,us,us,2020
2020-03-16T00:09:13.571Z,10.3725,-62.608,27.54,4.9,mb,,31.0,1.983,0.99,us,us60008g99,2020-05-30T22:17:12.040Z,"40 km SW of Güiria, Venezuela",earthquake,6.8,4.1,0.025,516.0,reviewed,us,us,2020
2020-03-06T02:44:51.074Z,10.9573,-62.3295,98.66,4.7,mww,,31.0,1.342,1.08,us,us60008asl,2020-05-23T22:03:21.040Z,"42 km N of Güiria, Venezuela",earthquake,7.3,5.2,0.098,10.0,reviewed,us,us,2020
2020-02-29T02:25:21.428Z,10.5945,-62.4825,94.11,4.6,mb,,66.0,1.73,1.04,us,us600086p9,2020-05-19T22:14:11.040Z,near the coast of Venezuela,earthquake,6.8,6.9,0.062,77.0,reviewed,us,us,2020
2020-01-28T04:24:08.365Z,10.2821,-62.2086,39.99,4.8,mb,,62.0,1.917,0.65,us,us60007hxa,2020-04-11T18:21:00.040Z,"34 km SSE of Güiria, Venezuela",earthquake,7.2,5.5,0.033,277.0,reviewed,us,us,2020
2020-01-26T11:05:54.626Z,10.671,-65.4201,10.0,4.0,mb,,52.0,3.968,0.87,us,us60007gv0,2020-04-11T18:20:54.040Z,"99 km NW of Barcelona, Venezuela",earthquake,8.0,2.0,0.298,3.0,reviewed,us,us,2020
2019-11-28T00:54:24.273Z,10.6519,-62.5714,108.93,4.4,mb,,86.0,1.724,0.85,us,us60006pda,2020-02-19T18:57:55.040Z,"30 km WNW of Güiria, Venezuela",earthquake,9.5,8.4,0.148,13.0,reviewed,us,us,2019
2019-11-22T15:05:09.491Z,10.8756,-71.3001,10.0,3.6,ml,,166.0,2.085,0.61,us,us70006c3w,2020-02-14T22:02:14.040Z,"41 km NE of Maracaibo, Venezuela",earthquake,7.7,2.0,0.181,4.0,reviewed,us,us,2019
2019-11-13T16:07:36.636Z,10.963,-61.9952,81.01,4.2,mb,,92.0,1.209,0.97,us,us70006aji,2020-02-07T20:20:39.040Z,"54 km NE of Güiria, Venezuela",earthquake,10.0,9.2,0.372,2.0,reviewed,us,us,2019
2019-11-08T08:11:17.773Z,10.6489,-62.0307,51.04,4.6,mb,,81.0,1.519,1.0,us,us60006924,2020-02-01T23:21:56.040Z,"30 km ENE of Güiria, Venezuela",earthquake,7.3,8.4,0.111,24.0,reviewed,us,us,2019
2019-10-14T19:28:19.427Z,10.5098,-62.4466,92.9,4.9,mb,,137.0,1.79,0.76,us,us70005u58,2019-12-28T20:46:02.040Z,"17 km WSW of Güiria, Venezuela",earthquake,8.5,7.9,0.103,30.0,reviewed,us,us,2019
2019-09-09T18:05:17.123Z,10.5125,-64.4206,10.0,5.4,mww,,29.0,3.154,0.71,us,us70005drn,2025-12-22T18:16:11.834Z,"26 km WNW of Cumaná, Venezuela",earthquake,6.9,1.8,0.047,44.0,reviewed,us,us,2019
2019-08-28T01:35:41.595Z,10.2358,-67.8911,17.75,4.4,mb,,50.0,1.292,1.05,us,us700058zw,2019-11-15T17:19:00.040Z,"1 km NW of Guacara, Venezuela",earthquake,6.2,5.3,0.149,13.0,reviewed,us,us,2019
2019-08-24T15:49:23.704Z,10.3733,-69.2849,10.0,4.1,mb,,57.0,1.876,1.34,us,us700057v3,2019-11-08T22:13:46.040Z,"35 km NNE of Barquisimeto, Venezuela",earthquake,3.9,2.0,0.213,6.0,reviewed,us,us,2019
2019-08-19T10:45:31.651Z,10.4978,-62.6845,10.0,4.6,mb,,86.0,1.913,0.91,us,us600056xy,2019-11-02T15:26:17.040Z,"43 km WSW of Güiria, Venezuela",earthquake,7.8,1.9,0.091,36.0,reviewed,us,us,2019
2019-08-17T11:02:26.066Z,8.6771,-61.132,10.0,4.3,mb,,93.0,3.471,0.96,us,us600056e5,2019-11-02T15:26:11.040Z,"109 km ESE of Tucupita, Venezuela",earthquake,8.1,1.9,0.129,17.0,reviewed,us,us,2019
2019-07-22T10:00:33.012Z,8.7571,-71.3161,33.29,4.4,mb,,62.0,0.685,1.36,us,us70004qeu,2019-10-04T16:37:36.040Z,"24 km NNW of Ejido, Venezuela",earthquake,3.3,6.0,0.078,47.0,reviewed,us,us,2019
2019-06-18T11:28:23.210Z,10.8382,-62.4158,77.61,4.4,mb,,117.0,1.487,0.96,us,us600042e3,2019-09-11T15:19:07.040Z,"31 km NNW of Güiria, Venezuela",earthquake,7.6,6.0,0.084,41.0,reviewed,us,us,2019
2019-05-31T19:29:07.979Z,10.6905,-62.5334,67.6,4.6,mb,,132.0,1.672,0.65,us,us70003tvh,2019-08-24T21:17:40.040Z,"28 km WNW of Güiria, Venezuela",earthquake,9.4,7.8,0.194,8.0,reviewed,us,us,2019
2019-04-28T17:48:22.052Z,9.305,-63.0678,23.34,4.9,mww,,80.0,3.134,1.2,us,us70003dgt,2019-07-13T18:42:49.040Z,"50 km SSE of Maturín, Venezuela",earthquake,3.5,4.3,0.089,12.0,reviewed,us,us,2019
2019-04-16T08:40:48.043Z,10.246,-67.9409,10.0,3.5,mb_lg,,78.0,1.298,0.7,us,us700036xr,2019-06-26T20:54:42.040Z,"7 km WNW of Guacara, Venezuela",earthquake,4.6,2.0,0.255,4.0,reviewed,us,us,2019
2019-03-17T07:49:11.557Z,10.0494,-72.5531,153.18,4.3,mb,,63.0,1.981,1.0,us,us1000jhcf,2019-06-01T21:24:21.040Z,"1 km S of Machiques, Venezuela",earthquake,7.5,8.5,0.044,143.0,reviewed,us,us,2019
2019-03-09T16:28:20.620Z,12.2611,-69.9253,10.0,2.9,mb_lg,,100.0,0.949,0.78,us,us1000jdca,2019-05-24T21:21:28.040Z,"69 km NNE of Punto Fijo, Venezuela",earthquake,3.1,2.0,0.255,4.0,reviewed,us,us,2019
2019-02-10T22:52:53.750Z,10.24,-62.3438,10.0,4.6,mb,,103.0,1.998,0.89,us,us2000jg41,2019-04-25T15:32:06.040Z,"37 km S of Güiria, Venezuela",earthquake,6.6,1.9,0.069,63.0,reviewed,us,us,2019
2019-01-29T07:33:23.340Z,10.2713,-67.9453,18.55,4.1,mb,,81.0,1.323,0.56,us,us2000jhd3,2019-04-18T19:09:40.040Z,"9 km WNW of Guacara, Venezuela",earthquake,6.1,5.4,0.368,2.0,reviewed,us,us,2019
2019-01-23T10:44:48.800Z,10.6804,-62.9008,107.78,4.5,mb,,92.0,1.891,0.76,us,us2000j7rh,2019-04-12T17:14:13.040Z,"38 km E of Carúpano, Venezuela",earthquake,8.3,7.6,0.135,16.0,reviewed,us,us,2019
2019-01-15T06:25:53.000Z,10.4999,-63.1354,10.0,4.5,mb,,64.0,2.177,0.62,us,us2000j41e,2019-04-05T21:40:58.040Z,"22 km SE of Carúpano, Venezuela",earthquake,6.4,1.9,0.059,84.0,reviewed,us,us,2019
2019-01-15T04:59:24.250Z,10.4753,-63.0995,10.0,4.9,mb,,64.0,2.173,0.5,us,us2000j40z,2019-04-05T21:40:58.040Z,"26 km SE of Carúpano, Venezuela",earthquake,7.9,1.9,0.04,194.0,reviewed,us,us,2019
2019-01-07T17:41:46.230Z,10.4629,-63.0537,10.0,4.8,mb,,71.0,2.153,0.56,us,us2000j15k,2019-03-08T17:50:19.040Z,"31 km SE of Carúpano, Venezuela",earthquake,5.3,1.9,0.068,66.0,reviewed,us,us,2019
2019-01-07T17:39:51.220Z,10.4078,-63.1155,10.0,4.3,mb,,76.0,2.234,0.64,us,us2000j8ay,2019-03-08T17:50:23.040Z,"32 km SSE of Carúpano, Venezuela",earthquake,5.7,1.9,0.267,4.0,reviewed,us,us,2019
2019-01-07T10:21:14.580Z,10.5128,-63.2327,10.0,4.4,mb,,118.0,2.233,1.22,us,us2000j11v,2019-03-08T17:50:18.040Z,"17 km S of Carúpano, Venezuela",earthquake,3.7,2.0,0.112,23.0,reviewed,us,us,2019
2019-01-07T05:08:04.910Z,10.4888,-63.164,20.48,4.6,mb,,64.0,2.204,1.06,us,us2000j0zl,2019-03-08T17:50:18.040Z,"21 km SSE of Carúpano, Venezuela",earthquake,5.9,5.2,0.056,96.0,reviewed,us,us,2019
2018-12-27T09:24:20.600Z,10.2521,-67.9488,10.0,4.9,mb,,35.0,1.303,0.7,us,us2000iy16,2023-03-11T02:15:33.291Z,"8 km WNW of Guacara, Venezuela",earthquake,7.2,1.9,0.039,212.0,reviewed,us,us,2018
2018-12-27T09:13:00.040Z,10.3201,-67.8486,10.0,4.2,mb,,94.0,1.381,0.29,us,us2000j44m,2019-03-05T17:46:35.040Z,"8 km NW of San Joaquín, Venezuela",earthquake,4.9,2.0,0.237,5.0,reviewed,us,us,2018
2018-12-27T08:59:11.240Z,10.2636,-67.9035,8.0,5.4,mww,,58.0,1.318,0.65,us,us2000iy0q,2022-05-03T19:42:59.914Z,"5 km NW of Guacara, Venezuela",earthquake,5.7,1.8,0.045,47.0,reviewed,us,us,2018
2018-12-24T19:08:21.200Z,10.3076,-62.6054,10.0,4.5,mb,,71.0,2.039,0.46,us,us2000ix7i,2019-03-05T17:46:32.040Z,"44 km SW of Güiria, Venezuela",earthquake,7.6,1.9,0.077,49.0,reviewed,us,us,2018
2018-12-14T12:41:21.340Z,10.6072,-69.4305,10.0,4.6,mb,,70.0,1.63,0.61,us,us2000ivch,2019-02-16T22:29:08.040Z,"60 km N of Barquisimeto, Venezuela",earthquake,6.4,1.9,0.151,13.0,reviewed,us,us,2018
2018-12-05T09:33:01.410Z,10.5035,-68.6432,10.0,4.7,mb,,40.0,1.659,0.79,us,us1000i2ms,2019-02-16T19:52:22.040Z,"21 km NNE of San Felipe, Venezuela",earthquake,5.3,1.8,0.063,76.0,reviewed,us,us,2018
2018-11-28T15:00:06.820Z,9.3617,-70.6608,7.46,4.6,mb,,46.0,0.475,0.98,us,us1000hxfy,2022-08-08T10:21:50.972Z,"7 km NW of Valera, Venezuela",earthquake,5.2,3.2,0.069,62.0,reviewed,us,us,2018
2018-11-24T20:41:13.360Z,9.3095,-70.6681,18.92,5.2,mww,,22.0,0.424,0.78,us,us1000hw7f,2022-05-03T19:39:40.369Z,"7 km W of Valera, Venezuela",earthquake,5.5,3.2,0.046,45.0,reviewed,us,us,2018
2018-11-22T15:11:28.230Z,10.3417,-62.182,24.57,4.7,mb,,85.0,1.853,0.71,us,us1000hvfd,2019-02-02T20:02:28.040Z,"29 km SSE of Güiria, Venezuela",earthquake,7.7,6.5,0.082,46.0,reviewed,us,us,2018
2018-11-20T12:37:45.640Z,11.2634,-70.593,10.0,4.4,mb,,70.0,1.359,0.67,us,us1000hx3v,2019-02-02T20:02:31.040Z,"60 km SW of Punta Cardón, Venezuela",earthquake,3.9,1.9,0.084,41.0,reviewed,us,us,2018
2018-11-17T20:13:45.800Z,8.5209,-71.9439,10.0,4.1,mb,,91.0,1.344,0.98,us,us1000hvv6,2019-01-30T18:36:28.040Z,"33 km WSW of El Vigía, Venezuela",earthquake,7.1,1.9,0.185,8.0,reviewed,us,us,2018
2018-11-03T01:13:37.980Z,10.327,-62.1736,23.62,4.5,mb,,50.0,1.865,1.05,us,us2000i69x,2019-01-21T14:29:45.040Z,"30 km SSE of Güiria, Venezuela",earthquake,7.3,6.7,0.131,17.0,reviewed,us,us,2018
2018-10-30T23:32:38.700Z,10.2026,-62.3772,42.95,4.4,mb,,146.0,2.044,0.86,us,us2000i7kv,2019-01-21T14:29:40.040Z,"42 km SSW of Güiria, Venezuela",earthquake,8.9,11.3,0.079,46.0,reviewed,us,us,2018
2018-10-28T22:58:08.090Z,10.2472,-69.0842,20.33,4.4,mb,,75.0,1.654,0.85,us,us1000hibg,2022-08-08T09:34:01.211Z,"18 km NNE of Yaritagua, Venezuela",earthquake,3.3,9.4,0.378,2.0,reviewed,us,us,2018
2018-10-28T15:36:11.340Z,10.8595,-62.3144,85.26,4.6,mb,,118.0,1.421,0.64,us,us1000hi8l,2019-01-10T17:18:41.040Z,"31 km N of Güiria, Venezuela",earthquake,8.6,8.1,0.119,21.0,reviewed,us,us,2018
2018-10-25T15:56:59.550Z,10.2813,-62.3909,10.0,4.9,mww,,47.0,1.976,0.93,us,us1000hh4e,2019-01-10T17:18:37.040Z,"34 km SSW of Güiria, Venezuela",earthquake,7.4,1.9,0.093,11.0,reviewed,us,us,2018
2018-10-23T03:37:11.590Z,10.1339,-62.4101,24.3,4.6,mb,,74.0,2.12,0.85,us,us1000hh3s,2019-01-10T17:18:36.040Z,"50 km SSW of Güiria, Venezuela",earthquake,8.6,8.1,0.088,38.0,reviewed,us,us,2018
2018-10-23T03:32:58.600Z,10.2624,-62.4297,23.89,4.9,mb,,49.0,2.008,0.79,us,us1000hfxj,2019-01-10T17:18:34.040Z,near the coast of Venezuela,earthquake,5.9,4.1,0.027,441.0,reviewed,us,us,2018
2018-09-06T05:08:04.560Z,10.6568,-62.882,113.23,4.2,mb,,82.0,4.084,0.69,us,us2000hgk1,2018-11-14T17:40:14.040Z,near the coast of Venezuela,earthquake,7.3,10.8,0.167,10.0,reviewed,us,us,2018
2018-09-02T02:20:36.440Z,10.6658,-62.8875,107.02,4.4,mb,,82.0,1.894,0.81,us,us2000hcjh,2018-11-07T18:37:12.040Z,"40 km E of Carúpano, Venezuela",earthquake,7.7,7.3,0.061,77.0,reviewed,us,us,2018
2018-09-01T08:30:16.640Z,10.6588,-62.9105,98.69,4.2,mb,,65.0,4.105,0.86,us,us2000hag5,2018-11-07T18:37:12.040Z,"37 km E of Carúpano, Venezuela",earthquake,9.5,12.8,0.167,10.0,reviewed,us,us,2018
2018-08-22T13:27:48.490Z,10.6593,-62.9288,108.0,5.8,mww,,32.0,1.925,0.9,us,us1000gfc8,2022-05-03T19:28:01.349Z,"35 km E of Carúpano, Venezuela",earthquake,7.1,1.9,0.044,50.0,reviewed,us,us,2018
2018-08-21T21:31:47.600Z,10.7731,-62.9019,146.82,7.3,mww,,15.0,1.822,1.1,us,us1000gez7,2026-06-29T02:22:29.627Z,"40 km ENE of Carúpano, Venezuela",earthquake,7.5,3.4,0.033,88.0,reviewed,us,us,2018
2018-08-21T21:31:40.270Z,10.6575,-62.8522,108.91,5.3,mb,,35.0,1.878,1.18,us,us1000gfdx,2022-05-03T19:27:54.260Z,"43 km E of Carúpano, Venezuela",earthquake,7.8,7.4,0.111,27.0,reviewed,us,us,2018
2018-07-08T17:44:01.710Z,10.6522,-62.5624,100.64,4.5,mb,,87.0,1.719,0.67,us,us2000g42s,2018-09-27T14:03:47.040Z,"30 km WNW of Güiria, Venezuela",earthquake,8.0,12.8,0.156,12.0,reviewed,us,us,2018
2018-06-23T01:54:40.710Z,10.7414,-62.6732,90.62,5.2,mww,,32.0,1.705,0.96,us,us1000ez9p,2025-12-22T17:48:31.327Z,"44 km WNW of Güiria, Venezuela",earthquake,6.8,4.3,0.048,41.0,reviewed,us,us,2018
2018-06-03T16:22:23.920Z,11.4804,-69.3907,16.83,4.4,mb,,139.0,0.814,0.93,us,us1000ekhv,2018-08-28T16:30:53.040Z,"31 km ENE of Coro, Venezuela",earthquake,6.8,5.8,0.149,13.0,reviewed,us,us,2018
2018-05-24T18:53:18.490Z,10.8789,-62.1195,106.06,4.2,mb,,73.0,1.326,0.62,us,us1000ebkm,2018-08-21T21:23:49.040Z,"38 km NNE of Güiria, Venezuela",earthquake,7.6,12.9,0.305,3.0,reviewed,us,us,2018
2018-05-23T11:23:07.110Z,10.3278,-67.9604,10.0,4.2,mwr,,46.0,1.378,0.73,us,us1000eai5,2018-08-21T21:23:48.040Z,"14 km NW of Guacara, Venezuela",earthquake,6.1,1.9,,,reviewed,us,car,2018
2018-05-20T21:50:18.290Z,11.1108,-62.1993,114.5,4.5,mb,,88.0,1.147,0.72,us,us1000e93d,2018-08-15T19:47:00.040Z,"60 km N of Güiria, Venezuela",earthquake,8.1,7.4,0.105,27.0,reviewed,us,us,2018
2018-05-13T22:41:11.870Z,12.2604,-69.9949,10.0,2.8,ml,,166.0,0.244,0.78,us,us1000e4ba,2018-08-08T15:21:46.040Z,"66 km NNE of Punto Fijo, Venezuela",earthquake,3.9,2.0,0.128,8.0,reviewed,us,us,2018
2018-05-04T23:20:43.810Z,10.2861,-62.6807,10.0,4.1,mwr,,88.0,2.093,0.94,us,us1000e0c9,2018-07-27T20:20:44.040Z,"52 km SW of Güiria, Venezuela",earthquake,5.4,1.9,,,reviewed,us,car,2018
2018-04-27T08:44:49.740Z,10.2896,-67.9854,10.0,4.7,mwr,,56.0,2.107,0.84,us,us1000dt7f,2020-07-10T15:45:26.197Z,"13 km WNW of Guacara, Venezuela",earthquake,6.7,1.9,,,reviewed,us,car,2018
2018-04-03T09:41:27.350Z,8.3459,-71.7188,10.0,4.9,mb,,19.0,1.198,0.71,us,us1000ddjg,2022-05-03T19:09:02.472Z,"30 km SSW of El Vigía, Venezuela",earthquake,6.6,1.8,0.024,525.0,reviewed,us,us,2018
2018-03-16T18:01:55.940Z,10.653,-62.0936,78.98,4.2,mb,,75.0,1.532,1.41,us,us1000d7xw,2018-06-11T21:53:48.040Z,"23 km ENE of Güiria, Venezuela",earthquake,5.6,10.4,0.236,7.0,reviewed,us,us,2018
2018-03-16T02:49:51.230Z,10.8799,-62.1443,69.04,4.6,mwr,,45.0,1.334,0.78,us,us1000d53w,2018-06-11T21:53:47.040Z,"37 km NNE of Güiria, Venezuela",earthquake,6.8,8.0,,,reviewed,us,car,2018
2018-02-11T23:35:35.800Z,10.3347,-62.2811,21.63,4.3,mb,,148.0,1.889,0.85,us,us2000d5xu,2018-05-03T22:15:11.040Z,"26 km S of Güiria, Venezuela",earthquake,8.9,7.1,0.189,8.0,reviewed,us,us,2018
2018-01-28T07:30:06.810Z,10.6123,-62.472,68.76,4.1,mwr,,118.0,1.71,0.47,us,us1000cdl3,2018-04-20T07:05:33.040Z,"19 km WNW of Güiria, Venezuela",earthquake,5.6,25.3,,,reviewed,us,car,2018
2018-01-26T23:57:18.300Z,10.2863,-62.2747,10.0,4.3,mwr,,164.0,1.933,0.48,us,us2000cq7e,2018-04-20T07:05:28.040Z,"32 km S of Güiria, Venezuela",earthquake,10.2,2.0,,,reviewed,us,car,2018
2018-01-26T22:05:22.130Z,10.1928,-62.1532,10.0,4.6,mb,,77.0,1.988,1.1,us,us2000cq4g,2018-04-20T07:05:27.040Z,"45 km SSE of Güiria, Venezuela",earthquake,2.9,1.9,0.103,28.0,reviewed,us,us,2018
2018-01-26T20:30:32.630Z,10.2442,-62.2616,41.63,4.8,mb,,34.0,1.968,0.75,us,us2000cq1t,2022-08-07T23:33:30.014Z,"37 km S of Güiria, Venezuela",earthquake,6.3,4.0,0.042,172.0,reviewed,us,us,2018
2018-01-26T14:40:21.960Z,10.2673,-62.2267,10.0,4.6,mb,,141.0,1.936,1.32,us,us2000cpt9,2018-04-20T07:05:26.040Z,"35 km SSE of Güiria, Venezuela",earthquake,8.0,1.9,0.117,22.0,reviewed,us,us,2018
2018-01-24T13:53:48.050Z,9.4972,-69.8331,10.0,4.6,mwr,,84.0,0.998,1.42,us,us2000cnqk,2018-04-20T07:05:18.040Z,"32 km S of El Tocuyo, Venezuela",earthquake,2.7,1.9,,,reviewed,us,car,2018
2018-01-17T01:49:23.730Z,10.9788,-62.3613,88.39,4.6,mb,,87.0,1.339,1.15,us,us2000ck7q,2018-04-10T01:11:43.040Z,"44 km N of Güiria, Venezuela",earthquake,8.0,7.8,0.043,162.0,reviewed,us,us,2018
2017-12-28T06:58:32.150Z,10.72,-62.4364,76.47,4.2,mb,,138.0,1.599,0.55,us,us1000bx1p,2018-03-17T01:54:37.040Z,"21 km NW of Güiria, Venezuela",earthquake,9.8,14.9,0.147,13.0,reviewed,us,us,2017
2017-11-22T20:42:08.070Z,11.1171,-62.1682,112.62,4.2,mwr,,70.0,1.127,0.68,us,us2000bt75,2018-02-14T02:01:11.040Z,"61 km NNE of Güiria, Venezuela",earthquake,9.4,7.1,,,reviewed,us,car,2017
2017-11-18T05:54:58.270Z,8.376,-71.8069,31.65,4.9,mww,,52.0,1.264,0.89,us,us2000bqwx,2022-05-03T15:27:35.872Z,"31 km SSW of El Vigía, Venezuela",earthquake,6.8,5.1,0.066,22.0,reviewed,us,us,2017
2017-11-12T23:34:28.600Z,9.4464,-63.4337,42.65,4.4,mb,,66.0,3.19,0.95,us,us2000bmg3,2018-02-06T02:45:30.040Z,"43 km SW of Maturín, Venezuela",earthquake,7.1,11.7,0.117,21.0,reviewed,us,us,2017
2017-08-31T15:47:33.690Z,10.8822,-62.8391,90.06,4.8,mww,,39.0,1.7,0.82,us,us2000adhr,2017-11-28T18:33:55.040Z,"51 km ENE of Carúpano, Venezuela",earthquake,6.1,3.7,0.08,15.0,reviewed,us,us,2017
2017-08-30T14:01:13.000Z,10.683,-66.4482,11.03,4.5,mwr,,38.0,2.335,0.81,us,us2000ad4r,2022-08-07T16:04:54.553Z,"25 km NNE of Guatire, Venezuela",earthquake,6.7,4.9,,,reviewed,us,car,2017
2017-08-13T15:21:55.970Z,7.4513,-71.9832,47.72,4.5,mb,,61.0,1.951,0.61,us,us2000a7sx,2017-11-14T01:42:05.040Z,"43 km SE of San Cristóbal, Venezuela",earthquake,6.1,7.6,0.048,129.0,reviewed,us,us,2017
2017-08-06T15:43:48.200Z,8.8395,-71.1073,32.25,4.5,mwr,,38.0,0.469,0.98,us,us2000a5d1,2017-10-25T00:38:00.040Z,"28 km N of Mérida, Venezuela",earthquake,4.8,5.1,,,reviewed,us,car,2017
2017-05-17T10:04:23.560Z,10.9078,-62.1643,86.78,4.7,mb,,120.0,1.315,0.66,us,us10008szh,2017-08-05T03:32:09.040Z,"39 km NNE of Güiria, Venezuela",earthquake,4.7,9.9,0.1,30.0,reviewed,us,us,2017
2017-04-23T01:52:20.040Z,10.8774,-62.3823,86.66,4.6,mb,,55.0,1.437,0.84,us,us10008jv5,2017-07-21T02:32:01.040Z,"34 km NNW of Güiria, Venezuela",earthquake,8.0,7.2,0.053,107.0,reviewed,us,us,2017
2017-04-16T13:24:15.900Z,11.6535,-66.8191,13.09,4.5,mb,,32.0,2.157,0.77,us,us10008i48,2017-08-30T18:24:34.822Z,"115 km N of Caraballeda, Venezuela",earthquake,6.2,4.5,0.069,62.0,reviewed,us,us,2017
2017-04-04T21:50:14.110Z,10.3156,-62.1535,10.0,4.4,mwr,,33.0,1.866,0.77,us,us10008eey,2017-06-23T07:26:30.040Z,"33 km SSE of Güiria, Venezuela",earthquake,1.6,1.8,,,reviewed,us,car,2017
2017-04-04T15:09:05.280Z,10.3052,-72.6116,10.0,4.1,mb,,132.0,1.514,1.01,us,us10008gib,2017-06-23T07:26:30.040Z,"27 km NNW of Machiques, Venezuela",earthquake,8.5,2.0,0.303,3.0,reviewed,us,us,2017
2017-03-17T18:35:11.460Z,10.8832,-68.9237,26.0,4.8,mb,,36.0,1.289,0.92,us,us20008stt,2022-05-03T18:12:56.695Z,"63 km NNW of San Felipe, Venezuela",earthquake,2.8,5.9,0.038,219.0,reviewed,us,us,2017
2017-03-10T13:46:40.400Z,11.9771,-69.5658,15.0,5.2,mww,,24.0,0.628,1.08,us,us1000885n,2022-05-03T18:12:25.548Z,"64 km N of Coro, Venezuela",earthquake,5.5,1.7,0.08,15.0,reviewed,us,us,2017
2017-03-09T13:29:27.550Z,12.0603,-69.5985,19.44,4.8,mb,,25.0,0.598,0.99,us,us100087xb,2017-05-31T01:58:59.040Z,"73 km N of Coro, Venezuela",earthquake,4.1,4.0,0.053,112.0,reviewed,us,us,2017
2017-02-23T13:25:21.910Z,10.1966,-62.9825,27.29,4.3,mb,,47.0,2.323,1.18,us,us20008lsd,2017-05-17T01:19:37.040Z,"54 km NNE of Maturín, Venezuela",earthquake,6.2,6.4,0.169,10.0,reviewed,us,us,2017
2017-01-14T03:34:32.750Z,10.6954,-62.3247,91.12,4.4,mb,,97.0,1.572,0.53,us,us10007t8p,2017-04-01T00:26:12.040Z,"13 km NNW of Güiria, Venezuela",earthquake,5.3,9.5,0.144,14.0,reviewed,us,us,2017
2016-11-21T01:36:28.020Z,10.2621,-62.1677,28.21,4.6,mwr,,61.0,1.906,0.78,us,us10007b1f,2017-02-15T23:21:31.040Z,"37 km SSE of Güiria, Venezuela",earthquake,7.0,6.0,0.098,10.0,reviewed,us,us,2016
2016-11-12T20:57:01.390Z,10.5648,-62.7463,8.35,3.7,mwr,,47.0,1.89,0.97,us,us100079ek,2017-02-09T03:02:20.040Z,"49 km W of Güiria, Venezuela",earthquake,5.4,7.2,,,reviewed,us,car,2016
2016-10-26T23:31:04.270Z,9.2476,-69.9011,10.0,4.2,mwr,,30.0,0.809,0.72,us,us1000727g,2017-01-20T00:31:08.040Z,"28 km NW of Guanare, Venezuela",earthquake,4.6,1.9,,,reviewed,us,car,2016
2016-10-16T17:45:58.740Z,10.7735,-71.7514,35.0,4.3,mwr,,95.0,2.176,1.15,us,us20007em1,2017-01-15T01:14:01.040Z,"19 km NW of Maracaibo, Venezuela",earthquake,3.6,2.0,,,reviewed,us,car,2016
2016-10-03T02:23:00.700Z,7.83,-72.14,5.0,3.5,mwr,,,,0.79,us,us10006ul8,2017-01-03T21:10:42.040Z,"9 km E of Táriba, Venezuela",earthquake,5.5,6.9,,,reviewed,car,car,2016
2016-08-17T22:37:07.590Z,8.6209,-70.6308,10.0,4.2,mwr,,49.0,0.261,0.74,us,us10006ekp,2016-11-15T02:21:52.040Z,"28 km WSW of Barinitas, Venezuela",earthquake,5.6,1.8,,,reviewed,us,car,2016
2016-08-02T13:13:31.150Z,10.8082,-62.233,93.28,4.2,mb,,95.0,1.433,1.16,us,us10006af9,2016-10-19T04:52:13.040Z,"26 km NNE of Güiria, Venezuela",earthquake,8.9,10.3,0.199,7.0,reviewed,us,us,2016
2016-07-15T06:42:05.180Z,9.3478,-70.6741,10.0,4.1,mwr,,48.0,0.462,0.87,us,us20006ev2,2016-09-17T01:27:45.040Z,"8 km WNW of Valera, Venezuela",earthquake,6.8,1.9,,,reviewed,us,car,2016
2016-07-09T10:13:56.360Z,10.9267,-62.3906,110.75,4.2,mb,,63.0,1.399,1.09,us,us20006ew5,2016-09-08T01:50:24.040Z,"39 km NNW of Güiria, Venezuela",earthquake,6.6,10.2,0.112,22.0,reviewed,us,us,2016
2016-06-06T18:06:54.130Z,8.719,-70.7774,10.0,4.4,mwr,,35.0,0.216,0.94,us,us200062cw,2022-08-03T01:03:29.218Z,"40 km W of Barinitas, Venezuela",earthquake,5.1,1.8,,,reviewed,us,car,2016
2016-04-26T02:23:28.520Z,8.5588,-71.3297,8.95,4.4,mb,,36.0,0.759,0.77,us,us10005bk5,2016-07-08T02:49:23.040Z,"9 km W of Ejido, Venezuela",earthquake,4.6,1.9,0.083,42.0,reviewed,us,us,2016
2016-04-25T03:07:46.650Z,10.5125,-62.5345,22.52,3.5,mwr,,98.0,1.826,1.11,us,us20005lhl,2016-07-08T02:49:21.040Z,"26 km WSW of Güiria, Venezuela",earthquake,6.9,8.5,,,reviewed,us,car,2016
2016-04-07T23:55:03.690Z,8.6915,-71.3127,12.1,4.3,mb,,45.0,0.697,0.74,us,us20005ibs,2016-06-17T21:45:58.040Z,"17 km NNW of Ejido, Venezuela",earthquake,3.0,5.2,0.147,13.0,reviewed,us,us,2016
2016-04-07T12:22:21.990Z,10.5418,-62.5876,86.21,5.2,mb,,40.0,1.826,0.96,us,us20005g43,2025-12-22T17:35:28.075Z,"31 km W of Güiria, Venezuela",earthquake,7.0,5.0,0.027,448.0,reviewed,us,us,2016
2016-03-03T22:14:57.380Z,10.8872,-62.3014,98.24,4.1,mb,,91.0,1.39,1.16,us,us10004w0u,2016-05-06T23:34:26.040Z,"34 km N of Güiria, Venezuela",earthquake,4.0,9.9,0.371,2.0,reviewed,us,us,2016
2016-02-15T13:14:25.150Z,9.36,-70.3686,5.0,4.5,mb,,38.0,0.54,0.88,us,us2000509i,2016-04-26T23:28:22.040Z,"7 km E of Trujillo, Venezuela",earthquake,5.2,1.9,0.135,16.0,reviewed,us,us,2016
2016-01-13T02:12:10.170Z,10.8561,-62.252,89.43,3.9,mwr,,93.0,1.397,1.21,us,us10004dwn,2016-03-30T02:27:57.040Z,"31 km N of Güiria, Venezuela",earthquake,6.5,8.1,,,reviewed,us,car,2016
2016-01-05T14:33:40.800Z,10.9869,-61.9988,107.1,4.7,mb,,81.0,1.187,1.01,us,us10004bj4,2022-08-07T08:40:25.501Z,"55 km NE of Güiria, Venezuela",earthquake,6.7,5.5,0.04,187.0,reviewed,us,us,2016
2016-01-04T14:59:11.690Z,9.6102,-70.7754,18.4,4.5,mb,,46.0,0.735,1.14,us,us10004b74,2022-08-02T02:52:02.896Z,"37 km NNW of Valera, Venezuela",earthquake,5.4,4.6,0.07,60.0,reviewed,us,us,2016
2015-12-09T09:49:02.570Z,8.6255,-71.3945,10.0,4.4,mb,,39.0,0.794,0.81,us,us20004ft3,2016-03-02T03:36:40.040Z,"19 km WNW of Ejido, Venezuela",earthquake,4.3,1.4,0.13,17.0,reviewed,us,us,2015
2015-12-05T06:04:48.990Z,8.5889,-71.373,10.0,3.9,mwr,,42.0,0.787,1.14,us,us20004fs8,2016-03-02T03:36:32.040Z,"15 km WNW of Ejido, Venezuela",earthquake,5.4,1.9,,,reviewed,us,car,2015
2015-11-30T11:50:32.530Z,10.4605,-63.6281,10.0,4.2,mwr,,70.0,2.551,1.22,us,us1000425i,2026-02-28T13:12:57.112Z,"46 km WSW of Carúpano, Venezuela",earthquake,6.4,1.9,,,reviewed,us,car,2015
2015-11-30T04:28:16.580Z,10.5937,-62.5428,75.71,3.7,mwr,,62.0,1.76,1.17,us,us10004231,2022-08-01T21:01:29.425Z,"26 km W of Güiria, Venezuela",earthquake,6.0,8.0,,,reviewed,us,car,2015
2015-11-23T20:15:41.560Z,8.6211,-71.4133,10.0,4.2,mwr,,50.0,0.813,0.84,us,us100040ik,2022-08-01T19:53:17.350Z,"20 km WNW of Ejido, Venezuela",earthquake,5.5,1.9,,,reviewed,us,car,2015
2015-11-22T20:38:31.430Z,8.5217,-71.3869,10.0,5.1,mwr,,34.0,0.826,1.06,us,us100040dr,2022-08-01T19:34:10.886Z,"16 km W of Ejido, Venezuela",earthquake,5.9,1.8,,,reviewed,us,car,2015
2015-11-20T23:05:54.150Z,8.5216,-71.3715,7.66,4.2,mwr,,36.0,0.813,0.84,us,us10003zyw,2016-02-18T04:48:46.040Z,"14 km W of Ejido, Venezuela",earthquake,3.9,4.5,,,reviewed,us,car,2015
2015-11-20T18:00:04.410Z,8.5039,-71.3647,10.0,4.8,mwr,,34.0,0.815,0.76,us,us10003zvp,2022-08-01T19:05:49.041Z,"14 km WSW of Ejido, Venezuela",earthquake,2.7,1.8,,,reviewed,us,car,2015
2015-11-20T17:53:11.580Z,8.6212,-71.3917,10.0,3.9,mwr,,39.0,0.793,1.22,us,us100040sq,2016-02-18T04:48:46.040Z,"18 km WNW of Ejido, Venezuela",earthquake,5.0,1.9,,,reviewed,us,car,2015
2015-11-14T14:03:53.700Z,8.5856,-71.2943,10.0,4.3,mwr,,40.0,0.716,0.83,us,us10003yce,2016-02-13T02:08:21.040Z,"7 km NW of Ejido, Venezuela",earthquake,5.0,1.7,,,reviewed,us,car,2015
2015-11-14T12:20:22.860Z,8.5222,-71.378,9.22,4.8,mwr,,40.0,0.818,0.72,us,us10003yc3,2016-11-10T22:00:38.272Z,"15 km W of Ejido, Venezuela",earthquake,5.3,4.3,,,reviewed,us,car,2015
2015-11-14T11:24:32.200Z,8.5554,-71.3886,12.54,4.2,mb,,53.0,0.814,0.5,us,us10003z98,2016-02-13T02:08:21.040Z,"16 km W of Ejido, Venezuela",earthquake,3.8,5.3,0.215,6.0,reviewed,us,us,2015
2015-11-10T19:23:59.090Z,8.5093,-71.4131,2.74,3.9,mwr,,39.0,0.855,0.91,us,us10003y1u,2016-02-05T03:16:41.040Z,"19 km WSW of Ejido, Venezuela",earthquake,5.3,4.1,,,reviewed,us,car,2015
2015-11-10T16:35:48.550Z,8.559,-71.3893,4.87,4.2,mwr,,36.0,0.813,0.87,us,us10003wwq,2016-02-05T03:16:41.040Z,"16 km W of Ejido, Venezuela",earthquake,5.2,4.5,,,reviewed,us,car,2015
2015-11-09T18:57:54.250Z,8.4795,-71.3612,10.0,4.0,mb,,48.0,0.823,0.84,us,us10003xvj,2016-02-05T03:16:40.040Z,"15 km WSW of Ejido, Venezuela",earthquake,5.4,1.9,0.3,3.0,reviewed,us,us,2015
2015-11-09T17:48:44.440Z,8.5547,-71.3658,12.36,4.6,mb,,37.0,0.794,0.93,us,us10003w0u,2016-02-05T03:16:40.040Z,"13 km W of Ejido, Venezuela",earthquake,5.1,4.7,0.073,56.0,reviewed,us,us,2015
2015-11-09T15:51:57.620Z,8.4695,-71.2623,15.34,4.0,mb,,51.0,0.745,1.24,us,us10003xw2,2016-02-05T03:16:39.040Z,"8 km SSW of Ejido, Venezuela",earthquake,6.6,6.4,0.298,3.0,reviewed,us,us,2015
2015-11-09T13:34:13.310Z,8.5819,-71.3624,11.11,4.1,mwr,,38.0,0.78,0.84,us,us10003vy6,2016-02-05T03:16:39.040Z,"13 km WNW of Ejido, Venezuela",earthquake,3.3,4.2,,,reviewed,us,car,2015
2015-11-09T03:49:34.630Z,8.5309,-71.3527,9.59,3.7,mwr,,40.0,0.792,0.92,us,us10003vvv,2022-08-01T19:56:17.019Z,"12 km W of Ejido, Venezuela",earthquake,5.9,4.5,,,reviewed,us,car,2015
2015-11-08T19:43:33.820Z,8.6268,-71.3976,10.0,4.1,mb,,39.0,0.796,1.09,us,us10003z2e,2016-02-05T03:16:37.040Z,"19 km WNW of Ejido, Venezuela",earthquake,4.7,2.0,0.213,6.0,reviewed,us,us,2015
2015-11-08T15:16:45.010Z,8.6445,-71.4553,10.0,4.4,mb,,132.0,0.846,0.89,us,us10003z1n,2016-02-05T03:16:36.040Z,"22 km E of El Vigía, Venezuela",earthquake,6.1,2.0,0.311,3.0,reviewed,us,us,2015
2015-11-07T23:50:28.300Z,8.6404,-71.4244,10.42,4.2,mwr,,45.0,0.817,0.76,us,us10003x2f,2016-02-05T03:16:35.040Z,"22 km WNW of Ejido, Venezuela",earthquake,5.1,6.7,,,reviewed,us,car,2015
2015-11-07T23:43:44.890Z,8.5998,-71.3791,12.94,4.0,mwr,,54.0,0.788,0.79,us,us20004fpl,2016-02-05T03:16:35.040Z,"16 km WNW of Ejido, Venezuela",earthquake,3.3,7.6,,,reviewed,us,car,2015
2015-11-07T17:37:47.990Z,8.5,-71.3982,12.37,4.9,mwr,,38.0,0.846,0.71,us,us10003vki,2022-08-01T16:33:14.085Z,"18 km WSW of Ejido, Venezuela",earthquake,4.9,3.6,,,reviewed,us,car,2015
2015-11-07T15:53:45.750Z,8.5663,-71.3353,5.0,4.5,mwr,,38.0,0.761,0.89,us,us10003vk8,2022-08-01T16:30:32.306Z,"10 km WNW of Ejido, Venezuela",earthquake,5.5,1.9,,,reviewed,us,car,2015
2015-11-07T08:44:13.460Z,8.5013,-71.4056,5.09,4.2,mwr,,40.0,0.852,1.36,us,us10003x1p,2016-02-05T03:16:33.040Z,"18 km WSW of Ejido, Venezuela",earthquake,3.0,6.1,,,reviewed,us,car,2015
2015-11-07T07:37:44.850Z,8.4665,-71.3919,3.58,4.3,mwr,,173.0,0.856,0.57,us,us1000439b,2016-02-05T03:16:33.040Z,"18 km WSW of Ejido, Venezuela",earthquake,4.0,9.2,,,reviewed,us,car,2015
2015-11-07T07:31:10.580Z,8.5982,-71.4399,9.24,4.3,mwr,,20.0,0.845,0.66,us,us10003vgu,2022-08-01T16:24:41.141Z,"22 km WNW of Ejido, Venezuela",earthquake,4.7,4.6,,,reviewed,us,car,2015
2015-11-07T06:58:30.300Z,8.4672,-71.3957,15.12,5.3,mww,,34.0,0.859,0.56,us,us10003vgf,2022-08-01T16:21:55.032Z,"19 km WSW of Ejido, Venezuela",earthquake,5.5,3.3,,,reviewed,us,us,2015
2015-10-17T00:57:01.340Z,10.7556,-62.8778,10.0,4.7,mb,,38.0,1.783,0.72,us,us10003pad,2016-01-15T20:50:52.040Z,"42 km ENE of Carúpano, Venezuela",earthquake,4.4,1.5,0.039,204.0,reviewed,us,us,2015
2015-09-10T07:49:36.350Z,11.1535,-62.4765,115.12,4.9,mww,,66.0,1.263,0.87,us,us20003hpr,2022-08-01T04:16:05.030Z,"66 km NNW of Güiria, Venezuela",earthquake,6.0,4.9,,,reviewed,us,us,2015
2015-08-30T18:29:17.360Z,10.6428,-62.4945,101.17,4.1,mwr,,86.0,1.694,0.99,us,us20003iss,2015-12-01T00:36:04.040Z,"22 km WNW of Güiria, Venezuela",earthquake,9.1,7.6,,,reviewed,us,car,2015
2015-08-30T13:32:00.220Z,10.8936,-62.2469,89.49,4.0,mwr,,88.0,1.361,1.31,us,us1000365p,2015-12-01T00:36:04.040Z,"35 km N of Güiria, Venezuela",earthquake,7.3,7.3,,,reviewed,us,car,2015
2015-08-21T12:49:58.550Z,10.1507,-63.0149,10.0,4.0,mwr,,74.0,2.379,1.03,us,us100033y1,2015-11-24T02:09:26.040Z,"48 km NNE of Maturín, Venezuela",earthquake,6.3,1.7,,,reviewed,us,car,2015
2015-08-02T18:57:48.000Z,10.59,-62.4,31.8,4.1,mwr,,,,1.54,us,us10002xbr,2022-07-31T22:04:48.752Z,"11 km W of Güiria, Venezuela",earthquake,7.4,3.0,,,reviewed,car,car,2015
2015-06-26T03:02:05.900Z,11.0536,-62.4171,115.81,4.0,mwr,,69.0,1.307,0.96,us,us10002lrh,2022-07-31T15:08:01.453Z,"54 km NNW of Güiria, Venezuela",earthquake,5.6,7.2,,,reviewed,us,car,2015
2015-06-26T01:15:08.970Z,10.2744,-62.2291,44.13,3.9,mwr,,93.0,1.93,0.8,us,us20003fjv,2015-09-02T22:37:19.040Z,"34 km SSE of Güiria, Venezuela",earthquake,7.3,4.0,,,reviewed,us,car,2015
2015-06-26T01:14:53.750Z,10.2464,-62.3807,74.38,3.7,mb,,107.0,2.005,0.59,us,us20002wk7,2015-09-02T22:37:19.040Z,"37 km SSW of Güiria, Venezuela",earthquake,11.8,16.2,0.504,1.0,reviewed,us,us,2015
2015-04-20T07:11:41.690Z,10.8604,-62.3624,89.78,4.7,mb,,62.0,1.442,0.8,us,us200027r0,2022-07-31T00:11:02.467Z,"32 km NNW of Güiria, Venezuela",earthquake,6.3,6.8,0.042,175.0,reviewed,us,us,2015
2015-04-16T02:24:16.130Z,10.8339,-62.4104,77.29,5.1,mb,,32.0,1.488,0.58,us,us200026w5,2025-12-22T17:06:19.549Z,"30 km NNW of Güiria, Venezuela",earthquake,7.1,4.4,0.024,549.0,reviewed,us,us,2015
2015-03-27T15:58:42.100Z,11.1039,-62.376,97.2,4.2,mb,,,,0.86,us,us10001ssy,2015-06-12T01:53:24.040Z,"58 km N of Güiria, Venezuela",earthquake,6.8,7.6,0.304,3.0,reviewed,trn,us,2015
2015-03-22T13:09:39.520Z,10.6076,-62.6125,106.92,4.0,mb,,76.0,1.178,0.94,us,us10001qvz,2015-06-09T21:30:01.040Z,"34 km W of Güiria, Venezuela",earthquake,5.1,7.8,0.26,4.0,reviewed,us,us,2015
2015-03-16T13:48:40.960Z,7.769,-71.9457,43.03,4.0,mwr,,46.0,1.706,0.55,us,us10001mrt,2022-07-28T02:35:15.521Z,"30 km E of San Cristóbal, Venezuela",earthquake,7.5,6.4,,,reviewed,us,car,2015
2015-02-26T00:10:49.500Z,8.23,-72.13,5.0,4.1,mwr,,,,0.58,us,usc000tta3,2022-07-27T23:15:56.186Z,"13 km E of La Fría, Venezuela",earthquake,6.6,4.4,,,reviewed,car,car,2015
2015-02-05T21:50:56.620Z,11.0794,-62.05,81.67,4.6,mb,,33.0,1.116,1.12,us,usc000tmka,2022-07-27T19:09:41.234Z,"61 km NNE of Güiria, Venezuela",earthquake,6.5,5.9,0.044,157.0,reviewed,us,us,2015
2015-02-05T07:04:13.000Z,8.3,-72.15,5.0,4.3,mwr,,,,1.2,us,usb000tnkd,2015-05-04T22:47:40.040Z,"14 km NE of La Fría, Venezuela",earthquake,7.3,4.4,,,reviewed,car,car,2015
2015-02-05T05:38:57.800Z,8.2948,-72.1265,10.0,4.6,mwr,,32.0,1.587,0.8,us,usc000tluz,2022-07-27T19:01:30.618Z,"16 km ENE of La Fría, Venezuela",earthquake,6.1,1.8,,,reviewed,us,car,2015
2015-02-05T04:21:50.900Z,8.24,-72.14,5.0,5.3,mww,,,,1.07,us,usc000tlui,2022-07-27T19:00:28.679Z,"12 km ENE of La Fría, Venezuela",earthquake,5.6,3.2,,,reviewed,car,us,2015
2015-02-04T12:53:06.500Z,10.64,-62.89,5.0,4.4,mb,,,,1.18,us,usc000tlh8,2015-05-02T14:07:29.040Z,"39 km E of Carúpano, Venezuela",earthquake,6.3,4.9,0.127,21.0,reviewed,car,us,2015
2015-02-04T10:59:28.750Z,10.6804,-62.8349,110.51,5.1,mb,,62.0,1.801,0.64,us,usc000tlgx,2022-07-27T18:51:26.240Z,"45 km E of Carúpano, Venezuela",earthquake,6.2,5.4,0.027,491.0,reviewed,us,us,2015
2015-01-10T05:17:30.200Z,10.361,-62.473,19.6,4.0,mwr,,,,1.4,us,usc000ti8k,2015-04-10T18:56:35.040Z,"30 km SW of Güiria, Venezuela",earthquake,6.7,5.1,,,reviewed,car,car,2015
2014-12-24T02:19:51.700Z,9.2618,-61.3167,30.71,4.1,mwr,,82.0,2.165,1.38,us,usc000td87,2015-03-17T02:36:50.040Z,"83 km ENE of Tucupita, Venezuela",earthquake,8.0,6.8,,,reviewed,us,car,2014
2014-12-09T13:35:43.530Z,9.8756,-72.2549,198.39,4.4,mb,,36.0,1.878,0.74,us,usc000t4su,2015-02-28T02:16:15.040Z,"38 km ESE of Machiques, Venezuela",earthquake,8.4,6.7,0.041,194.0,reviewed,us,us,2014
2014-12-08T01:36:59.130Z,10.8446,-62.5209,88.79,4.4,mb,,92.0,1.536,0.94,us,usc000t4hk,2022-07-27T09:57:09.151Z,"38 km NW of Güiria, Venezuela",earthquake,7.9,7.5,0.071,62.0,reviewed,us,us,2014
2014-11-16T05:06:02.140Z,10.264,-69.3613,21.07,4.5,mb,,71.0,1.852,0.79,us,usb000t10p,2015-02-12T01:42:49.040Z,"22 km N of Barquisimeto, Venezuela",earthquake,6.1,3.0,0.15,14.0,reviewed,us,us,2014
2014-10-14T18:57:45.020Z,12.8915,-70.2308,32.9,4.4,mb,,77.0,0.439,1.4,us,usb000sr4w,2015-01-06T23:49:57.040Z,"132 km N of Punto Fijo, Venezuela",earthquake,6.7,6.1,0.155,13.0,reviewed,us,us,2014
2014-10-03T06:48:18.320Z,12.932,-70.314,10.0,4.4,mwr,,47.0,0.517,0.88,us,usb000sieq,2022-07-27T03:54:42.318Z,"137 km N of Punto Fijo, Venezuela",earthquake,5.9,1.9,,,reviewed,us,car,2014
2014-10-02T09:48:12.800Z,10.55,-63.38,14.3,4.3,mwr,,,,0.86,us,usb000si3x,2014-12-23T01:41:57.040Z,"18 km SW of Carúpano, Venezuela",earthquake,5.8,2.9,,,reviewed,car,car,2014
2014-09-24T15:16:10.720Z,12.9124,-70.2386,29.23,4.5,mb,,52.0,0.461,1.03,us,usb000sj8i,2014-12-20T00:53:56.040Z,"135 km N of Punto Fijo, Venezuela",earthquake,7.6,5.6,0.205,9.0,reviewed,us,us,2014
2014-09-22T07:49:09.940Z,13.0148,-70.2784,10.0,4.0,mwr,,54.0,0.569,1.43,us,usb000sew7,2014-12-19T00:05:25.040Z,"146 km N of Punto Fijo, Venezuela",earthquake,5.3,1.9,,,reviewed,us,car,2014
2014-09-11T22:05:03.700Z,10.4751,-72.5035,10.0,4.5,mb,,50.0,2.428,1.43,us,usb000sebd,2014-12-08T23:30:57.040Z,"26 km NW of La Villa del Rosario, Venezuela",earthquake,4.9,1.9,0.157,14.0,reviewed,us,us,2014
2014-09-02T22:21:59.530Z,10.8474,-69.4849,3.68,4.6,mwr,,25.0,1.726,0.81,us,usc000s95i,2014-11-29T00:09:25.000Z,"64 km SSE of Coro, Venezuela",earthquake,5.8,3.5,,,reviewed,us,car,2014
2014-09-01T11:34:42.490Z,10.4008,-63.6162,10.0,4.6,mb,,34.0,0.986,0.79,us,usc000s8nw,2022-07-27T00:24:22.731Z,"49 km SW of Carúpano, Venezuela",earthquake,5.8,1.8,0.062,83.0,reviewed,us,us,2014
2014-08-16T12:39:03.500Z,10.49,-67.66,7.7,4.0,mwr,,,,1.1,us,usb000s3cc,2015-01-29T17:13:57.283Z,"20 km N of El Limón, Venezuela",earthquake,,0.9,,,reviewed,car,car,2014
2014-08-14T00:12:55.340Z,10.8999,-68.9828,13.68,4.2,mb,,98.0,1.272,0.47,us,usb000s69r,2014-11-15T04:07:07.000Z,"67 km NNW of San Felipe, Venezuela",earthquake,,6.2,0.236,8.0,reviewed,us,us,2014
2014-07-28T12:44:43.010Z,10.6052,-62.876,32.7,4.0,mb,,72.0,1.742,1.08,us,usb000s18j,2014-10-25T01:49:41.000Z,"41 km E of Carúpano, Venezuela",earthquake,,7.2,0.367,3.0,reviewed,us,us,2014
2014-07-28T10:55:36.360Z,12.9169,-70.1749,30.35,4.1,mb,,69.0,0.439,1.39,us,usb000s18f,2014-10-25T01:49:41.000Z,"135 km N of Punto Fijo, Venezuela",earthquake,,5.6,0.371,2.0,reviewed,us,us,2014
2014-07-27T20:34:31.950Z,12.921,-70.1997,30.76,4.3,mwr,,54.0,0.452,0.98,us,usb000rxsf,2014-10-25T01:49:41.000Z,"136 km N of Punto Fijo, Venezuela",earthquake,,5.3,0.08,15.0,reviewed,us,us,2014
2014-06-01T03:51:32.000Z,10.14,-67.92,5.0,3.4,mwr,,,,1.08,us,usc000r9rf,2022-07-26T16:07:46.430Z,"5 km N of Tacarigua, Venezuela",earthquake,,4.2,,,reviewed,car,car,2014
2014-03-09T19:11:14.800Z,9.1845,-61.3464,55.56,4.3,mb,,91.0,2.247,1.47,us,usc000n61c,2014-05-15T02:23:58.000Z,"78 km E of Tucupita, Venezuela",earthquake,,10.1,0.217,6.0,reviewed,us,us,2014
2014-03-07T17:31:41.200Z,12.27,-70.0,23.6,3.0,mwr,,,,0.79,us,usc000n5bb,2022-07-26T08:51:07.389Z,"67 km NNE of Punto Fijo, Venezuela",earthquake,,8.1,,,reviewed,car,car,2014
2014-03-04T02:07:45.030Z,8.8226,-71.2616,31.63,3.2,ml,,128.0,0.623,0.62,us,usb000n0jc,2014-05-13T21:36:50.000Z,"28 km NNW of Mérida, Venezuela",earthquake,,10.8,0.181,4.0,reviewed,us,us,2014
2014-02-22T19:11:10.670Z,10.7731,-62.6025,108.83,4.2,mb,,101.0,1.639,1.04,us,usc000n458,2014-05-07T00:03:07.000Z,"39 km WNW of Güiria, Venezuela",earthquake,,6.8,0.235,5.0,reviewed,us,us,2014
2014-02-21T11:43:26.460Z,12.4624,-70.7157,33.38,4.6,mwr,,25.0,3.554,0.82,us,usc000mvdy,2025-12-22T16:47:56.089Z,"102 km NNW of Punto Fijo, Venezuela",earthquake,,3.8,,,reviewed,us,car,2014
2014-02-20T22:28:09.590Z,9.5716,-69.7056,12.89,4.0,mb,,63.0,1.135,1.2,us,usb000n0v6,2014-05-07T00:03:04.000Z,"25 km SSE of El Tocuyo, Venezuela",earthquake,,2.7,0.183,10.0,reviewed,us,us,2014
2014-02-19T11:10:12.470Z,9.6143,-69.667,10.0,5.3,mww,,26.0,1.191,0.8,us,usc000mtb4,2022-07-26T07:48:22.231Z,"23 km SE of El Tocuyo, Venezuela",earthquake,,1.7,,12.0,reviewed,us,us,2014
2014-02-09T06:02:29.790Z,9.9241,-71.5981,30.6,4.1,mwr,,50.0,1.404,1.28,us,usc000mldc,2014-04-22T18:30:10.000Z,"43 km WSW of Lagunillas, Venezuela",earthquake,,4.4,,,reviewed,us,car,2014
2014-01-19T09:25:22.940Z,10.2644,-62.558,35.05,4.5,mb,,65.0,2.002,1.04,us,usb000m46d,2014-03-22T00:05:23.000Z,"44 km SW of Güiria, Venezuela",earthquake,,6.9,0.067,67.0,reviewed,us,us,2014
2014-01-11T21:00:09.000Z,11.343,-62.15,124.6,4.1,mb,,,,0.82,us,usb000m8s2,2014-03-15T03:39:13.000Z,"86 km N of Güiria, Venezuela",earthquake,,5.5,0.261,4.0,reviewed,trn,us,2014
2013-12-28T09:17:17.190Z,10.576,-62.5479,87.4,4.8,mb,,30.0,0.932,0.89,us,usc000lt8f,2014-02-28T08:44:10.000Z,"27 km W of Güiria, Venezuela",earthquake,,6.5,0.039,,reviewed,us,us,2013
2013-11-27T19:51:58.210Z,8.9516,-70.9461,13.75,4.1,mwr,,75.0,0.315,0.99,us,usb000la0q,2014-02-12T01:08:35.000Z,"46 km NNE of Mérida, Venezuela",earthquake,,5.0,,,reviewed,us,car,2013
2013-11-26T16:22:24.110Z,10.821,-62.3558,101.55,4.7,mb,,73.0,1.31,1.53,us,usb000l863,2014-02-12T01:08:33.000Z,"27 km NNW of Güiria, Venezuela",earthquake,,3.1,0.104,,reviewed,us,us,2013
2013-10-16T11:19:00.000Z,10.89,-62.21,64.0,3.9,md,,,,0.92,us,usb000l45p,2013-12-30T23:41:10.000Z,"35 km NNE of Güiria, Venezuela",earthquake,,9.4,,,reviewed,trn,trn,2013
2013-10-12T03:52:26.130Z,10.7321,-62.2545,35.04,4.0,mb,,97.0,1.511,0.56,us,usb000kbie,2022-07-26T02:00:16.344Z,"17 km NNE of Güiria, Venezuela",earthquake,,5.4,0.517,,reviewed,us,us,2013
2013-10-12T02:10:27.290Z,10.9048,-62.315,63.0,6.0,mww,,29.0,1.381,1.06,us,usb000kbhi,2022-07-25T23:29:34.031Z,"36 km N of Güiria, Venezuela",earthquake,,1.7,,,reviewed,us,us,2013
2013-09-17T21:59:49.770Z,10.5098,-63.1855,22.86,4.4,mb,,83.0,1.465,0.94,us,usc000jwkt,2013-12-09T21:11:07.000Z,"18 km SSE of Carúpano, Venezuela",earthquake,,5.1,0.126,,reviewed,us,us,2013
2013-08-08T14:45:28.760Z,10.6919,-62.3593,88.38,4.4,mb,,55.0,0.94,0.91,us,usb000jc3p,2013-10-12T21:32:31.000Z,"14 km NNW of Güiria, Venezuela",earthquake,,10.4,0.084,,reviewed,us,us,2013
2013-08-06T14:56:21.600Z,10.791,-62.167,52.4,4.0,mwr,,,,1.11,us,usb000ix9a,2022-07-25T19:47:44.000Z,"27 km NNE of Güiria, Venezuela",earthquake,,9.0,,,reviewed,us_trn,us_car,2013
2013-07-05T00:53:14.510Z,8.818,-70.849,4.9,4.6,mb,95.0,54.0,,0.5,us,usb000i6yl,2014-11-07T01:51:13.620Z,"42 km NE of Mérida, Venezuela",earthquake,,1.8,,92.0,reviewed,us,us,2013
2013-05-09T11:38:58.420Z,10.329,-62.452,41.3,4.4,mb,23.0,138.0,,0.58,us,usc000grtf,2014-11-07T01:50:45.804Z,"32 km SSW of Güiria, Venezuela",earthquake,,10.5,,19.0,reviewed,us,us,2013
2013-04-21T12:58:44.290Z,10.084,-69.193,20.5,4.1,mw,21.0,86.0,,1.14,us,usb000gerg,2022-07-25T00:29:12.755Z,"7 km W of Yaritagua, Venezuela",earthquake,,12.1,,,reviewed,us,car,2013
2013-03-31T12:16:24.330Z,10.83,-62.167,110.8,4.0,mw,52.0,121.4,,1.18,us,usb000fwyu,2022-07-24T22:08:15.191Z,"31 km NNE of Güiria, Venezuela",earthquake,,6.2,,,reviewed,us,car,2013
2013-03-09T07:21:34.350Z,10.849,-62.253,113.0,4.8,mw,294.0,27.8,,0.98,us,usb000fhvz,2022-07-24T19:55:10.228Z,"30 km N of Güiria, Venezuela",earthquake,,2.4,,,reviewed,us,car,2013
2013-03-08T23:43:41.590Z,10.92,-65.65,5.6,4.0,mw,19.0,100.0,,,us,usb000fhvp,2014-11-07T01:50:18.770Z,"109 km ENE of Guatire, Venezuela",earthquake,,,,,reviewed,car,car,2013
2013-03-04T13:23:50.950Z,10.703,-62.094,64.7,3.8,md,31.0,88.6,,0.97,us,usp000jzmr,2014-11-07T01:50:17.506Z,"26 km ENE of Güiria, Venezuela",earthquake,,6.5,,,reviewed,us,trn,2013
2013-02-18T13:13:47.670Z,9.171,-69.75,10.0,4.6,mb,39.0,55.4,,1.01,us,us2013luaz,2014-11-07T01:50:09.532Z,"14 km N of Guanare, Venezuela",earthquake,,,,7.0,reviewed,us,us,2013
2013-02-10T05:27:09.260Z,11.096,-62.05,81.8,4.8,mw,317.0,21.5,,1.04,us,usc000f4tk,2025-12-22T16:27:00.720Z,"63 km NNE of Güiria, Venezuela",earthquake,,2.6,,,reviewed,us,car,2013
2013-02-02T05:10:03.600Z,10.856,-62.193,111.7,3.9,mw,152.0,75.6,,0.81,us,usc000ezzh,2014-11-07T01:49:59.288Z,"32 km NNE of Güiria, Venezuela",earthquake,,3.0,,,reviewed,us,car,2013
2013-01-12T20:17:12.590Z,8.396,-71.591,11.2,4.2,mw,63.0,58.1,,0.75,us,usp000jyb3,2014-11-07T01:49:49.326Z,"25 km SSE of El Vigía, Venezuela",earthquake,,7.4,,,reviewed,us,car,2013
2013-01-04T07:56:01.750Z,10.767,-69.373,20.7,4.7,mw,191.0,74.7,,1.04,us,usp000jxt6,2014-11-07T01:49:45.885Z,"77 km N of Barquisimeto, Venezuela",earthquake,,3.7,,,reviewed,us,car,2013
2012-12-19T19:28:51.900Z,10.693,-62.309,70.6,4.0,md,14.0,256.6,,,us,usp000jx5n,2014-11-07T01:49:37.852Z,"12 km N of Güiria, Venezuela",earthquake,,,,,reviewed,trn,trn,2012
2012-11-17T03:51:14.400Z,10.08,-63.01,8.2,4.1,mw,42.0,70.7,,,us,usp000jvpy,2014-11-07T01:49:23.678Z,"41 km NNE of Maturín, Venezuela",earthquake,,,,,reviewed,car,car,2012
2012-11-07T18:31:17.100Z,11.27,-70.02,5.0,4.3,mb,37.0,58.0,,,us,usp000jv5u,2014-11-07T01:49:19.191Z,"40 km WSW of Coro, Venezuela",earthquake,,,,4.0,reviewed,car,us,2012
2012-11-03T11:50:57.000Z,10.2,-67.89,5.0,3.1,mw,3.0,225.2,,,us,usp000juz6,2014-11-07T01:49:17.650Z,"3 km SSW of Guacara, Venezuela",earthquake,,,,,reviewed,car,car,2012
2012-10-12T12:16:18.840Z,10.508,-62.811,10.0,4.8,mw,335.0,33.0,,1.32,us,usp000jtwm,2015-03-24T01:33:20.136Z,near the coast of Venezuela,earthquake,,,,,reviewed,us,car,2012
2012-09-13T00:22:28.800Z,10.28,-62.21,7.6,4.8,mw,185.0,49.9,,,us,usp000js83,2014-11-07T01:48:51.064Z,"34 km SSE of Güiria, Venezuela",earthquake,,,,,reviewed,car,car,2012
2012-09-10T23:33:56.100Z,10.83,-62.17,89.7,3.7,mw,21.0,180.1,,,us,usp000js4b,2014-11-07T01:48:50.188Z,"31 km NNE of Güiria, Venezuela",earthquake,,,,,reviewed,car,car,2012
2012-09-02T23:12:30.700Z,10.668,-62.539,98.7,4.0,md,14.0,258.0,,,us,usp000jrhq,2014-11-07T01:48:45.998Z,"28 km WNW of Güiria, Venezuela",earthquake,,,,,reviewed,trn,trn,2012
2012-08-29T05:07:07.320Z,8.67,-71.217,24.8,3.8,mw,34.0,65.6,,1.12,us,usp000jr0z,2014-11-07T01:48:39.241Z,"11 km NW of Mérida, Venezuela",earthquake,,12.6,,,reviewed,us,car,2012
2012-08-21T16:40:54.670Z,11.806,-66.432,62.5,4.5,mw,165.0,46.8,,0.94,us,usp000jqkf,2015-03-24T02:07:33.245Z,"139 km NNE of Caraballeda, Venezuela",earthquake,,,,,reviewed,us,car,2012
2012-07-27T16:15:49.000Z,9.22,-69.67,5.0,4.2,mw,41.0,56.0,,,us,usp000jph7,2014-11-07T01:48:24.486Z,"21 km NNE of Guanare, Venezuela",earthquake,,,,,reviewed,car,car,2012
2012-05-17T00:52:21.000Z,10.63,-62.58,78.6,4.4,mw,114.0,58.6,,,us,usp000jkgs,2014-11-07T01:47:48.063Z,"31 km W of Güiria, Venezuela",earthquake,,,,,reviewed,car,car,2012
2012-03-31T09:47:25.100Z,10.54,-63.2,3.1,4.4,mw,224.0,67.9,,,us,usp000jh1j,2014-11-07T01:47:20.916Z,"15 km SSE of Carúpano, Venezuela",earthquake,,,,,reviewed,car,car,2012
2012-03-31T09:14:38.300Z,10.431,-62.944,73.2,4.2,md,12.0,271.2,,,us,usp000jh1g,2014-11-07T01:47:20.902Z,"42 km SE of Carúpano, Venezuela",earthquake,,,,,reviewed,trn,trn,2012
2012-03-25T23:59:44.700Z,10.17,-67.89,5.0,3.7,mw,4.0,342.7,,,us,usp000jgt2,2015-03-24T02:22:27.986Z,"6 km SSW of Guacara, Venezuela",earthquake,,,,,reviewed,car,car,2012
2012-03-14T07:29:40.750Z,9.38,-70.11,5.0,4.0,mw,20.0,98.1,,,us,usp000jg79,2014-11-07T01:47:14.516Z,"35 km E of Trujillo, Venezuela",earthquake,,,,,reviewed,car,car,2012
2012-02-27T00:11:06.700Z,10.56,-63.62,5.8,4.3,mw,33.0,65.6,,,us,usp000jffe,2014-11-07T01:47:04.999Z,"41 km WSW of Carúpano, Venezuela",earthquake,,,,,reviewed,car,car,2012
2012-02-13T09:41:26.500Z,9.501,-64.121,3.0,4.4,md,8.0,192.5,,,us,usp000jew4,2014-11-07T01:47:00.756Z,"33 km NE of Cantaura, Venezuela",earthquake,,,,,reviewed,trn,trn,2012
2012-02-11T05:56:35.700Z,10.72,-62.31,86.7,4.2,mw,142.0,43.6,,,us,usp000jetm,2014-11-07T01:47:00.303Z,"15 km N of Güiria, Venezuela",earthquake,,,,,reviewed,car,car,2012
2012-02-11T00:12:19.900Z,10.69,-62.49,82.9,4.3,mw,51.0,74.1,,,us,usp000jet8,2015-03-24T02:36:44.656Z,"24 km WNW of Güiria, Venezuela",earthquake,,,,,reviewed,car,car,2012
2011-12-05T18:15:55.700Z,10.307,-62.329,3.0,4.0,md,8.0,290.3,,,us,usp000jbva,2014-11-07T01:46:31.344Z,"30 km S of Güiria, Venezuela",earthquake,,,,,reviewed,trn,trn,2011
2011-11-12T20:01:42.590Z,10.622,-62.396,41.2,4.0,mw,41.0,144.8,,1.07,us,usp000jarj,2014-11-07T01:46:20.334Z,"11 km WNW of Güiria, Venezuela",earthquake,,7.4,,,reviewed,us,car,2011
2011-11-12T12:52:02.200Z,10.743,-62.502,81.6,4.9,mwc,203.0,32.7,,0.93,us,usp000jar5,2015-03-24T02:02:28.249Z,"28 km NW of Güiria, Venezuela",earthquake,,,,,reviewed,us,gcmt,2011
2011-11-06T19:00:04.200Z,11.86,-65.36,34.9,4.0,mw,31.0,61.1,,,us,usp000jafn,2014-11-07T01:46:18.663Z,"174 km WNW of Juan Griego, Venezuela",earthquake,,,,,reviewed,car,car,2011
2011-10-12T09:57:03.700Z,10.556,-62.071,3.0,4.0,md,11.0,262.9,,,us,usp000j98p,2014-11-07T01:46:06.207Z,"24 km E of Güiria, Venezuela",earthquake,,,,,reviewed,trn,trn,2011
2011-10-11T23:45:39.600Z,10.375,-62.306,3.0,4.1,md,23.0,88.8,,,us,usp000j98f,2014-11-07T01:46:06.178Z,"22 km S of Güiria, Venezuela",earthquake,,,,,reviewed,trn,trn,2011
2011-10-02T17:27:06.000Z,11.74,-69.56,19.0,4.1,mw,25.0,47.3,,,us,usp000j8uy,2014-11-07T01:46:02.340Z,"39 km NNE of Coro, Venezuela",earthquake,,,,,reviewed,car,car,2011
2011-09-08T10:30:49.370Z,10.352,-62.72,64.5,4.4,mw,34.0,80.4,,1.29,us,usp000j7sp,2014-11-07T01:45:51.454Z,"52 km WSW of Güiria, Venezuela",earthquake,,7.4,,,reviewed,us,car,2011
2011-08-27T16:15:29.700Z,12.48,-69.72,15.0,4.7,mw,61.0,54.2,,,us,usp000j74j,2015-03-24T01:41:56.143Z,"101 km NNE of Punto Fijo, Venezuela",earthquake,,,,,reviewed,car,car,2011
2011-05-26T22:50:25.400Z,10.666,-64.779,10.7,4.0,mw,7.0,257.7,,,us,usp000j28f,2014-11-07T01:44:55.337Z,near the coast of Venezuela,earthquake,,,,,reviewed,car,car,2011
2011-05-16T22:18:24.120Z,10.779,-62.285,102.0,4.7,mb,85.0,29.9,,,us,usp000j1q4,2014-11-07T01:44:51.776Z,"22 km N of Güiria, Venezuela",earthquake,,,,6.0,reviewed,trn,us,2011
2011-03-12T09:26:40.800Z,12.077,-69.893,17.3,4.1,mw,24.0,94.6,,,us,usp000hwde,2014-11-07T01:44:01.919Z,"54 km NE of Punto Fijo, Venezuela",earthquake,,,,,reviewed,car,car,2011
2011-03-01T04:44:40.980Z,11.265,-62.054,126.0,4.3,mw,20.0,69.3,,,us,usp000hv73,2014-11-07T01:43:49.676Z,"80 km NNE of Güiria, Venezuela",earthquake,,,,,reviewed,trn,car,2011
2011-02-04T12:16:54.840Z,11.322,-62.146,149.1,5.2,mwc,458.0,14.4,,1.08,us,usp000hu2q,2025-12-22T15:58:36.585Z,"84 km NNE of Güiria, Venezuela",earthquake,,1.8,,,reviewed,us,gcmt,2011
2010-11-29T02:13:40.850Z,10.858,-62.207,105.0,4.1,md,13.0,265.2,,,us,usp000hq9r,2014-11-07T01:42:58.973Z,"32 km NNE of Güiria, Venezuela",earthquake,,,,,reviewed,trn,trn,2010
2010-11-27T01:14:49.700Z,9.905,-69.669,5.0,4.2,mw,92.0,34.7,,,us,usp000hq66,2022-07-19T00:52:40.058Z,"5 km WSW of Quíbor, Venezuela",earthquake,,,,,reviewed,car,car,2010
2010-11-26T10:26:02.000Z,8.608,-71.379,5.0,4.0,mw,12.0,101.3,,,us,usp000hq4z,2014-11-07T01:42:58.247Z,"16 km WNW of Ejido, Venezuela",earthquake,,,,,reviewed,car,car,2010
2010-10-17T09:59:29.700Z,11.304,-70.386,11.7,4.0,mw,20.0,134.1,,,us,usp000hn72,2014-11-07T01:42:43.054Z,"43 km SSW of Punta Cardón, Venezuela",earthquake,,,,,reviewed,car,car,2010
2010-09-22T19:50:45.200Z,10.421,-62.1,14.0,3.8,mw,16.0,131.6,,,us,usp000hm2s,2014-11-07T01:42:30.177Z,"27 km SE of Güiria, Venezuela",earthquake,,,,,reviewed,trn,car,2010
2010-09-17T14:25:25.280Z,10.231,-62.287,10.0,3.8,mw,20.0,73.2,,1.18,us,usp000hkuw,2014-11-07T01:42:28.648Z,"38 km S of Güiria, Venezuela",earthquake,,,,,reviewed,us,car,2010
2010-08-14T08:40:40.690Z,11.291,-62.398,136.9,5.2,mwc,348.0,24.8,,1.09,us,usp000hj4g,2025-12-22T15:49:22.507Z,"79 km N of Güiria, Venezuela",earthquake,,2.3,,,reviewed,us,gcmt,2010
2010-08-13T23:50:37.300Z,9.57,-62.71,23.8,4.4,mw,71.0,54.4,,,us,usp000hj2x,2014-11-07T01:42:14.130Z,"55 km ESE of Maturín, Venezuela",earthquake,,,,,reviewed,car,car,2010
2010-08-02T19:32:11.540Z,11.163,-69.319,16.5,4.0,mb,28.0,67.0,,1.14,us,usp000hhd5,2014-11-07T01:42:08.919Z,"47 km SE of Coro, Venezuela",earthquake,,16.9,,1.0,reviewed,us,us,2010
2010-07-25T13:50:13.700Z,10.849,-70.482,5.0,4.1,mw,16.0,88.8,,,us,usp000hgsv,2014-11-07T01:42:01.438Z,"86 km NNW of Carora, Venezuela",earthquake,,,,,reviewed,car,car,2010
2010-07-13T10:33:15.800Z,10.612,-62.468,83.3,4.0,mw,10.0,222.8,,,us,usp000hf82,2014-11-07T01:41:52.997Z,"18 km WNW of Güiria, Venezuela",earthquake,,,,,reviewed,car,car,2010
2010-07-06T13:47:49.640Z,10.358,-62.448,49.5,5.0,mw,138.0,45.8,,0.95,us,usp000heyx,2022-07-18T15:45:51.485Z,"29 km SW of Güiria, Venezuela",earthquake,,4.1,,,reviewed,us,car,2010
2010-05-21T02:42:46.300Z,10.97,-62.25,78.9,3.7,mw,15.0,119.2,,,us,usp000hd02,2014-11-07T01:41:30.875Z,"43 km N of Güiria, Venezuela",earthquake,,,,,reviewed,car,car,2010
2010-05-02T21:21:51.200Z,10.91,-62.17,92.4,4.6,mw,220.0,22.9,,,us,usp000hc82,2022-07-16T12:31:01.379Z,"39 km NNE of Güiria, Venezuela",earthquake,,,,,reviewed,car,car,2010
2010-04-30T19:18:59.400Z,10.98,-63.78,5.0,3.7,mw,21.0,81.0,,,us,usp000hc4p,2022-07-16T12:18:15.535Z,near the coast of Venezuela,earthquake,,,,,reviewed,car,car,2010
2010-04-21T19:29:28.880Z,10.341,-62.259,7.0,4.6,mw,188.0,45.4,,,us,usp000hbrn,2014-11-07T01:41:18.428Z,"26 km S of Güiria, Venezuela",earthquake,,,,,reviewed,trn,car,2010
2010-03-05T21:46:47.800Z,10.88,-63.81,9.9,4.0,mw,5.0,193.0,,,us,usp000h8sq,2022-07-16T05:16:57.081Z,"10 km SE of Porlamar, Venezuela",earthquake,,,,,reviewed,car,car,2010
2010-02-13T06:04:07.400Z,10.594,-62.419,79.5,4.3,mw,29.0,100.8,,,us,usp000h78j,2014-11-07T01:40:42.310Z,"13 km W of Güiria, Venezuela",earthquake,,,,,reviewed,car,car,2010
2010-02-01T11:06:28.930Z,8.945,-71.005,29.0,4.6,mb,94.0,37.2,,0.78,us,usp000h6us,2014-11-07T01:40:37.811Z,"42 km NNE of Mérida, Venezuela",earthquake,,6.0,,33.0,reviewed,us,us,2010
2010-01-15T18:00:46.700Z,10.454,-63.475,8.1,5.6,mwc,325.0,22.5,,1.13,us,usp000h65y,2026-02-28T13:14:06.014Z,"33 km SW of Carúpano, Venezuela",earthquake,,5.6,,,reviewed,us,gcmt,2010
2010-01-13T08:14:49.100Z,12.209,-70.018,12.2,4.2,mw,36.0,50.2,,,us,usp000h62c,2014-11-07T01:40:27.396Z,"60 km NNE of Punto Fijo, Venezuela",earthquake,,,,,reviewed,car,car,2010
2010-01-08T09:31:35.600Z,10.44,-69.74,5.0,4.8,mw,139.0,26.0,,,us,usp000h5ux,2022-05-02T21:33:57.142Z,"47 km NE of Carora, Venezuela",earthquake,,,,,reviewed,car,car,2010
2010-01-08T09:21:16.700Z,10.45,-69.77,5.0,4.7,mw,22.0,89.3,,,us,usp000h5uw,2014-11-07T01:40:25.822Z,"45 km NE of Carora, Venezuela",earthquake,,,,,reviewed,car,car,2010
2010-01-05T03:36:16.400Z,10.86,-62.43,105.5,4.8,mb,163.0,20.7,,,us,usp000h5r5,2022-07-15T23:43:00.173Z,"34 km NNW of Güiria, Venezuela",earthquake,,,,56.0,reviewed,car,us,2010
2009-12-31T10:50:32.400Z,9.682,-70.02,5.0,4.4,mw,22.0,80.6,,,us,usp000h5j7,2014-11-07T01:40:20.472Z,"27 km WSW of El Tocuyo, Venezuela",earthquake,,,,,reviewed,car,car,2009
2009-12-22T12:05:12.500Z,10.462,-69.779,5.0,4.0,mw,25.0,54.6,,,us,usp000h58z,2014-11-07T01:40:17.972Z,"46 km NE of Carora, Venezuela",earthquake,,,,,reviewed,car,car,2009
2009-11-27T08:15:53.360Z,10.434,-69.715,7.0,5.4,mwb,346.0,24.1,,1.0,us,usp000h4fn,2022-07-15T21:48:51.454Z,"49 km NE of Carora, Venezuela",earthquake,,,,,reviewed,us,us,2009
2009-11-16T11:57:39.700Z,7.99,-71.858,5.0,4.0,mw,16.0,108.2,,,us,usp000h43q,2014-11-07T01:40:07.041Z,"44 km ENE of Táriba, Venezuela",earthquake,,,,,reviewed,car,car,2009
2009-11-14T12:56:15.700Z,10.706,-62.499,97.0,4.2,mw,33.0,55.0,,,us,usp000h41r,2014-11-07T01:40:06.541Z,"26 km WNW of Güiria, Venezuela",earthquake,,,,,reviewed,car,car,2009
2009-09-28T01:20:27.500Z,11.4,-69.65,27.0,4.3,mw,51.0,47.4,,,us,usp000h1xb,2014-11-07T01:39:45.238Z,"2 km E of Coro, Venezuela",earthquake,,,,,reviewed,car,car,2009
2009-09-19T23:10:02.080Z,10.707,-62.607,92.0,4.8,mb,131.0,53.8,,0.72,us,usp000h1pe,2022-07-15T17:53:27.539Z,"36 km WNW of Güiria, Venezuela",earthquake,,,,32.0,reviewed,us,us,2009
2009-09-12T20:06:25.470Z,10.709,-67.927,14.0,6.4,mwc,508.0,18.3,,1.24,us,usp000h1fu,2022-07-15T17:40:17.902Z,"27 km NNE of Puerto Cabello, Venezuela",earthquake,,,,,reviewed,us,gcmt,2009
2009-07-23T19:55:53.200Z,11.575,-70.458,29.0,4.6,mw,93.0,22.6,,,us,usp000gzje,2022-07-15T14:35:22.632Z,"28 km WSW of Punta Cardón, Venezuela",earthquake,,,,,reviewed,car,car,2009
2009-07-21T10:10:46.500Z,8.688,-70.252,1.5,4.6,mw,142.0,40.7,,,us,usp000gzgp,2022-07-15T14:25:08.604Z,"8 km NW of Barinas, Venezuela",earthquake,,,,,reviewed,car,car,2009
2009-05-04T09:27:19.800Z,10.24,-67.08,3.5,4.0,mw,18.0,169.3,,,us,usp000gwty,2014-11-07T01:38:54.972Z,"10 km E of Las Tejerías, Venezuela",earthquake,,,,,reviewed,car,car,2009
2009-05-04T09:10:20.900Z,10.2,-67.01,6.1,5.5,mwb,341.0,47.6,,,us,usp000gwtx,2022-07-15T09:26:48.051Z,"14 km WNW of Cúa, Venezuela",earthquake,,,,,reviewed,car,us,2009
2009-04-06T04:51:37.300Z,10.8,-67.9,1.0,4.4,mw,71.0,28.4,,,us,usp000gvu2,2014-11-07T01:38:44.556Z,"38 km NNE of Puerto Cabello, Venezuela",earthquake,,,,,reviewed,car,car,2009
2009-04-06T00:26:43.100Z,10.77,-69.72,1.5,4.0,mw,60.0,62.1,,,us,usp000gvtr,2022-07-15T07:13:52.414Z,"70 km S of Coro, Venezuela",earthquake,,,,,reviewed,car,car,2009
2009-04-05T20:24:13.550Z,10.757,-66.839,10.0,4.3,mw,13.0,94.9,,1.3,us,usp000gvtc,2022-07-15T07:09:14.511Z,"16 km N of Caraballeda, Venezuela",earthquake,,,,,reviewed,us,car,2009
2009-03-28T13:10:16.400Z,10.306,-62.46,3.8,4.5,mw,99.0,59.1,,,us,usp000gvgv,2014-11-07T01:38:38.391Z,near the coast of Venezuela,earthquake,,,,,reviewed,car,car,2009
2009-03-25T01:42:12.000Z,10.786,-62.255,82.3,4.3,mw,134.0,17.7,,,us,usp000gvcv,2022-07-15T06:26:08.161Z,"23 km NNE of Güiria, Venezuela",earthquake,,,,,reviewed,car,car,2009
2009-02-13T21:22:00.000Z,10.98,-62.0,22.0,3.6,md,7.0,230.9,,,us,usp000gtxj,2014-11-07T01:38:23.775Z,"55 km NE of Güiria, Venezuela",earthquake,,,,,reviewed,trn,trn,2009
2008-12-20T21:20:29.200Z,12.892,-70.536,3.1,4.1,mw,24.0,110.7,,,us,usp000gr22,2014-11-07T01:38:00.665Z,"137 km NNW of Punto Fijo, Venezuela",earthquake,,,,,reviewed,car,car,2008
2008-11-28T04:18:40.390Z,10.867,-62.342,90.4,4.1,mb,55.0,44.5,,1.11,us,usp000gpkb,2014-11-07T01:37:48.573Z,"32 km N of Güiria, Venezuela",earthquake,,4.0,,14.0,reviewed,us,us,2008
2008-10-19T19:42:34.200Z,10.733,-62.246,79.2,4.3,mw,116.0,45.8,,,us,usp000gkkx,2014-11-07T01:37:30.532Z,"18 km NNE of Güiria, Venezuela",earthquake,,,,,reviewed,car,car,2008
2008-10-02T15:11:06.490Z,7.635,-71.887,10.0,4.8,mb,11.0,92.5,,1.13,us,usp000gj5k,2014-11-07T01:37:22.079Z,"40 km ESE of San Cristóbal, Venezuela",earthquake,,,,1.0,reviewed,us,us,2008
2008-08-31T20:00:05.100Z,10.456,-62.262,85.0,3.1,md,7.0,301.9,,,us,usp000gg3p,2014-11-07T01:37:02.407Z,"13 km SSE of Güiria, Venezuela",earthquake,,,,,reviewed,trn,trn,2008
2008-08-28T18:03:31.100Z,10.977,-62.34,64.0,2.8,md,4.0,273.7,,,us,usp000gfvb,2014-11-07T01:37:00.896Z,"44 km N of Güiria, Venezuela",earthquake,,,,,reviewed,trn,trn,2008
2008-08-20T07:38:48.900Z,10.888,-62.182,73.0,3.0,md,4.0,267.7,,,us,usp000gf2h,2014-11-07T01:36:57.141Z,"36 km NNE of Güiria, Venezuela",earthquake,,,,,reviewed,trn,trn,2008
2008-08-17T23:58:33.600Z,10.235,-69.676,5.0,4.6,mw,65.0,71.6,,,us,usp000gex9,2014-11-07T01:36:56.091Z,"34 km N of Quíbor, Venezuela",earthquake,,,,,reviewed,car,car,2008
2008-08-16T06:18:53.430Z,11.023,-62.102,62.0,2.8,md,5.0,243.3,,,us,usp000gesr,2014-11-07T01:36:54.953Z,"53 km NNE of Güiria, Venezuela",earthquake,,,,,reviewed,trn,trn,2008
2008-08-14T15:23:53.530Z,10.387,-62.465,3.0,3.2,md,5.0,298.2,,,us,usp000genw,2014-11-07T01:36:53.979Z,near the coast of Venezuela,earthquake,,,,,reviewed,trn,trn,2008
2008-08-13T08:15:43.070Z,10.912,-62.251,68.0,2.8,md,4.0,271.4,,,us,usp000gej9,2014-11-07T01:36:53.538Z,"37 km N of Güiria, Venezuela",earthquake,,,,,reviewed,trn,trn,2008
2008-08-11T07:19:26.400Z,10.514,-64.171,13.1,5.2,mwc,386.0,20.8,,,us,usp000gedr,2022-05-02T19:44:06.269Z,"6 km N of Cumaná, Venezuela",earthquake,,,,,reviewed,car,gcmt,2008
2008-08-10T09:56:52.400Z,10.478,-62.235,3.0,3.1,md,6.0,276.9,,,us,usp000geb3,2014-11-07T01:36:52.370Z,"12 km SSE of Güiria, Venezuela",earthquake,,,,,reviewed,trn,trn,2008
2008-08-10T08:29:40.080Z,10.601,-62.13,3.0,2.9,md,6.0,263.6,,,us,usp000geat,2014-11-07T01:36:52.296Z,"18 km E of Güiria, Venezuela",earthquake,,,,,reviewed,trn,trn,2008
2008-08-09T19:09:10.640Z,10.956,-62.225,74.0,3.1,md,7.0,255.0,,,us,usp000ge9t,2014-11-07T01:36:52.177Z,"42 km N of Güiria, Venezuela",earthquake,,,,,reviewed,trn,trn,2008
2008-08-08T22:47:42.830Z,10.42,-62.167,3.0,2.7,md,6.0,277.8,,,us,usp000ge7u,2014-11-07T01:36:51.897Z,"22 km SE of Güiria, Venezuela",earthquake,,,,,reviewed,trn,trn,2008
2008-08-01T10:00:31.110Z,10.968,-62.317,80.0,2.9,md,5.0,314.5,,,us,usp000gdke,2014-11-07T01:36:47.762Z,"43 km N of Güiria, Venezuela",earthquake,,,,,reviewed,trn,trn,2008
2008-07-30T09:24:01.960Z,10.608,-62.203,10.0,3.2,md,5.0,267.7,,,us,usp000gdf4,2014-11-07T01:36:44.216Z,"10 km ENE of Güiria, Venezuela",earthquake,,,,,reviewed,trn,trn,2008
2008-07-29T23:20:43.900Z,10.77,-62.35,81.4,3.8,md,11.0,265.8,,,us,usp000gde9,2014-11-07T01:36:44.138Z,"22 km NNW of Güiria, Venezuela",earthquake,,,,,reviewed,car,car,2008
2008-07-28T09:42:26.450Z,11.045,-62.137,86.0,3.1,md,5.0,256.0,,,us,usp000gdan,2014-11-07T01:36:43.651Z,"54 km NNE of Güiria, Venezuela",earthquake,,,,,reviewed,trn,trn,2008
2008-07-27T21:42:10.300Z,10.46,-62.64,1.9,3.5,md,13.0,79.8,,,us,usp000gd9m,2014-11-07T01:36:43.551Z,"39 km WSW of Güiria, Venezuela",earthquake,,,,,reviewed,car,car,2008
2008-07-25T03:52:33.570Z,11.027,-62.454,72.0,3.2,md,4.0,344.4,,,us,usp000gd3j,2014-11-07T01:36:42.857Z,"52 km NNW of Güiria, Venezuela",earthquake,,,,,reviewed,trn,trn,2008
2008-07-21T19:28:45.860Z,10.881,-62.034,92.0,2.9,md,5.0,252.5,,,us,usp000gcu2,2014-11-07T01:36:41.276Z,"44 km NE of Güiria, Venezuela",earthquake,,,,,reviewed,trn,trn,2008
2008-07-20T09:57:55.660Z,10.777,-62.288,79.0,4.0,md,13.0,262.8,,,us,usp000gcpx,2014-11-07T01:36:40.846Z,"22 km N of Güiria, Venezuela",earthquake,,,,,reviewed,trn,trn,2008
2008-07-16T23:59:46.900Z,10.91,-62.2,21.1,3.6,md,11.0,252.9,,,us,usp000gccg,2014-11-07T01:36:39.032Z,"38 km NNE of Güiria, Venezuela",earthquake,,,,,reviewed,car,trn,2008
2008-07-10T05:06:24.960Z,10.817,-62.003,45.0,2.8,md,4.0,333.4,,,us,usp000gbt7,2014-11-07T01:36:36.373Z,"41 km NE of Güiria, Venezuela",earthquake,,,,,reviewed,trn,trn,2008
2008-07-09T18:50:20.430Z,10.955,-62.262,87.0,3.5,md,10.0,255.4,,,us,usp000gbrw,2014-11-07T01:36:36.171Z,"41 km N of Güiria, Venezuela",earthquake,,,,,reviewed,trn,trn,2008
2008-07-09T03:55:15.520Z,10.351,-62.226,5.0,3.1,md,6.0,321.0,,,us,usp000gbpw,2014-11-07T01:36:35.937Z,"26 km SSE of Güiria, Venezuela",earthquake,,,,,reviewed,trn,trn,2008
2008-07-04T17:28:44.520Z,10.502,-62.182,5.0,3.4,md,5.0,319.4,,,us,usp000gbb3,2014-11-07T01:36:34.246Z,"15 km ESE of Güiria, Venezuela",earthquake,,,,,reviewed,trn,trn,2008
2008-07-03T21:17:20.080Z,10.393,-62.232,12.0,3.4,md,6.0,282.1,,,us,usp000gb8y,2014-11-07T01:36:33.813Z,"21 km SSE of Güiria, Venezuela",earthquake,,,,,reviewed,trn,trn,2008
2008-06-27T05:08:11.640Z,11.148,-62.413,147.6,5.2,mwc,290.0,35.8,,0.99,us,usp000gap7,2025-12-22T15:33:10.719Z,"64 km N of Güiria, Venezuela",earthquake,,2.2,,,reviewed,us,gcmt,2008
2008-06-16T00:36:32.290Z,10.839,-62.138,78.8,2.7,md,6.0,269.1,,,us,usp000g9s5,2014-11-07T01:36:21.854Z,"33 km NNE of Güiria, Venezuela",earthquake,,,,,reviewed,trn,trn,2008
2008-06-13T05:21:51.550Z,10.844,-62.259,67.2,3.5,md,15.0,258.8,,,us,usp000g9ec,2014-11-07T01:36:20.451Z,"29 km N of Güiria, Venezuela",earthquake,,,,,reviewed,trn,trn,2008
2008-06-11T13:31:18.870Z,10.521,-62.438,1.2,3.1,md,6.0,293.6,,,us,usp000g97w,2014-11-07T01:36:19.275Z,"16 km WSW of Güiria, Venezuela",earthquake,,,,,reviewed,trn,trn,2008
2008-06-09T11:01:47.600Z,9.363,-63.196,16.9,4.1,mw,17.0,71.3,,,us,usp000g909,2014-11-07T01:36:17.028Z,"42 km S of Maturín, Venezuela",earthquake,,,,,reviewed,car,car,2008
2008-06-07T22:21:18.040Z,10.932,-62.081,73.8,3.0,md,9.0,244.0,,,us,usp000g8uu,2014-11-07T01:36:15.985Z,"45 km NNE of Güiria, Venezuela",earthquake,,,,,reviewed,trn,trn,2008
2008-06-01T01:58:33.620Z,10.886,-62.036,95.2,3.6,md,12.0,241.7,,,us,usp000g88v,2014-11-07T01:36:11.239Z,"44 km NE of Güiria, Venezuela",earthquake,,,,,reviewed,trn,trn,2008
2008-05-29T18:33:00.680Z,10.928,-62.241,91.3,4.0,md,36.0,92.5,,,us,usp000g82d,2014-11-07T01:36:07.706Z,"39 km N of Güiria, Venezuela",earthquake,,,,,reviewed,trn,trn,2008
2008-05-29T06:09:10.940Z,10.733,-62.41,75.4,3.6,md,11.0,270.5,,,us,usp000g812,2014-11-07T01:36:07.522Z,"21 km NW of Güiria, Venezuela",earthquake,,,,,reviewed,trn,trn,2008
2008-05-25T00:08:06.360Z,10.848,-62.511,99.4,3.1,md,6.0,275.7,,,us,usp000g7py,2014-11-07T01:36:05.962Z,"37 km NW of Güiria, Venezuela",earthquake,,,,,reviewed,trn,trn,2008
2008-05-24T14:12:51.820Z,10.993,-62.146,88.7,3.3,md,18.0,246.4,,,us,usp000g7nf,2014-11-07T01:36:05.340Z,"48 km NNE of Güiria, Venezuela",earthquake,,,,,reviewed,trn,trn,2008
2008-05-19T13:05:39.490Z,10.393,-62.222,3.0,3.2,md,7.0,281.7,,,us,usp000g788,2014-11-07T01:36:03.328Z,"22 km SSE of Güiria, Venezuela",earthquake,,,,,reviewed,trn,trn,2008
2008-05-18T18:32:12.610Z,10.961,-62.352,60.0,2.7,md,7.0,263.8,,,us,usp000g76b,2014-11-07T01:36:03.063Z,"42 km N of Güiria, Venezuela",earthquake,,,,,reviewed,trn,trn,2008
2008-05-17T14:42:47.200Z,10.614,-62.157,39.0,3.0,md,5.0,280.7,,,us,usp000g72x,2014-11-07T01:36:02.132Z,"16 km ENE of Güiria, Venezuela",earthquake,,,,,reviewed,trn,trn,2008
2008-05-17T09:10:51.580Z,10.945,-62.161,90.0,3.9,md,40.0,44.6,,,us,usp000g726,2014-11-07T01:36:02.050Z,"43 km NNE of Güiria, Venezuela",earthquake,,,,,reviewed,trn,trn,2008
2008-05-15T17:17:14.900Z,10.811,-62.031,89.0,2.8,md,8.0,270.5,,,us,usp000g6vz,2014-11-07T01:36:00.809Z,"39 km NE of Güiria, Venezuela",earthquake,,,,,reviewed,trn,trn,2008
2008-05-10T00:46:43.570Z,10.465,-62.143,3.0,3.6,md,15.0,247.3,,,us,usp000g5yx,2014-11-07T01:35:54.693Z,"21 km SE of Güiria, Venezuela",earthquake,,,,,reviewed,trn,trn,2008
2008-05-06T08:03:08.280Z,10.966,-62.308,91.0,3.0,md,5.0,260.7,,,us,usp000g5my,2014-11-07T01:35:51.684Z,"43 km N of Güiria, Venezuela",earthquake,,,,,reviewed,trn,trn,2008
2008-05-05T22:08:44.240Z,10.327,-62.266,3.0,3.2,md,7.0,287.4,,,us,usp000g5k9,2014-11-07T01:35:51.518Z,"27 km S of Güiria, Venezuela",earthquake,,,,,reviewed,trn,trn,2008
2008-05-05T03:10:27.150Z,10.428,-62.22,3.0,3.0,md,5.0,291.0,,,us,usp000g5hk,2014-11-07T01:35:51.338Z,"18 km SSE of Güiria, Venezuela",earthquake,,,,,reviewed,trn,trn,2008
2008-04-27T04:25:25.400Z,10.098,-69.536,2.7,4.2,mw,30.0,67.5,,,us,usp000g4yh,2014-11-07T01:35:44.237Z,"19 km W of Barquisimeto, Venezuela",earthquake,,,,,reviewed,car,car,2008
2008-04-21T22:39:56.040Z,10.789,-62.224,83.0,3.4,md,7.0,260.4,,,us,usp000g4ha,2014-11-07T01:35:41.400Z,"24 km NNE of Güiria, Venezuela",earthquake,,,,,reviewed,trn,trn,2008
2008-04-19T00:02:12.100Z,8.943,-61.507,82.0,4.1,md,24.0,159.8,,,us,usp000g497,2014-11-07T01:35:40.405Z,"61 km ESE of Tucupita, Venezuela",earthquake,,,,,reviewed,trn,trn,2008
2008-04-18T02:21:35.220Z,10.292,-62.071,29.0,2.9,md,5.0,310.2,,,us,usp000g46y,2014-11-07T01:35:39.754Z,"40 km SE of Güiria, Venezuela",earthquake,,,,,reviewed,trn,trn,2008
2008-04-16T03:51:53.000Z,11.381,-69.552,15.9,4.1,mw,37.0,57.6,,,us,usp000g41k,2014-11-07T01:35:37.954Z,"13 km E of Coro, Venezuela",earthquake,,,,,reviewed,car,car,2008
2008-04-13T10:09:01.720Z,10.995,-62.194,108.0,3.3,md,16.0,222.6,,,us,usp000g3u4,2014-11-07T01:35:36.605Z,"47 km NNE of Güiria, Venezuela",earthquake,,,,,reviewed,trn,trn,2008
2008-04-11T19:01:46.100Z,12.776,-70.357,21.3,4.0,mw,20.0,87.1,,,us,usp000g3pu,2014-11-07T01:35:35.923Z,"121 km N of Punto Fijo, Venezuela",earthquake,,,,,reviewed,car,car,2008
2008-04-09T23:29:35.470Z,10.822,-62.207,72.0,3.3,md,8.0,256.9,,,us,usp000g3gq,2014-11-07T01:35:34.574Z,"28 km NNE of Güiria, Venezuela",earthquake,,,,,reviewed,trn,trn,2008
2008-04-03T19:07:55.890Z,12.231,-69.971,10.8,4.0,md,21.0,55.0,,0.74,us,usp000g320,2014-11-07T01:35:29.791Z,"64 km NNE of Punto Fijo, Venezuela",earthquake,,16.5,,,reviewed,us,car,2008
2008-04-03T00:04:56.670Z,10.915,-62.213,72.0,3.3,md,7.0,255.2,,,us,usp000g2zp,2014-11-07T01:35:28.325Z,"38 km NNE of Güiria, Venezuela",earthquake,,,,,reviewed,trn,trn,2008
2008-04-02T00:09:24.780Z,11.025,-62.228,95.0,3.4,md,7.0,253.6,,,us,usp000g2xg,2014-11-07T01:35:27.342Z,"50 km N of Güiria, Venezuela",earthquake,,,,,reviewed,trn,trn,2008
2008-03-24T13:30:18.970Z,10.902,-62.462,103.9,4.6,mb,10.0,200.0,,1.26,us,usp000g289,2014-11-07T01:35:18.806Z,"40 km NNW of Güiria, Venezuela",earthquake,,9.6,,1.0,reviewed,us,us,2008
2008-03-20T15:28:18.960Z,10.435,-62.389,20.8,4.7,mb,45.0,88.3,,1.18,us,usp000g1v8,2014-11-07T01:35:16.959Z,"18 km SSW of Güiria, Venezuela",earthquake,,17.1,,18.0,reviewed,us,us,2008
2008-03-11T02:32:18.750Z,11.046,-62.205,73.0,3.1,md,7.0,266.2,,,us,usp000g16u,2014-11-07T01:35:13.786Z,"52 km N of Güiria, Venezuela",earthquake,,,,,reviewed,trn,trn,2008
2008-03-09T22:17:09.310Z,10.639,-62.573,83.3,4.5,mb,37.0,61.0,,0.91,us,usp000g13h,2014-11-07T01:35:13.423Z,"30 km WNW of Güiria, Venezuela",earthquake,,4.5,,2.0,reviewed,us,us,2008
2008-03-09T02:22:20.760Z,10.977,-61.982,100.0,3.0,md,8.0,233.5,,,us,usp000g10p,2014-11-07T01:35:13.111Z,"56 km NE of Güiria, Venezuela",earthquake,,,,,reviewed,trn,trn,2008
2008-03-08T20:58:35.100Z,10.916,-62.29,100.0,3.6,md,28.0,64.6,,,us,usp000g109,2014-11-07T01:35:13.056Z,"37 km N of Güiria, Venezuela",earthquake,,,,,reviewed,trn,trn,2008
2008-03-07T02:51:10.640Z,10.411,-62.144,18.0,2.9,md,4.0,315.8,,,us,usp000g0w1,2014-11-07T01:35:11.934Z,"24 km SE of Güiria, Venezuela",earthquake,,,,,reviewed,trn,trn,2008
2008-03-06T13:48:26.130Z,10.494,-61.934,25.0,2.9,md,6.0,258.9,,,us,usp000g0uz,2014-11-07T01:35:11.856Z,"40 km ESE of Güiria, Venezuela",earthquake,,,,,reviewed,trn,trn,2008
2008-02-29T22:40:27.350Z,10.415,-62.349,6.0,2.9,md,5.0,327.3,,,us,usp000g0au,2014-11-07T01:35:05.300Z,"18 km SSW of Güiria, Venezuela",earthquake,,,,,reviewed,trn,trn,2008
2008-02-29T05:48:36.140Z,10.756,-62.148,91.0,3.0,md,5.0,309.9,,,us,usp000g09f,2014-11-07T01:35:05.073Z,"25 km NE of Güiria, Venezuela",earthquake,,,,,reviewed,trn,trn,2008
2008-02-28T04:48:38.650Z,10.661,-62.602,72.0,3.7,md,10.0,284.0,,,us,usp000g062,2014-11-07T01:35:04.672Z,"34 km WNW of Güiria, Venezuela",earthquake,,,,,reviewed,trn,trn,2008
2008-02-25T10:52:11.400Z,10.178,-70.925,9.2,4.4,mw,21.0,101.1,,,us,usp000fzxe,2014-11-07T01:35:03.466Z,"37 km E of Lagunillas, Venezuela",earthquake,,,,,reviewed,car,car,2008
2008-02-25T07:59:50.890Z,10.157,-70.904,15.4,5.0,mwc,255.0,31.1,,0.99,us,usp000fzx2,2022-07-13T21:30:58.868Z,"39 km E of Lagunillas, Venezuela",earthquake,,,,,reviewed,us,gcmt,2008
2008-02-22T15:18:49.680Z,10.95,-62.013,33.0,3.0,md,4.0,304.4,,,us,usp000fzpc,2014-11-07T01:35:01.679Z,"51 km NE of Güiria, Venezuela",earthquake,,,,,reviewed,trn,trn,2008
2008-02-21T18:46:31.550Z,10.883,-62.281,70.0,3.6,md,13.0,240.1,,,us,usp000fzj9,2014-11-07T01:35:00.645Z,"33 km N of Güiria, Venezuela",earthquake,,,,,reviewed,trn,trn,2008
2008-02-19T04:45:15.550Z,9.395,-62.008,49.0,3.8,md,10.0,326.5,,,us,usp000fz7c,2014-11-07T01:34:58.588Z,"37 km N of Tucupita, Venezuela",earthquake,,,,,reviewed,trn,trn,2008
2008-02-14T10:53:43.170Z,10.257,-62.241,8.0,2.9,md,6.0,291.1,,,us,usp000fyw8,2014-11-07T01:34:56.985Z,"35 km S of Güiria, Venezuela",earthquake,,,,,reviewed,trn,trn,2008
2008-02-14T06:25:46.120Z,10.95,-63.075,1.0,3.6,md,4.0,348.8,,,us,usp000fyvr,2014-11-07T01:34:56.865Z,"37 km NNE of Carúpano, Venezuela",earthquake,,,,,reviewed,trn,trn,2008
2008-02-14T05:30:44.910Z,10.394,-62.194,3.0,3.4,md,7.0,280.6,,,us,usp000fyvp,2014-11-07T01:34:56.862Z,"23 km SSE of Güiria, Venezuela",earthquake,,,,,reviewed,trn,trn,2008
2008-02-13T22:41:31.510Z,10.434,-62.385,3.0,3.2,md,6.0,285.3,,,us,usp000fyuy,2014-11-07T01:34:56.772Z,"18 km SSW of Güiria, Venezuela",earthquake,,,,,reviewed,trn,trn,2008
2008-02-13T20:06:40.690Z,10.32,-62.256,6.0,4.8,mw,182.0,50.5,,,us,usp000fyuk,2022-07-13T22:09:58.547Z,"28 km S of Güiria, Venezuela",earthquake,,,,,reviewed,trn,car,2008
2008-02-12T08:56:39.110Z,11.065,-62.296,109.0,3.4,md,14.0,145.5,,,us,usp000fyr7,2014-11-07T01:34:56.271Z,"53 km N of Güiria, Venezuela",earthquake,,,,,reviewed,trn,trn,2008
2008-02-11T09:44:59.240Z,10.863,-62.395,75.0,3.3,md,7.0,268.9,,,us,usp000fynt,2014-11-07T01:34:55.942Z,"33 km NNW of Güiria, Venezuela",earthquake,,,,,reviewed,trn,trn,2008
2008-02-06T10:14:54.120Z,11.155,-62.029,115.0,3.1,md,7.0,230.6,,,us,usp000fy9z,2014-11-07T01:34:54.382Z,"70 km NNE of Güiria, Venezuela",earthquake,,,,,reviewed,trn,trn,2008
2008-02-03T01:27:32.630Z,10.324,-62.163,3.0,3.0,md,7.0,284.6,,,us,usp000fy17,2014-11-07T01:34:52.652Z,"31 km SSE of Güiria, Venezuela",earthquake,,,,,reviewed,trn,trn,2008
2008-01-31T03:28:53.910Z,10.786,-62.401,107.0,3.4,md,8.0,284.4,,,us,usp000fxud,2014-11-07T01:34:47.319Z,"25 km NNW of Güiria, Venezuela",earthquake,,,,,reviewed,trn,trn,2008
2008-01-29T04:28:13.500Z,10.233,-71.855,29.6,4.2,mw,76.0,25.7,,,us,usp000fxp8,2014-11-07T01:34:46.643Z,"47 km WSW of Cabimas, Venezuela",earthquake,,,,,reviewed,car,car,2008
2008-01-25T01:20:17.260Z,10.688,-62.289,63.0,3.3,md,5.0,317.4,,,us,usp000fxda,2014-11-07T01:34:45.776Z,"12 km N of Güiria, Venezuela",earthquake,,,,,reviewed,trn,trn,2008
2008-01-19T00:36:14.290Z,10.217,-62.16,3.0,3.2,md,4.0,318.1,,,us,usp000fwzt,2014-11-07T01:34:43.705Z,"42 km SSE of Güiria, Venezuela",earthquake,,,,,reviewed,trn,trn,2008
2008-01-18T14:58:27.390Z,11.083,-62.071,58.0,3.2,md,6.0,239.3,,,us,usp000fwys,2014-11-07T01:34:43.561Z,"61 km NNE of Güiria, Venezuela",earthquake,,,,,reviewed,trn,trn,2008
2008-01-16T23:47:31.600Z,9.724,-72.649,168.5,4.7,mw,182.0,26.2,,,us,usp000fwv8,2014-11-07T01:34:43.033Z,"38 km SSW of Machiques, Venezuela",earthquake,,,,,reviewed,car,car,2008
2008-01-12T14:14:59.880Z,10.265,-62.331,3.0,4.0,md,20.0,163.8,,,us,usp000fwja,2014-11-07T01:34:41.067Z,"34 km S of Güiria, Venezuela",earthquake,,,,,reviewed,trn,trn,2008
2008-01-11T09:05:20.130Z,10.951,-62.191,74.0,3.5,md,9.0,250.8,,,us,usp000fwf7,2014-11-07T01:34:40.229Z,"42 km NNE of Güiria, Venezuela",earthquake,,,,,reviewed,trn,trn,2008
2008-01-10T04:19:33.510Z,11.223,-62.092,114.0,2.8,md,6.0,234.4,,,us,usp000fwct,2014-11-07T01:34:39.958Z,"74 km NNE of Güiria, Venezuela",earthquake,,,,,reviewed,trn,trn,2008
2008-01-08T15:17:03.510Z,10.481,-62.21,1.0,3.5,md,7.0,275.6,,,us,usp000fw8s,2014-11-07T01:34:38.991Z,"14 km SE of Güiria, Venezuela",earthquake,,,,,reviewed,trn,trn,2008
2008-01-06T02:31:56.500Z,9.77,-62.36,26.4,3.7,mw,14.0,201.4,,,us,usp000fw2h,2014-11-07T01:34:37.532Z,"85 km NNW of Tucupita, Venezuela",earthquake,,,,,reviewed,car,car,2008
2008-01-04T09:18:41.520Z,10.359,-62.05,26.0,2.9,md,4.0,307.0,,,us,usp000fvyc,2014-11-07T01:34:36.526Z,"36 km SE of Güiria, Venezuela",earthquake,,,,,reviewed,trn,trn,2008
2008-01-02T02:07:14.100Z,10.836,-62.282,80.0,2.9,md,9.0,260.6,,,us,usp000fvu0,2014-11-07T01:34:35.507Z,"28 km N of Güiria, Venezuela",earthquake,,,,,reviewed,trn,trn,2008
2007-12-28T07:33:30.470Z,11.054,-62.12,66.0,3.4,md,11.0,225.4,,,us,usp000fvg0,2014-11-07T01:34:30.664Z,"56 km NNE of Güiria, Venezuela",earthquake,,,,,reviewed,trn,trn,2007
2007-12-27T23:55:40.700Z,8.285,-71.226,1.1,3.7,mw,7.0,149.0,,,us,usp000fvec,2014-11-07T01:34:30.410Z,"17 km SW of Mucumpiz, Venezuela",earthquake,,,,,reviewed,car,car,2007
2007-12-27T15:51:35.050Z,10.784,-62.502,104.0,3.5,md,10.0,272.1,,,us,usp000fvd7,2014-11-07T01:34:30.270Z,"31 km NW of Güiria, Venezuela",earthquake,,,,,reviewed,trn,trn,2007
2007-12-27T10:27:04.820Z,10.691,-62.441,88.0,2.9,md,5.0,289.0,,,us,usp000fvc5,2014-11-07T01:34:30.093Z,"20 km NW of Güiria, Venezuela",earthquake,,,,,reviewed,trn,trn,2007
2007-12-26T11:33:49.470Z,10.889,-62.455,108.0,3.5,md,18.0,64.1,,,us,usp000fv9b,2014-11-07T01:34:29.183Z,"38 km NNW of Güiria, Venezuela",earthquake,,,,,reviewed,trn,trn,2007
2007-12-26T05:59:52.400Z,10.762,-65.68,5.9,4.6,mw,61.0,30.3,,,us,usp000fv8w,2022-07-13T23:37:25.753Z,"99 km ENE of Guatire, Venezuela",earthquake,,,,,reviewed,car,car,2007
2007-12-12T20:31:31.100Z,10.656,-62.4,75.8,4.9,mwc,153.0,23.4,,,us,usp000fub3,2022-07-14T00:07:10.668Z,"14 km NW of Güiria, Venezuela",earthquake,,,,,reviewed,car,gcmt,2007
2007-12-10T04:02:46.000Z,10.77,-69.4,5.0,4.2,mb,16.0,84.9,,,us,usp000fu61,2014-11-07T01:34:23.386Z,"76 km SSE of Coro, Venezuela",earthquake,,,,1.0,reviewed,car,us,2007
2007-12-04T05:48:33.400Z,10.364,-62.25,18.5,4.0,mw,16.0,133.4,,,us,usp000ftts,2014-11-07T01:34:21.100Z,"24 km SSE of Güiria, Venezuela",earthquake,,,,,reviewed,car,car,2007
2007-11-23T07:21:27.480Z,10.814,-62.233,73.0,2.9,md,6.0,260.0,,,us,usp000ft4d,2014-11-07T01:34:13.913Z,"27 km NNE of Güiria, Venezuela",earthquake,,,,,reviewed,trn,trn,2007
2007-11-23T02:44:01.950Z,10.644,-62.427,100.0,3.1,md,6.0,277.8,,,us,usp000ft44,2014-11-07T01:34:13.881Z,"15 km WNW of Güiria, Venezuela",earthquake,,,,,reviewed,trn,trn,2007
2007-11-19T19:54:08.800Z,10.446,-62.222,3.0,3.1,md,6.0,278.3,,,us,usp000fsx3,2014-11-07T01:34:12.181Z,"16 km SSE of Güiria, Venezuela",earthquake,,,,,reviewed,trn,trn,2007
2007-11-19T08:20:09.760Z,9.004,-63.479,21.9,4.3,md,30.0,107.1,,,us,usp000fsw8,2014-11-07T01:34:12.048Z,"76 km E of San José de Guanipa, Venezuela",earthquake,,,,,reviewed,trn,trn,2007
2007-11-18T04:01:31.630Z,10.846,-61.973,46.0,3.0,md,7.0,237.5,,,us,usp000fsts,2014-11-07T01:34:11.640Z,"46 km NE of Güiria, Venezuela",earthquake,,,,,reviewed,trn,trn,2007
2007-11-16T05:42:05.800Z,10.97,-62.123,79.0,3.3,md,6.0,246.5,,,us,usp000fsp4,2014-11-07T01:34:11.038Z,"47 km NNE of Güiria, Venezuela",earthquake,,,,,reviewed,trn,trn,2007
2007-11-14T10:17:43.790Z,10.859,-62.107,83.0,2.6,md,7.0,248.8,,,us,usp000fsh6,2014-11-07T01:34:10.159Z,"37 km NE of Güiria, Venezuela",earthquake,,,,,reviewed,trn,car,2007
2007-11-13T16:54:41.520Z,10.596,-62.264,93.0,3.1,md,8.0,271.7,,,us,usp000fsg2,2014-11-07T01:34:10.032Z,"4 km ENE of Güiria, Venezuela",earthquake,,,,,reviewed,trn,trn,2007
2007-11-10T05:19:25.650Z,11.121,-62.471,25.0,3.2,md,7.0,269.0,,,us,usp000fsa1,2014-11-07T01:34:08.990Z,"63 km NNW of Güiria, Venezuela",earthquake,,,,,reviewed,trn,trn,2007
2007-11-03T00:18:06.750Z,10.858,-62.342,56.0,3.1,md,9.0,265.0,,,us,usp000frvg,2014-11-07T01:34:06.435Z,"31 km N of Güiria, Venezuela",earthquake,,,,,reviewed,trn,trn,2007
2007-11-02T18:15:11.610Z,10.427,-62.224,3.0,3.0,md,6.0,279.6,,,us,usp000frux,2014-11-07T01:34:06.160Z,"18 km SSE of Güiria, Venezuela",earthquake,,,,,reviewed,trn,trn,2007
2007-11-01T17:44:52.400Z,10.08,-64.35,12.6,4.3,mb,31.0,90.2,,,us,usp000frsn,2014-11-07T01:34:05.279Z,"34 km ESE of Puerto La Cruz, Venezuela",earthquake,,,,5.0,reviewed,car,us,2007
2007-10-28T21:43:38.230Z,11.107,-62.113,83.0,3.0,md,8.0,241.0,,,us,usp000frga,2014-11-07T01:34:00.311Z,"62 km NNE of Güiria, Venezuela",earthquake,,,,,reviewed,trn,trn,2007
2007-10-28T07:15:23.070Z,10.917,-62.286,74.0,3.1,md,4.0,274.5,,,us,usp000freu,2014-11-07T01:34:00.161Z,"37 km N of Güiria, Venezuela",earthquake,,,,,reviewed,trn,trn,2007
2007-10-27T02:03:07.330Z,10.71,-62.399,71.0,3.7,md,12.0,145.5,,,us,usp000frbf,2014-11-07T01:33:59.802Z,"18 km NW of Güiria, Venezuela",earthquake,,,,,reviewed,trn,trn,2007
2007-10-24T04:47:00.010Z,10.337,-62.026,2.0,3.5,md,7.0,279.2,,,us,usp000fr58,2014-11-07T01:33:58.832Z,"39 km SE of Güiria, Venezuela",earthquake,,,,,reviewed,trn,trn,2007
2007-10-21T07:01:35.760Z,10.748,-62.306,64.0,3.4,md,9.0,266.8,,,us,usp000fqzq,2014-11-07T01:33:58.086Z,"18 km N of Güiria, Venezuela",earthquake,,,,,reviewed,trn,trn,2007
2007-10-20T02:34:12.600Z,8.39,-71.29,5.0,3.7,md,10.0,93.8,,,us,usp000fqxm,2014-11-07T01:33:57.857Z,"17 km W of Mucumpiz, Venezuela",earthquake,,,,,reviewed,car,car,2007
2007-10-16T11:58:45.900Z,10.762,-62.32,65.7,4.0,mw,39.0,49.9,,,us,usp000fqpg,2014-11-07T01:33:56.558Z,"20 km N of Güiria, Venezuela",earthquake,,,,,reviewed,car,car,2007
2007-10-14T08:20:53.870Z,10.746,-62.378,96.0,3.4,md,11.0,268.6,,,us,usp000fqhd,2014-11-07T01:33:55.817Z,near the coast of Venezuela,earthquake,,,,,reviewed,trn,trn,2007
2007-10-11T00:36:53.880Z,10.717,-62.154,89.0,3.3,md,8.0,258.7,,,us,usp000fq9u,2014-11-07T01:33:54.037Z,"22 km NE of Güiria, Venezuela",earthquake,,,,,reviewed,trn,trn,2007
2007-09-29T10:38:57.620Z,10.622,-62.551,5.0,3.1,md,5.0,326.5,,,us,usp000fpe2,2014-11-07T01:33:42.018Z,"28 km W of Güiria, Venezuela",earthquake,,,,,reviewed,trn,trn,2007
2007-09-27T02:09:20.530Z,10.647,-62.553,66.0,3.4,md,7.0,293.0,,,us,usp000fp6e,2014-11-07T01:33:40.746Z,"28 km WNW of Güiria, Venezuela",earthquake,,,,,reviewed,trn,trn,2007
2007-09-24T18:08:09.990Z,10.827,-62.213,77.0,3.2,md,13.0,257.4,,,us,usp000fp1b,2014-11-07T01:33:38.985Z,"29 km NNE of Güiria, Venezuela",earthquake,,,,,reviewed,trn,trn,2007
2007-09-20T03:41:43.750Z,10.849,-62.197,70.0,3.1,md,4.0,327.3,,,us,usp000fnrd,2014-11-07T01:33:37.541Z,"32 km NNE of Güiria, Venezuela",earthquake,,,,,reviewed,trn,trn,2007
2007-09-19T23:35:41.680Z,10.935,-62.253,70.0,3.6,md,8.0,257.6,,,us,usp000fnqy,2014-11-07T01:33:37.484Z,"39 km N of Güiria, Venezuela",earthquake,,,,,reviewed,trn,trn,2007
2007-09-17T07:20:02.880Z,10.957,-62.211,65.0,3.2,md,10.0,253.4,,,us,usp000fnh0,2014-11-07T01:33:36.306Z,"43 km NNE of Güiria, Venezuela",earthquake,,,,,reviewed,trn,trn,2007
2007-09-14T10:25:35.800Z,10.173,-71.799,14.0,4.0,mw,20.0,75.5,,,us,usp000fn83,2014-11-07T01:33:35.110Z,"45 km WSW of Cabimas, Venezuela",earthquake,,,,,reviewed,car,car,2007
2007-09-13T03:28:22.110Z,10.914,-62.324,79.0,2.9,md,4.0,328.8,,,us,usp000fn3c,2014-11-07T01:33:34.143Z,"37 km N of Güiria, Venezuela",earthquake,,,,,reviewed,trn,trn,2007
2007-09-09T06:13:24.450Z,10.475,-62.315,3.0,3.8,md,8.0,280.0,,,us,usp000fmrq,2014-11-07T01:33:31.993Z,"11 km S of Güiria, Venezuela",earthquake,,,,,reviewed,trn,trn,2007
2007-09-09T06:11:51.280Z,10.364,-62.259,3.0,3.8,md,8.0,289.8,,,us,usp000fmrp,2014-11-07T01:33:31.991Z,"23 km S of Güiria, Venezuela",earthquake,,,,,reviewed,trn,trn,2007
2007-09-09T01:49:48.870Z,10.91,-62.87,7.0,3.9,md,5.0,329.4,,,us,usp000fmr4,2014-11-07T01:33:31.890Z,"49 km ENE of Carúpano, Venezuela",earthquake,,,,,reviewed,trn,trn,2007
2007-09-08T03:46:20.370Z,10.688,-62.796,93.0,3.9,md,7.0,291.7,,,us,usp000fmp2,2014-11-07T01:33:31.708Z,"50 km E of Carúpano, Venezuela",earthquake,,,,,reviewed,trn,trn,2007
2007-09-05T22:22:57.000Z,10.615,-68.563,2.6,4.2,mw,19.0,77.7,,,us,usp000fmh8,2014-11-07T01:33:30.928Z,"32 km SW of Tucacas, Venezuela",earthquake,,,,,reviewed,car,car,2007
2007-09-05T13:32:30.390Z,10.963,-61.993,77.7,3.0,md,10.0,234.5,,,us,usp000fmg9,2014-11-07T01:33:30.661Z,"54 km NE of Güiria, Venezuela",earthquake,,,,,reviewed,trn,trn,2007
2007-09-05T06:06:40.900Z,10.667,-62.474,3.0,3.1,md,5.0,323.7,,,us,usp000fmfp,2014-11-07T01:33:30.588Z,"21 km WNW of Güiria, Venezuela",earthquake,,,,,reviewed,trn,trn,2007
2007-08-31T05:37:17.800Z,10.85,-62.049,100.4,3.4,md,5.0,268.8,,,us,usp000fm29,2014-11-07T01:33:24.794Z,"40 km NE of Güiria, Venezuela",earthquake,,,,,reviewed,trn,trn,2007
2007-08-30T17:22:54.000Z,10.376,-70.293,5.0,4.0,mw,22.0,60.7,,,us,usp000fm12,2014-11-07T01:33:24.661Z,"32 km NW of Carora, Venezuela",earthquake,,,,,reviewed,car,car,2007
2007-08-30T12:57:16.520Z,10.404,-62.28,3.0,3.5,md,8.0,283.2,,,us,usp000fm0n,2014-11-07T01:33:24.623Z,"19 km S of Güiria, Venezuela",earthquake,,,,,reviewed,trn,trn,2007
2007-08-27T21:43:30.780Z,10.842,-62.028,97.2,3.0,md,9.0,257.3,,,us,usp000fkuj,2014-11-07T01:33:23.671Z,"41 km NE of Güiria, Venezuela",earthquake,,,,,reviewed,trn,trn,2007
2007-08-25T17:53:54.730Z,10.461,-62.129,3.9,3.6,md,13.0,158.1,,,us,usp000fkpk,2014-11-07T01:33:22.798Z,"22 km SE of Güiria, Venezuela",earthquake,,,,,reviewed,trn,trn,2007
2007-08-24T16:54:40.090Z,10.986,-62.187,106.5,3.3,md,9.0,250.8,,,us,usp000fkkx,2014-11-07T01:33:22.533Z,"46 km NNE of Güiria, Venezuela",earthquake,,,,,reviewed,trn,trn,2007
2007-08-19T17:48:38.340Z,10.725,-62.432,68.0,3.1,md,6.0,287.1,,,us,usp000fk7c,2014-11-07T01:33:19.449Z,"21 km NW of Güiria, Venezuela",earthquake,,,,,reviewed,trn,trn,2007
2007-08-16T16:09:30.000Z,11.028,-62.283,102.1,3.6,md,8.0,207.7,,,us,usp000fjxz,2014-11-07T01:33:17.441Z,"49 km N of Güiria, Venezuela",earthquake,,,,,reviewed,trn,trn,2007
2007-08-14T10:51:10.090Z,10.814,-62.279,79.0,3.1,md,6.0,263.1,,,us,usp000fjnu,2014-11-07T01:33:15.924Z,"26 km N of Güiria, Venezuela",earthquake,,,,,reviewed,trn,trn,2007
2007-08-08T03:05:56.430Z,10.889,-62.283,71.8,3.7,md,8.0,260.3,,,us,usp000fj50,2014-11-07T01:33:13.144Z,"34 km N of Güiria, Venezuela",earthquake,,,,,reviewed,trn,trn,2007
2007-08-07T17:40:42.260Z,10.552,-61.924,19.4,2.9,md,6.0,252.5,,,us,usp000fj41,2014-11-07T01:33:12.969Z,"41 km E of Güiria, Venezuela",earthquake,,,,,reviewed,trn,trn,2007
2007-08-06T05:12:51.450Z,10.87,-62.308,48.0,3.8,md,10.0,260.3,,,us,usp000fj06,2014-11-07T01:33:12.536Z,"32 km N of Güiria, Venezuela",earthquake,,,,,reviewed,trn,trn,2007
2007-08-05T22:51:17.590Z,10.974,-62.342,72.0,3.5,md,10.0,258.3,,,us,usp000fhzc,2014-11-07T01:33:12.448Z,"44 km N of Güiria, Venezuela",earthquake,,,,,reviewed,trn,trn,2007
2007-08-02T20:47:22.020Z,10.709,-62.236,54.0,2.6,md,5.0,280.4,,,us,usp000fhr2,2014-11-07T01:33:10.991Z,"16 km NNE of Güiria, Venezuela",earthquake,,,,,reviewed,trn,trn,2007
2007-07-29T01:22:03.620Z,11.053,-62.556,13.0,3.3,md,5.0,321.6,,,us,usp000fhb6,2014-11-07T01:33:04.997Z,"59 km NNW of Güiria, Venezuela",earthquake,,,,,reviewed,trn,trn,2007
2007-07-28T21:58:58.650Z,10.087,-62.281,3.0,3.0,md,5.0,304.8,,,us,usp000fhar,2014-11-07T01:33:04.943Z,"54 km S of Güiria, Venezuela",earthquake,,,,,reviewed,trn,trn,2007
2007-07-28T05:41:45.380Z,11.149,-62.142,91.0,3.1,md,10.0,241.8,,,us,usp000fh8u,2014-11-07T01:33:04.635Z,"65 km NNE of Güiria, Venezuela",earthquake,,,,,reviewed,trn,trn,2007
2007-07-23T22:40:01.240Z,10.225,-62.389,3.0,3.0,md,5.0,301.5,,,us,usp000fgyt,2014-11-07T01:33:02.881Z,"40 km SSW of Güiria, Venezuela",earthquake,,,,,reviewed,trn,trn,2007
2007-07-23T22:21:28.340Z,10.488,-62.442,7.0,3.2,md,7.0,284.5,,,us,usp000fgyr,2014-11-07T01:33:02.827Z,"18 km WSW of Güiria, Venezuela",earthquake,,,,,reviewed,trn,trn,2007
2007-07-23T07:12:49.020Z,10.93,-62.505,106.0,3.9,md,9.0,280.3,,,us,usp000fgxb,2014-11-07T01:33:02.657Z,"45 km NNW of Güiria, Venezuela",earthquake,,,,,reviewed,trn,trn,2007
2007-07-18T16:22:45.780Z,11.063,-62.22,78.0,3.6,md,11.0,248.8,,,us,usp000fgjj,2014-11-07T01:32:59.923Z,"54 km N of Güiria, Venezuela",earthquake,,,,,reviewed,trn,trn,2007
2007-07-16T01:32:18.900Z,10.632,-62.354,89.0,4.9,mb,248.0,36.4,,,us,usp000fg9v,2014-11-07T01:32:58.282Z,"8 km NW of Güiria, Venezuela",earthquake,,,,69.0,reviewed,trn,us,2007
2007-07-13T12:34:39.730Z,10.953,-62.806,4.0,3.3,md,5.0,327.9,,,us,usp000fg3e,2014-11-07T01:32:57.176Z,"58 km ENE of Carúpano, Venezuela",earthquake,,,,,reviewed,trn,trn,2007
2007-07-07T18:53:00.490Z,10.431,-62.493,3.0,3.3,md,4.0,338.1,,,us,usp000ffpf,2014-11-07T01:32:55.214Z,"26 km SW of Güiria, Venezuela",earthquake,,,,,reviewed,trn,trn,2007
2007-07-06T20:03:39.390Z,10.821,-62.377,46.0,3.1,md,6.0,269.0,,,us,usp000ffmd,2014-11-07T01:32:54.970Z,"28 km NNW of Güiria, Venezuela",earthquake,,,,,reviewed,trn,trn,2007
2007-07-06T19:08:19.580Z,10.048,-72.462,174.6,4.6,mb,39.0,61.7,,0.84,us,usp000ffm9,2014-11-07T01:32:54.957Z,"9 km E of Machiques, Venezuela",earthquake,,4.8,,8.0,reviewed,us,us,2007
2007-07-05T18:35:30.590Z,10.73,-63.306,5.0,4.2,mb,17.0,153.9,,,us,usp000ffj9,2014-11-07T01:32:54.691Z,"9 km NW of Carúpano, Venezuela",earthquake,,,,5.0,reviewed,trn,us,2007
2007-07-05T16:03:10.180Z,10.236,-62.211,26.0,3.3,md,6.0,291.9,,,us,usp000ffj1,2014-11-07T01:32:54.672Z,"38 km SSE of Güiria, Venezuela",earthquake,,,,,reviewed,trn,trn,2007
2007-07-05T15:31:14.690Z,10.127,-62.302,8.0,3.2,md,6.0,300.0,,,us,usp000ffhz,2014-11-07T01:32:54.665Z,"49 km S of Güiria, Venezuela",earthquake,,,,,reviewed,trn,trn,2007
2007-07-05T12:32:47.550Z,10.748,-62.368,64.0,3.0,md,4.0,332.8,,,us,usp000ffhn,2014-11-07T01:32:54.626Z,"20 km NNW of Güiria, Venezuela",earthquake,,,,,reviewed,trn,trn,2007
2007-07-05T05:50:12.560Z,10.827,-62.211,74.0,2.8,md,4.0,328.9,,,us,usp000ffh4,2014-11-07T01:32:54.579Z,"29 km NNE of Güiria, Venezuela",earthquake,,,,,reviewed,trn,trn,2007
2007-07-03T09:18:41.430Z,10.868,-62.054,75.0,3.0,md,7.0,256.8,,,us,usp000ffc1,2014-11-07T01:32:53.344Z,"41 km NE of Güiria, Venezuela",earthquake,,,,,reviewed,trn,trn,2007
2007-06-30T04:15:08.580Z,10.182,-62.921,3.0,3.3,md,8.0,176.5,,,us,usp000ff55,2014-11-07T01:32:47.381Z,"56 km NNE of Maturín, Venezuela",earthquake,,,,,reviewed,trn,trn,2007
2007-06-26T20:07:04.990Z,10.864,-62.053,101.0,3.3,md,5.0,268.1,,,us,usp000fexb,2014-11-07T01:32:46.168Z,"41 km NE of Güiria, Venezuela",earthquake,,,,,reviewed,trn,trn,2007
2007-06-25T22:14:49.790Z,10.94,-62.208,102.0,2.9,md,5.0,265.5,,,us,usp000fevw,2014-11-07T01:32:46.038Z,"41 km NNE of Güiria, Venezuela",earthquake,,,,,reviewed,trn,trn,2007
2007-06-20T08:14:16.520Z,7.081,-72.055,53.2,4.2,mb,24.0,84.7,,0.72,us,usp000fedu,2014-11-07T01:32:44.068Z,Colombia-Venezuela border region,earthquake,,7.1,,6.0,reviewed,us,us,2007
2007-06-19T22:27:09.730Z,7.119,-72.057,61.6,3.7,md,10.0,88.1,,0.68,us,usp000fecq,2014-11-07T01:32:43.875Z,Colombia-Venezuela border region,earthquake,,9.0,,,reviewed,us,car,2007
2007-06-04T09:26:21.630Z,10.793,-62.13,83.0,3.0,md,9.0,253.3,,,us,usp000fdbg,2014-11-07T01:32:38.942Z,"30 km NE of Güiria, Venezuela",earthquake,,,,,reviewed,trn,trn,2007
2007-06-04T05:30:04.230Z,10.995,-62.212,34.0,3.3,md,8.0,252.4,,,us,usp000fdb2,2014-11-07T01:32:38.863Z,"47 km NNE of Güiria, Venezuela",earthquake,,,,,reviewed,trn,trn,2007
2007-06-02T06:53:09.720Z,10.929,-62.356,60.0,3.2,md,8.0,263.8,,,us,usp000fd6v,2014-11-07T01:32:37.113Z,"39 km N of Güiria, Venezuela",earthquake,,,,,reviewed,trn,trn,2007
2007-06-02T03:31:07.780Z,10.764,-62.723,3.0,3.3,md,7.0,286.0,,,us,usp000fd6h,2014-11-07T01:32:36.920Z,"50 km WNW of Güiria, Venezuela",earthquake,,,,,reviewed,trn,trn,2007
2007-05-31T12:43:22.390Z,11.199,-62.09,114.0,2.7,md,5.0,237.3,,,us,usp000fd3j,2014-11-07T01:32:34.029Z,"72 km NNE of Güiria, Venezuela",earthquake,,,,,reviewed,trn,trn,2007
2007-05-29T07:42:42.340Z,10.824,-62.323,73.0,3.3,md,6.0,265.6,,,us,usp000fcz5,2014-11-07T01:32:33.262Z,"27 km N of Güiria, Venezuela",earthquake,,,,,reviewed,trn,trn,2007
2007-05-28T05:35:26.360Z,10.778,-62.374,78.0,3.1,md,6.0,283.5,,,us,usp000fcwv,2014-11-07T01:32:32.781Z,"23 km NNW of Güiria, Venezuela",earthquake,,,,,reviewed,trn,trn,2007
2007-05-27T11:20:08.910Z,10.66,-62.493,86.0,3.7,md,8.0,287.1,,,us,usp000fcvd,2014-11-07T01:32:32.307Z,"23 km WNW of Güiria, Venezuela",earthquake,,,,,reviewed,trn,trn,2007
2007-05-26T16:00:01.970Z,10.72,-62.418,66.0,3.1,md,9.0,273.9,,,us,usp000fctg,2014-11-07T01:32:32.108Z,"20 km NW of Güiria, Venezuela",earthquake,,,,,reviewed,trn,trn,2007
2007-05-25T16:54:33.910Z,11.046,-62.112,35.0,3.1,md,5.0,261.9,,,us,usp000fcqv,2014-11-07T01:32:31.690Z,"55 km NNE of Güiria, Venezuela",earthquake,,,,,reviewed,trn,trn,2007
2007-05-25T08:42:16.430Z,10.34,-62.238,2.0,3.3,md,9.0,169.2,,,us,usp000fcpz,2014-11-07T01:32:31.598Z,"27 km SSE of Güiria, Venezuela",earthquake,,,,,reviewed,trn,trn,2007
2007-05-20T18:49:32.830Z,10.798,-62.395,70.0,3.1,md,8.0,283.8,,,us,usp000fccy,2014-11-07T01:32:30.271Z,"26 km NNW of Güiria, Venezuela",earthquake,,,,,reviewed,trn,trn,2007
2007-05-20T02:19:28.160Z,11.014,-62.179,50.0,3.0,md,4.0,341.4,,,us,usp000fcbd,2014-11-07T01:32:30.100Z,"50 km NNE of Güiria, Venezuela",earthquake,,,,,reviewed,trn,trn,2007
2007-05-19T08:55:43.320Z,8.062,-71.954,47.5,4.3,mb,11.0,92.9,,1.18,us,usp000fc9v,2014-11-07T01:32:29.841Z,"33 km E of Colón, Venezuela",earthquake,,14.4,,1.0,reviewed,us,us,2007
2007-05-19T03:06:44.810Z,10.815,-62.37,74.0,2.6,md,6.0,268.8,,,us,usp000fc9f,2014-11-07T01:32:29.774Z,"27 km NNW of Güiria, Venezuela",earthquake,,,,,reviewed,trn,trn,2007
2007-05-16T04:33:00.820Z,10.467,-61.963,43.0,2.9,md,5.0,295.6,,,us,usp000fc2h,2014-11-07T01:32:28.548Z,"38 km ESE of Güiria, Venezuela",earthquake,,,,,reviewed,trn,trn,2007
2007-05-15T15:07:19.960Z,10.69,-62.386,78.0,3.5,md,8.0,286.5,,,us,usp000fc0v,2014-11-07T01:32:28.325Z,"15 km NW of Güiria, Venezuela",earthquake,,,,,reviewed,trn,trn,2007
2007-05-13T17:58:04.770Z,10.775,-62.491,13.0,3.2,md,4.0,334.7,,,us,usp000fbx4,2014-11-07T01:32:27.929Z,"30 km NW of Güiria, Venezuela",earthquake,,,,,reviewed,trn,trn,2007
2007-05-11T06:42:17.080Z,10.742,-62.346,97.0,3.4,md,10.0,142.5,,,us,usp000fbrf,2014-11-07T01:32:26.727Z,"18 km NNW of Güiria, Venezuela",earthquake,,,,,reviewed,trn,trn,2007
2007-05-11T00:30:48.030Z,11.288,-62.109,108.0,3.3,md,13.0,233.1,,,us,usp000fbqx,2014-11-07T01:32:26.656Z,"81 km NNE of Güiria, Venezuela",earthquake,,,,,reviewed,trn,trn,2007
2007-05-09T10:25:21.100Z,9.545,-70.751,4.4,4.9,mw,132.0,25.4,,,us,usp000fbke,2014-11-07T01:32:26.050Z,"29 km NNW of Valera, Venezuela",earthquake,,,,,reviewed,car,car,2007
2007-05-08T02:13:36.200Z,10.581,-62.469,3.0,3.1,md,6.0,282.1,,,us,usp000fbgk,2014-11-07T01:32:25.705Z,"18 km W of Güiria, Venezuela",earthquake,,,,,reviewed,trn,trn,2007
2007-05-05T09:27:25.510Z,9.671,-62.695,3.0,4.0,md,9.0,201.8,,,us,usp000fb9r,2014-11-07T01:32:24.550Z,"54 km E of Maturín, Venezuela",earthquake,,,,,reviewed,trn,trn,2007
2007-05-05T03:57:29.500Z,10.437,-62.638,2.9,4.0,mw,23.0,65.1,,,us,usp000fb92,2014-11-07T01:32:24.392Z,"40 km WSW of Güiria, Venezuela",earthquake,,,,,reviewed,car,car,2007
2007-05-04T17:21:41.790Z,9.652,-62.22,4.0,3.3,md,4.0,330.0,,,us,usp000fb83,2014-11-07T01:32:24.253Z,"68 km NNW of Tucupita, Venezuela",earthquake,,,,,reviewed,trn,trn,2007
2007-05-04T12:16:40.000Z,10.894,-62.263,83.0,4.2,mw,36.0,49.4,,,us,usp000fb7e,2014-11-07T01:32:24.153Z,"35 km N of Güiria, Venezuela",earthquake,,,,,reviewed,trn,car,2007
2007-05-03T18:18:52.770Z,10.419,-62.155,7.0,3.9,md,16.0,82.8,,,us,usp000fb5s,2014-11-07T01:32:23.754Z,"23 km SE of Güiria, Venezuela",earthquake,,,,,reviewed,trn,trn,2007
2007-04-30T13:32:15.690Z,10.918,-62.212,96.0,2.8,md,4.0,340.0,,,us,usp000faxv,2014-11-07T01:32:18.642Z,"38 km NNE of Güiria, Venezuela",earthquake,,,,,reviewed,trn,trn,2007
2007-04-28T22:56:29.250Z,11.051,-62.127,8.0,3.1,md,5.0,306.5,,,us,usp000fau7,2014-11-07T01:32:18.163Z,"55 km NNE of Güiria, Venezuela",earthquake,,,,,reviewed,trn,trn,2007
2007-04-27T01:30:44.740Z,11.016,-62.285,110.0,3.0,md,7.0,257.1,,,us,usp000fapy,2014-11-07T01:32:17.577Z,"48 km N of Güiria, Venezuela",earthquake,,,,,reviewed,trn,trn,2007
2007-04-25T09:39:15.390Z,10.856,-62.241,97.0,3.2,md,6.0,259.1,,,us,usp000fajj,2014-11-07T01:32:16.207Z,"31 km NNE of Güiria, Venezuela",earthquake,,,,,reviewed,trn,trn,2007
2007-04-22T20:53:02.150Z,10.942,-62.44,88.0,3.3,md,6.0,269.7,,,us,usp000fac4,2014-11-07T01:32:15.356Z,"43 km NNW of Güiria, Venezuela",earthquake,,,,,reviewed,trn,trn,2007
2007-04-21T14:10:34.080Z,10.491,-62.138,4.0,3.5,md,6.0,271.4,,,us,usp000fa8u,2014-11-07T01:32:14.958Z,"19 km ESE of Güiria, Venezuela",earthquake,,,,,reviewed,trn,trn,2007
2007-04-21T09:47:58.130Z,10.713,-62.593,109.3,4.6,mb,94.0,41.7,,0.96,us,usp000fa8f,2014-11-07T01:32:14.824Z,"35 km WNW of Güiria, Venezuela",earthquake,,,,30.0,reviewed,us,us,2007
2007-04-17T15:28:14.460Z,10.813,-62.454,90.0,3.1,md,5.0,320.7,,,us,usp000f9xx,2014-11-07T01:32:13.053Z,"31 km NNW of Güiria, Venezuela",earthquake,,,,,reviewed,trn,trn,2007
2007-04-17T03:45:04.200Z,10.878,-63.016,35.0,3.5,md,15.0,146.1,,1.06,us,usp000f9ww,2014-11-07T01:32:12.982Z,"35 km NE of Carúpano, Venezuela",earthquake,,,,,reviewed,us,trn,2007
2007-04-16T13:16:52.860Z,10.887,-62.354,91.0,2.8,md,4.0,331.3,,,us,usp000f9v9,2014-11-07T01:32:12.676Z,"34 km N of Güiria, Venezuela",earthquake,,,,,reviewed,trn,trn,2007
2007-04-15T13:23:39.210Z,10.94,-62.211,108.0,2.7,md,4.0,340.4,,,us,usp000f9sw,2014-11-07T01:32:12.374Z,"41 km NNE of Güiria, Venezuela",earthquake,,,,,reviewed,trn,trn,2007
2007-04-11T11:54:09.470Z,10.962,-62.145,35.0,3.2,md,6.0,248.5,,,us,usp000f9eh,2014-11-07T01:32:10.318Z,"45 km NNE of Güiria, Venezuela",earthquake,,,,,reviewed,trn,trn,2007
2007-04-09T12:29:00.100Z,10.338,-62.031,21.0,3.0,md,4.0,305.4,,,us,usp000f95v,2014-11-07T01:32:09.263Z,"39 km SE of Güiria, Venezuela",earthquake,,,,,reviewed,trn,trn,2007
2007-04-07T02:20:13.010Z,10.875,-62.022,29.0,3.0,md,4.0,335.7,,,us,usp000f8xw,2014-11-07T01:32:08.032Z,"44 km NE of Güiria, Venezuela",earthquake,,,,,reviewed,trn,trn,2007
2007-04-04T04:23:09.330Z,11.178,-64.915,3.0,4.3,md,9.0,166.3,,,us,usp000f8kn,2014-11-07T01:32:05.776Z,"104 km W of Juan Griego, Venezuela",earthquake,,,,,reviewed,trn,trn,2007
2007-04-02T03:24:51.910Z,10.343,-62.222,3.0,3.3,md,4.0,320.7,,,us,usp000f86t,2014-11-07T01:32:03.080Z,"27 km SSE of Güiria, Venezuela",earthquake,,,,,reviewed,trn,trn,2007
2007-03-29T19:19:15.150Z,10.832,-62.165,80.0,3.1,md,6.0,254.4,,,us,usp000f7te,2014-11-07T01:31:57.686Z,"31 km NNE of Güiria, Venezuela",earthquake,,,,,reviewed,trn,trn,2007
2007-03-29T05:17:20.700Z,10.694,-62.479,80.0,3.3,md,6.0,278.5,,,us,usp000f7rt,2014-11-07T01:31:57.448Z,"23 km WNW of Güiria, Venezuela",earthquake,,,,,reviewed,trn,trn,2007
2007-03-27T02:52:10.400Z,10.42,-62.61,0.1,3.5,md,9.0,164.8,,,us,usp000f7k5,2014-11-07T01:31:56.711Z,"38 km WSW of Güiria, Venezuela",earthquake,,,,,reviewed,car,trn,2007
2007-03-26T22:01:22.530Z,10.615,-62.473,86.0,3.2,md,5.0,292.1,,,us,usp000f7j7,2014-11-07T01:31:56.641Z,"19 km WNW of Güiria, Venezuela",earthquake,,,,,reviewed,trn,trn,2007
2007-03-23T08:29:08.610Z,10.474,-62.04,12.0,3.9,md,18.0,53.4,,,us,usp000f77k,2014-11-07T01:31:54.882Z,"30 km ESE of Güiria, Venezuela",earthquake,,,,,reviewed,trn,trn,2007
2007-03-22T12:56:58.100Z,12.149,-70.176,13.1,3.9,mw,69.0,41.9,,,us,usp000f760,2014-11-07T01:31:54.694Z,"50 km N of Punto Fijo, Venezuela",earthquake,,,,,reviewed,car,car,2007
2007-03-21T00:13:23.330Z,10.474,-62.621,0.0,3.4,md,5.0,291.6,,,us,usp000f737,2014-11-07T01:31:54.313Z,"37 km WSW of Güiria, Venezuela",earthquake,,,,,reviewed,trn,trn,2007
2007-03-20T23:27:35.620Z,10.532,-62.531,2.0,3.7,md,24.0,75.6,,,us,usp000f735,2014-11-07T01:31:54.308Z,"25 km W of Güiria, Venezuela",earthquake,,,,,reviewed,trn,trn,2007
2007-03-14T18:36:09.620Z,10.447,-62.386,4.0,3.7,md,8.0,284.4,,,us,usp000f6qk,2014-11-07T01:31:52.523Z,"17 km SSW of Güiria, Venezuela",earthquake,,,,,reviewed,trn,trn,2007
2007-03-14T16:42:49.460Z,10.368,-62.406,3.0,4.1,md,34.0,72.5,,,us,usp000f6q9,2014-11-07T01:31:52.506Z,"25 km SSW of Güiria, Venezuela",earthquake,,,,,reviewed,trn,trn,2007
2007-03-12T23:23:51.600Z,10.848,-62.152,69.8,4.5,mw,105.0,26.7,,,us,usp000f6kf,2014-11-07T01:31:52.007Z,"33 km NNE of Güiria, Venezuela",earthquake,,,,,reviewed,car,car,2007
2007-03-04T11:31:03.540Z,10.669,-63.23,3.0,3.4,md,5.0,336.6,,,us,usp000f62c,2014-11-07T01:31:48.574Z,"2 km E of Carúpano, Venezuela",earthquake,,,,,reviewed,trn,trn,2007
2007-03-02T00:41:44.810Z,10.487,-62.294,2.0,3.2,md,6.0,279.0,,,us,usp000f5x8,2014-11-07T01:31:47.309Z,"9 km S of Güiria, Venezuela",earthquake,,,,,reviewed,trn,trn,2007
2007-02-27T15:30:39.200Z,10.635,-62.492,83.0,3.8,md,8.0,151.4,,,us,usp000f5sa,2014-11-07T01:31:42.915Z,"22 km WNW of Güiria, Venezuela",earthquake,,,,,reviewed,trn,trn,2007
2007-02-27T13:25:48.460Z,10.783,-62.54,78.0,4.4,mw,25.0,73.9,,,us,usp000f5s4,2014-11-07T01:31:42.899Z,"34 km NW of Güiria, Venezuela",earthquake,,,,,reviewed,trn,car,2007
2007-02-27T12:53:31.730Z,10.949,-62.07,76.0,3.0,md,6.0,249.5,,,us,usp000f5s2,2014-11-07T01:31:42.896Z,"48 km NNE of Güiria, Venezuela",earthquake,,,,,reviewed,trn,trn,2007
2007-02-19T01:01:41.930Z,10.41,-62.254,5.0,3.3,md,6.0,281.8,,,us,usp000f54e,2014-11-07T01:31:39.704Z,"19 km SSE of Güiria, Venezuela",earthquake,,,,,reviewed,trn,trn,2007
2007-02-15T21:26:04.120Z,10.84,-62.482,85.0,3.3,md,6.0,274.4,,,us,usp000f4xt,2014-11-07T01:31:38.230Z,"35 km NW of Güiria, Venezuela",earthquake,,,,,reviewed,trn,trn,2007
2007-02-11T06:15:56.100Z,10.425,-62.165,3.0,3.4,md,7.0,252.2,,,us,usp000f4nk,2014-11-07T01:31:36.471Z,"22 km SE of Güiria, Venezuela",earthquake,,,,,reviewed,trn,trn,2007
2007-02-09T14:46:26.630Z,10.398,-62.325,3.0,3.3,md,4.0,336.2,,,us,usp000f4jr,2014-11-07T01:31:36.000Z,"20 km S of Güiria, Venezuela",earthquake,,,,,reviewed,trn,trn,2007
2007-02-08T12:53:25.700Z,9.144,-63.444,4.5,3.8,mb,33.0,62.5,,,us,usp000f4gc,2014-11-07T01:31:35.677Z,"72 km SSW of Maturín, Venezuela",earthquake,,,,1.0,reviewed,car,us,2007
2007-02-07T09:35:24.190Z,10.762,-62.326,43.0,3.0,md,5.0,282.6,,,us,usp000f4e2,2014-11-07T01:31:35.317Z,"20 km N of Güiria, Venezuela",earthquake,,,,,reviewed,trn,trn,2007
2007-02-07T03:03:47.480Z,10.364,-62.224,3.0,3.1,md,6.0,283.7,,,us,usp000f4dp,2014-11-07T01:31:35.283Z,"24 km SSE of Güiria, Venezuela",earthquake,,,,,reviewed,trn,trn,2007
2007-02-03T21:13:42.460Z,11.081,-69.326,12.9,4.5,mb,14.0,105.5,,0.8,us,usp000f47s,2014-11-07T01:31:33.916Z,"52 km SE of Coro, Venezuela",earthquake,,24.1,,2.0,reviewed,us,us,2007
2007-02-01T03:02:57.350Z,10.513,-62.825,3.0,3.7,md,6.0,296.7,,,us,usp000f42d,2014-11-07T01:31:31.389Z,"49 km ESE of Carúpano, Venezuela",earthquake,,,,,reviewed,trn,trn,2007
2007-01-30T00:31:44.050Z,10.371,-62.752,3.0,3.1,md,5.0,334.9,,,us,usp000f3x8,2014-11-07T01:31:28.986Z,"54 km WSW of Güiria, Venezuela",earthquake,,,,,reviewed,trn,trn,2007
2007-01-29T00:53:44.400Z,10.924,-62.102,92.0,3.5,md,15.0,240.4,,,us,usp000f3uz,2014-11-07T01:31:28.582Z,"43 km NNE of Güiria, Venezuela",earthquake,,,,,reviewed,trn,trn,2007
2007-01-25T08:39:18.030Z,11.036,-62.551,3.0,3.3,md,4.0,345.4,,,us,usp000f3j6,2014-11-07T01:31:27.231Z,"57 km NNW of Güiria, Venezuela",earthquake,,,,,reviewed,trn,trn,2007
2007-01-22T07:37:45.810Z,10.867,-62.34,74.2,3.2,md,5.0,316.2,,,us,usp000f39g,2014-11-07T01:31:26.293Z,"32 km N of Güiria, Venezuela",earthquake,,,,,reviewed,trn,trn,2007
2007-01-09T12:35:42.650Z,10.855,-62.653,110.6,0.0,,7.0,138.3,,0.95,us,usp000f21g,2014-11-07T01:31:20.243Z,"49 km NW of Güiria, Venezuela",earthquake,,9.8,,,reviewed,us,us,2007
2006-12-31T05:34:32.600Z,8.732,-61.681,4.6,4.4,mw,63.0,95.9,,,us,usp000f1dg,2014-11-07T01:31:13.545Z,"54 km SE of Tucupita, Venezuela",earthquake,,,,,reviewed,car,car,2006
2006-12-30T20:28:17.200Z,10.452,-62.297,2.2,3.3,md,5.0,324.7,,,us,usp000f1c1,2014-11-07T01:31:13.392Z,"13 km S of Güiria, Venezuela",earthquake,,,,,reviewed,trn,trn,2006
2006-12-27T03:29:37.260Z,10.688,-62.448,59.6,3.0,md,4.0,334.7,,,us,usp000f13e,2014-11-07T01:31:12.197Z,"20 km NW of Güiria, Venezuela",earthquake,,,,,reviewed,trn,trn,2006
2006-12-16T20:19:16.060Z,11.293,-62.343,155.0,3.7,md,18.0,106.2,,,us,usp000f0c4,2014-11-07T01:31:08.992Z,"79 km N of Güiria, Venezuela",earthquake,,,,,reviewed,trn,trn,2006
2006-12-15T16:52:09.050Z,11.046,-62.058,109.0,3.1,md,6.0,238.8,,,us,usp000f096,2014-11-07T01:31:08.587Z,"58 km NNE of Güiria, Venezuela",earthquake,,,,,reviewed,trn,trn,2006
2006-12-14T00:00:07.340Z,10.947,-62.052,99.0,2.9,md,5.0,247.4,,,us,usp000f05s,2014-11-07T01:31:08.177Z,"48 km NNE of Güiria, Venezuela",earthquake,,,,,reviewed,trn,trn,2006
2006-12-10T21:55:58.950Z,10.287,-62.318,3.0,2.9,md,5.0,325.8,,,us,usp000ezzj,2014-11-07T01:31:06.938Z,"32 km S of Güiria, Venezuela",earthquake,,,,,reviewed,trn,trn,2006
2006-12-02T20:27:48.510Z,10.883,-62.042,80.0,3.8,md,7.0,242.3,,,us,usp000ezcq,2014-11-07T01:31:04.005Z,"43 km NE of Güiria, Venezuela",earthquake,,,,,reviewed,trn,trn,2006
2006-11-25T10:07:17.100Z,10.278,-62.334,3.0,3.1,md,6.0,292.0,,,us,usp000eyt1,2014-11-07T01:30:56.878Z,"33 km S of Güiria, Venezuela",earthquake,,,,,reviewed,trn,trn,2006
2006-11-22T10:49:58.120Z,10.405,-62.316,6.0,3.2,md,6.0,284.4,,,us,usp000eyhx,2014-11-07T01:30:55.653Z,near the coast of Venezuela,earthquake,,,,,reviewed,trn,trn,2006
2006-11-22T04:10:09.700Z,10.818,-62.161,90.0,2.9,md,4.0,327.8,,,us,usp000eyh1,2014-11-07T01:30:55.535Z,"30 km NNE of Güiria, Venezuela",earthquake,,,,,reviewed,trn,trn,2006
2006-11-19T00:40:31.760Z,10.449,-62.508,63.0,3.4,md,7.0,297.0,,,us,usp000ey73,2014-11-07T01:30:53.925Z,"26 km WSW of Güiria, Venezuela",earthquake,,,,,reviewed,trn,trn,2006
2006-11-18T06:21:44.680Z,10.281,-62.326,9.0,3.2,md,6.0,291.7,,,us,usp000ey42,2014-11-07T01:30:53.408Z,"32 km S of Güiria, Venezuela",earthquake,,,,,reviewed,trn,trn,2006
2006-11-15T20:25:51.160Z,10.77,-62.686,96.8,4.9,mb,216.0,40.4,,0.95,us,usp000exmr,2014-11-07T01:30:50.342Z,"47 km WNW of Güiria, Venezuela",earthquake,,,,87.0,reviewed,us,us,2006
2006-11-15T13:40:51.680Z,11.075,-62.417,95.0,3.3,md,6.0,266.1,,,us,usp000exgy,2014-11-07T01:30:49.815Z,"56 km NNW of Güiria, Venezuela",earthquake,,,,,reviewed,trn,trn,2006
2006-11-11T23:34:07.890Z,10.956,-62.259,86.0,3.2,md,6.0,257.5,,,us,usp000ex6g,2014-11-07T01:30:48.154Z,"42 km N of Güiria, Venezuela",earthquake,,,,,reviewed,trn,trn,2006
2006-11-11T20:36:23.740Z,11.432,-64.816,27.0,4.1,mb,21.0,67.9,,,us,usp000ex64,2014-11-07T01:30:48.116Z,"100 km WNW of Juan Griego, Venezuela",earthquake,,,,1.0,reviewed,trn,us,2006
2006-11-08T17:12:05.670Z,10.615,-62.359,82.0,3.0,md,6.0,275.7,,,us,usp000ewwv,2014-11-07T01:30:46.815Z,"7 km WNW of Güiria, Venezuela",earthquake,,,,,reviewed,trn,trn,2006
2006-11-07T14:41:24.110Z,10.74,-62.386,72.0,3.2,md,9.0,271.5,,,us,usp000ewts,2014-11-07T01:30:46.303Z,"20 km NNW of Güiria, Venezuela",earthquake,,,,,reviewed,trn,trn,2006
2006-11-06T04:17:50.630Z,10.996,-62.446,96.0,4.0,mb,45.0,45.3,,,us,usp000ewqr,2014-11-07T01:30:45.808Z,"49 km NNW of Güiria, Venezuela",earthquake,,,,6.0,reviewed,trn,us,2006
2006-11-04T18:42:10.410Z,10.803,-62.257,86.0,3.5,md,10.0,242.1,,,us,usp000ewmn,2014-11-07T01:30:45.262Z,near the coast of Venezuela,earthquake,,,,,reviewed,trn,trn,2006
2006-11-03T06:32:51.810Z,10.904,-62.203,78.0,3.0,md,6.0,254.8,,,us,usp000ewhn,2014-11-07T01:30:44.613Z,"37 km NNE of Güiria, Venezuela",earthquake,,,,,reviewed,trn,trn,2006
2006-10-29T17:17:36.430Z,11.078,-62.245,59.0,3.1,md,6.0,253.9,,,us,usp000ew8n,2014-11-07T01:30:38.747Z,"55 km N of Güiria, Venezuela",earthquake,,,,,reviewed,trn,trn,2006
2006-10-28T13:31:54.100Z,11.42,-69.6,14.9,4.0,md,12.0,136.7,,,us,usp000ew6a,2014-11-07T01:30:38.480Z,"8 km ENE of Coro, Venezuela",earthquake,,,,,reviewed,car,car,2006
2006-10-27T16:17:18.530Z,10.923,-62.156,51.0,3.2,md,9.0,250.3,,,us,usp000ew4v,2014-11-07T01:30:38.308Z,"41 km NNE of Güiria, Venezuela",earthquake,,,,,reviewed,trn,trn,2006
2006-10-23T19:50:23.040Z,10.839,-62.552,97.0,3.2,md,8.0,210.7,,,us,usp000evvn,2014-11-07T01:30:37.264Z,"40 km NW of Güiria, Venezuela",earthquake,,,,,reviewed,trn,trn,2006
2006-10-21T08:22:07.170Z,10.697,-62.466,108.0,3.6,md,9.0,191.3,,,us,usp000evph,2014-11-07T01:30:36.638Z,"22 km NW of Güiria, Venezuela",earthquake,,,,,reviewed,trn,trn,2006
2006-10-20T22:58:37.920Z,10.933,-62.2,66.0,3.2,md,6.0,253.7,,,us,usp000evn2,2014-11-07T01:30:36.495Z,"40 km NNE of Güiria, Venezuela",earthquake,,,,,reviewed,trn,trn,2006
2006-10-18T05:24:28.420Z,10.928,-62.116,70.0,3.0,md,6.0,247.0,,,us,usp000evem,2014-11-07T01:30:35.320Z,"43 km NNE of Güiria, Venezuela",earthquake,,,,,reviewed,trn,trn,2006
2006-10-17T20:31:15.090Z,10.637,-62.667,84.0,3.1,md,7.0,287.2,,,us,usp000evdw,2014-11-07T01:30:35.213Z,"40 km W of Güiria, Venezuela",earthquake,,,,,reviewed,trn,trn,2006
2006-10-10T06:24:35.630Z,10.335,-62.168,21.0,2.8,md,5.0,317.2,,,us,usp000euv9,2014-11-07T01:30:31.904Z,"30 km SSE of Güiria, Venezuela",earthquake,,,,,reviewed,trn,trn,2006
2006-10-09T06:18:09.000Z,10.838,-62.27,91.0,3.2,md,4.0,277.9,,,us,usp000eurr,2014-11-07T01:30:31.464Z,"29 km N of Güiria, Venezuela",earthquake,,,,,reviewed,trn,trn,2006
2006-10-02T11:29:30.000Z,10.862,-62.213,109.0,3.0,md,4.0,277.5,,,us,usp000eub7,2014-11-07T01:30:29.107Z,"32 km NNE of Güiria, Venezuela",earthquake,,,,,reviewed,trn,trn,2006
2006-10-02T00:54:39.920Z,10.918,-62.317,77.0,3.2,md,12.0,258.9,,,us,usp000eua2,2014-11-07T01:30:28.719Z,"37 km N of Güiria, Venezuela",earthquake,,,,,reviewed,trn,trn,2006
2006-10-01T03:33:55.030Z,10.506,-62.849,4.0,3.4,md,7.0,297.6,,,us,usp000eu6x,2014-11-07T01:30:27.164Z,near the coast of Venezuela,earthquake,,,,,reviewed,trn,trn,2006
2006-09-28T06:37:58.530Z,11.028,-62.268,89.0,3.0,md,10.0,201.1,,,us,usp000etzh,2014-11-07T01:30:19.668Z,"49 km N of Güiria, Venezuela",earthquake,,,,,reviewed,trn,trn,2006
2006-09-28T03:41:19.730Z,10.157,-62.393,2.0,3.2,md,6.0,299.6,,,us,usp000etz8,2014-11-07T01:30:19.047Z,"47 km SSW of Güiria, Venezuela",earthquake,,,,,reviewed,trn,trn,2006
2006-09-24T00:50:20.530Z,10.867,-62.404,28.0,4.3,mb,32.0,61.8,,,us,usp000etpm,2014-11-07T01:30:16.223Z,"34 km NNW of Güiria, Venezuela",earthquake,,,,4.0,reviewed,trn,us,2006
2006-09-23T18:16:33.840Z,11.1,-62.103,62.0,2.7,md,6.0,243.0,,,us,usp000etp2,2014-11-07T01:30:16.168Z,"61 km NNE of Güiria, Venezuela",earthquake,,,,,reviewed,trn,trn,2006
2006-09-22T13:58:11.910Z,10.83,-62.403,27.0,3.6,md,5.0,270.3,,,us,usp000etkc,2014-11-07T01:30:15.919Z,"30 km NNW of Güiria, Venezuela",earthquake,,,,,reviewed,trn,trn,2006
2006-09-19T06:11:12.730Z,11.176,-62.033,15.0,3.0,md,4.0,250.2,,,us,usp000etcy,2014-11-07T01:30:15.069Z,"72 km NNE of Güiria, Venezuela",earthquake,,,,,reviewed,trn,trn,2006
2006-09-10T11:18:45.410Z,10.907,-62.175,61.0,3.9,md,19.0,127.8,,,us,usp000esur,2014-11-07T01:30:11.614Z,near the coast of Venezuela,earthquake,,,,,reviewed,trn,trn,2006
2006-09-07T05:29:09.920Z,10.591,-62.519,57.0,3.3,md,4.0,294.1,,,us,usp000esm8,2014-11-07T01:30:10.567Z,"24 km W of Güiria, Venezuela",earthquake,,,,,reviewed,trn,trn,2006
2006-09-04T18:37:29.900Z,10.6,-63.23,10.2,3.6,md,12.0,158.5,,,us,usp000esfp,2014-11-07T01:30:09.752Z,"7 km SSE of Carúpano, Venezuela",earthquake,,,,,reviewed,car,car,2006
2006-09-03T19:49:24.990Z,11.025,-62.285,92.0,3.4,md,8.0,256.9,,,us,usp000esdu,2014-11-07T01:30:09.398Z,"49 km N of Güiria, Venezuela",earthquake,,,,,reviewed,trn,trn,2006
2006-08-31T22:50:50.390Z,7.835,-72.27,71.4,4.4,mb,40.0,65.2,,0.67,us,usp000es6p,2014-11-07T01:30:03.757Z,"5 km WNW of Táriba, Venezuela",earthquake,,5.8,,16.0,reviewed,us,us,2006
2006-08-31T06:33:11.180Z,11.092,-62.1,116.0,3.4,md,7.0,241.7,,,us,usp000es53,2014-11-07T01:30:03.549Z,"60 km NNE of Güiria, Venezuela",earthquake,,,,,reviewed,trn,trn,2006
2006-08-31T04:55:49.840Z,10.871,-62.052,51.0,2.8,md,6.0,243.7,,,us,usp000es4x,2014-11-07T01:30:03.532Z,"42 km NE of Güiria, Venezuela",earthquake,,,,,reviewed,trn,trn,2006
2006-08-29T11:06:57.200Z,11.204,-62.104,5.0,3.2,md,4.0,339.4,,,us,usp000es0v,2014-11-07T01:30:03.077Z,"72 km NNE of Güiria, Venezuela",earthquake,,,,,reviewed,trn,trn,2006
2006-08-29T06:22:36.880Z,10.391,-62.409,5.0,3.1,md,6.0,288.2,,,us,usp000es06,2014-11-07T01:30:03.013Z,"23 km SSW of Güiria, Venezuela",earthquake,,,,,reviewed,trn,trn,2006
2006-08-26T11:55:14.780Z,10.721,-61.952,46.0,3.1,md,5.0,298.9,,,us,usp000ert0,2014-11-07T01:30:01.848Z,"41 km ENE of Güiria, Venezuela",earthquake,,,,,reviewed,trn,trn,2006
2006-08-25T12:47:35.210Z,10.821,-62.382,64.0,4.5,mb,16.0,66.2,,,us,usp000erqg,2014-11-07T01:30:01.640Z,"28 km NNW of Güiria, Venezuela",earthquake,,,,1.0,reviewed,trn,us,2006
2006-08-18T15:17:11.630Z,10.532,-62.108,3.0,3.8,md,12.0,245.0,,,us,usp000er8k,2014-11-07T01:29:59.594Z,"21 km ESE of Güiria, Venezuela",earthquake,,,,,reviewed,trn,trn,2006
2006-08-16T17:13:02.880Z,11.024,-62.005,101.0,3.2,md,4.0,254.4,,,us,usp000er2s,2014-11-07T01:29:58.673Z,"58 km NNE of Güiria, Venezuela",earthquake,,,,,reviewed,trn,trn,2006
2006-08-16T00:33:05.220Z,8.744,-61.833,109.0,4.0,md,8.0,337.9,,,us,usp000er10,2014-11-07T01:29:58.463Z,"42 km SE of Tucupita, Venezuela",earthquake,,,,,reviewed,trn,trn,2006
2006-08-14T21:44:29.400Z,10.985,-62.114,28.0,3.1,md,5.0,265.0,,,us,usp000eqyb,2014-11-07T01:29:57.987Z,"49 km NNE of Güiria, Venezuela",earthquake,,,,,reviewed,trn,trn,2006
2006-08-14T15:24:47.160Z,10.413,-62.23,4.0,3.5,md,9.0,163.3,,,us,usp000eqxt,2014-11-07T01:29:57.951Z,near the coast of Venezuela,earthquake,,,,,reviewed,trn,trn,2006
2006-08-11T01:17:47.640Z,10.716,-62.628,66.0,3.3,md,7.0,293.8,,,us,usp000eqpf,2014-11-07T01:29:56.718Z,"39 km WNW of Güiria, Venezuela",earthquake,,,,,reviewed,trn,trn,2006
2006-08-05T20:46:07.690Z,10.921,-62.466,87.0,3.2,md,7.0,283.9,,,us,usp000eqak,2014-11-07T01:29:54.680Z,"42 km NNW of Güiria, Venezuela",earthquake,,,,,reviewed,trn,trn,2006
2006-08-05T01:35:20.230Z,10.719,-62.379,84.0,3.6,md,8.0,272.0,,,us,usp000eq8w,2014-11-07T01:29:54.349Z,"17 km NNW of Güiria, Venezuela",earthquake,,,,,reviewed,trn,trn,2006
2006-08-04T22:40:04.410Z,11.024,-62.365,12.0,3.3,md,6.0,277.4,,,us,usp000eq8q,2014-11-07T01:29:54.332Z,"49 km N of Güiria, Venezuela",earthquake,,,,,reviewed,trn,trn,2006
2006-08-04T13:41:39.830Z,9.974,-70.649,14.6,5.2,mwc,268.0,42.3,,0.83,us,usp000eq7x,2022-07-14T10:24:16.995Z,"66 km WSW of Carora, Venezuela",earthquake,,3.7,,,reviewed,us,hrv,2006
2006-08-04T03:41:47.210Z,10.382,-62.288,11.0,4.9,mb,142.0,32.7,,,us,usp000eq72,2014-11-07T01:29:53.880Z,"21 km S of Güiria, Venezuela",earthquake,,,,69.0,reviewed,trn,us,2006
2006-08-03T10:36:40.360Z,10.405,-62.359,2.0,3.3,md,5.0,285.9,,,us,usp000eq5q,2014-11-07T01:29:53.629Z,"20 km SSW of Güiria, Venezuela",earthquake,,,,,reviewed,trn,trn,2006
2006-08-02T23:29:37.540Z,11.098,-62.048,116.0,3.4,md,9.0,236.7,,,us,usp000eq4d,2014-11-07T01:29:53.281Z,"63 km NNE of Güiria, Venezuela",earthquake,,,,,reviewed,trn,trn,2006
2006-08-02T12:39:49.200Z,9.559,-70.613,8.3,4.0,mw,30.0,69.0,,,us,usp000eq2x,2014-11-07T01:29:52.758Z,"26 km N of Valera, Venezuela",earthquake,,,,,reviewed,car,car,2006
2006-08-02T05:00:18.100Z,10.379,-62.359,1.1,4.4,mw,43.0,83.3,,,us,usp000eq25,2014-11-07T01:29:52.586Z,"22 km SSW of Güiria, Venezuela",earthquake,,,,,reviewed,car,car,2006
2006-07-23T17:10:49.460Z,10.089,-62.436,21.0,3.6,md,5.0,303.4,,,us,usp000epdm,2014-11-07T01:29:44.428Z,near the coast of Venezuela,earthquake,,,,,reviewed,trn,trn,2006
2006-07-21T22:15:17.770Z,10.92,-62.211,54.0,3.1,md,4.0,272.6,,,us,usp000ep99,2014-11-07T01:29:43.922Z,"39 km NNE of Güiria, Venezuela",earthquake,,,,,reviewed,trn,trn,2006
2006-07-21T07:01:41.940Z,11.282,-62.132,108.0,3.3,md,8.0,255.4,,,us,usp000ep86,2014-11-07T01:29:43.839Z,"80 km NNE of Güiria, Venezuela",earthquake,,,,,reviewed,trn,trn,2006
2006-07-20T11:57:30.000Z,10.896,-62.092,92.6,4.0,mw,22.0,57.4,,,us,usp000ep66,2014-11-07T01:29:43.637Z,"41 km NNE of Güiria, Venezuela",earthquake,,,,,reviewed,car,car,2006
2006-07-15T07:36:21.500Z,12.33,-69.92,25.8,4.4,mb,18.0,76.1,,,us,usp000ennh,2014-11-07T01:29:38.978Z,"76 km NNE of Punto Fijo, Venezuela",earthquake,,,,4.0,reviewed,car,us,2006
2006-07-06T08:28:25.040Z,8.875,-70.55,10.0,3.3,mb,5.0,159.4,,1.1,us,usp000emzt,2014-11-07T01:29:35.933Z,"19 km NW of Barinitas, Venezuela",earthquake,,,,2.0,reviewed,us,us,2006
2006-07-06T05:07:53.090Z,8.947,-71.002,12.3,0.0,,7.0,136.0,,1.29,us,usp000emzc,2014-11-07T01:29:35.875Z,"43 km NNE of Mérida, Venezuela",earthquake,,16.8,,,reviewed,us,us,2006
2006-07-01T17:24:09.100Z,8.099,-64.204,5.9,4.4,mw,35.0,52.8,,,us,usp000emq7,2014-11-07T01:29:33.025Z,"73 km W of Ciudad Bolívar, Venezuela",earthquake,,,,,reviewed,car,car,2006
2006-06-29T07:50:21.820Z,10.704,-62.161,73.0,3.5,md,8.0,259.8,,,us,usp000emj0,2014-11-07T01:29:29.993Z,"20 km NE of Güiria, Venezuela",earthquake,,,,,reviewed,trn,trn,2006
2006-06-17T17:23:01.830Z,10.843,-62.254,73.0,2.9,md,4.0,277.0,,,us,usp000ekmt,2014-11-07T01:29:23.572Z,"29 km N of Güiria, Venezuela",earthquake,,,,,reviewed,trn,trn,2006
2006-06-14T19:49:04.520Z,11.088,-62.276,10.0,3.3,md,6.0,255.0,,,us,usp000ekcj,2014-11-07T01:29:22.516Z,"56 km N of Güiria, Venezuela",earthquake,,,,,reviewed,trn,trn,2006
2006-06-13T12:25:28.160Z,10.885,-62.372,93.4,4.4,mb,84.0,30.6,,1.13,us,usp000ek99,2014-11-07T01:29:21.981Z,"34 km NNW of Güiria, Venezuela",earthquake,,,,8.0,reviewed,us,us,2006
2006-05-07T22:21:27.400Z,10.727,-62.26,85.0,2.5,md,9.0,265.0,,,us,usp000eghq,2014-11-07T01:29:04.235Z,"17 km NNE of Güiria, Venezuela",earthquake,,,,,reviewed,trn,trn,2006
2006-05-03T02:12:33.250Z,10.798,-62.371,90.0,3.1,md,5.0,269.4,,,us,usp000eg45,2014-11-07T01:29:01.722Z,"25 km NNW of Güiria, Venezuela",earthquake,,,,,reviewed,trn,trn,2006
2006-04-28T15:46:43.190Z,10.172,-62.573,56.3,4.6,mb,45.0,53.4,,0.88,us,usp000efq0,2014-11-07T01:28:55.848Z,"53 km SW of Güiria, Venezuela",earthquake,,5.0,,17.0,reviewed,us,us,2006
2006-04-24T08:19:23.600Z,11.307,-62.198,6.0,3.2,md,9.0,246.9,,,us,usp000efdb,2014-11-07T01:28:54.321Z,"81 km N of Güiria, Venezuela",earthquake,,,,,reviewed,trn,trn,2006
2006-04-16T02:12:40.550Z,10.998,-62.316,107.0,3.1,md,7.0,275.5,,,us,usp000eemz,2014-11-07T01:28:50.757Z,"46 km N of Güiria, Venezuela",earthquake,,,,,reviewed,trn,trn,2006
2006-04-14T23:16:24.800Z,10.334,-69.877,4.5,4.6,mw,24.0,70.5,,,us,usp000eehv,2014-11-07T01:28:50.430Z,"28 km NE of Carora, Venezuela",earthquake,,,,,reviewed,car,car,2006
2006-04-12T10:31:05.900Z,10.891,-62.079,60.8,4.0,mw,25.0,55.7,,,us,usp000ee9k,2014-11-07T01:28:47.355Z,"42 km NE of Güiria, Venezuela",earthquake,,,,,reviewed,car,car,2006
2006-04-09T01:13:41.200Z,10.909,-62.248,85.0,3.3,md,7.0,255.6,,,us,usp000edzr,2014-11-07T01:28:44.612Z,"37 km N of Güiria, Venezuela",earthquake,,,,,reviewed,trn,trn,2006
2006-03-31T18:24:34.500Z,10.974,-62.089,82.4,4.2,mw,25.0,156.2,,,us,usp000edbz,2014-11-07T01:28:37.455Z,"49 km NNE of Güiria, Venezuela",earthquake,,,,,reviewed,car,car,2006
2006-03-28T03:53:35.470Z,10.477,-62.367,80.0,3.5,md,9.0,282.2,,,us,usp000ed3u,2014-11-07T01:28:36.294Z,"13 km SW of Güiria, Venezuela",earthquake,,,,,reviewed,trn,trn,2006
2006-03-26T08:37:43.210Z,9.256,-61.446,71.0,3.9,md,13.0,247.8,,,us,usp000eczm,2014-11-07T01:28:35.745Z,"69 km ENE of Tucupita, Venezuela",earthquake,,,,,reviewed,trn,trn,2006
2006-03-26T07:17:51.030Z,10.954,-62.4,106.0,3.6,md,21.0,79.3,,,us,usp000eczf,2014-11-07T01:28:35.731Z,"43 km NNW of Güiria, Venezuela",earthquake,,,,,reviewed,trn,trn,2006
2006-03-24T11:37:41.590Z,10.99,-62.354,83.0,2.9,md,5.0,278.7,,,us,usp000ecu9,2014-11-07T01:28:34.754Z,near the coast of Venezuela,earthquake,,,,,reviewed,trn,trn,2006
2006-03-23T12:12:46.360Z,11.067,-62.263,131.0,3.1,md,7.0,255.5,,,us,usp000ecs7,2014-11-07T01:28:34.572Z,"54 km N of Güiria, Venezuela",earthquake,,,,,reviewed,trn,trn,2006
2006-03-23T06:38:03.320Z,10.422,-62.339,3.0,3.7,md,7.0,163.4,,,us,usp000ecrv,2014-11-07T01:28:34.546Z,"17 km SSW of Güiria, Venezuela",earthquake,,,,,reviewed,trn,trn,2006
2006-03-22T21:35:06.810Z,10.793,-62.313,88.0,3.0,md,4.0,281.2,,,us,usp000ecqz,2014-11-07T01:28:34.439Z,"23 km N of Güiria, Venezuela",earthquake,,,,,reviewed,trn,trn,2006
2006-03-21T18:34:23.700Z,10.06,-69.74,0.1,4.1,md,4.0,314.8,,,us,usp000ecng,2014-11-07T01:28:34.111Z,"19 km NW of Quíbor, Venezuela",earthquake,,,,,reviewed,car,car,2006
2006-03-14T02:49:36.190Z,10.677,-62.467,92.0,3.8,md,20.0,76.1,,,us,usp000ec3z,2014-11-07T01:28:31.433Z,"21 km WNW of Güiria, Venezuela",earthquake,,,,,reviewed,trn,trn,2006
2006-03-02T00:48:07.400Z,10.423,-72.154,161.7,4.2,mw,41.0,41.3,,,us,usp000eb4z,2014-11-07T01:28:26.003Z,"20 km ENE of La Villa del Rosario, Venezuela",earthquake,,,,,reviewed,car,car,2006
2006-02-20T23:03:30.110Z,10.673,-62.296,106.0,3.4,md,5.0,284.1,,,us,usp000eafy,2014-11-07T01:28:20.550Z,"10 km N of Güiria, Venezuela",earthquake,,,,,reviewed,trn,trn,2006
2006-02-19T06:26:35.630Z,10.872,-62.228,66.0,3.1,md,6.0,257.7,,,us,usp000eabx,2014-11-07T01:28:20.121Z,"33 km NNE of Güiria, Venezuela",earthquake,,,,,reviewed,trn,trn,2006
2006-02-15T04:17:54.330Z,10.902,-62.194,94.0,3.2,md,8.0,271.8,,,us,usp000ea35,2014-11-07T01:28:18.574Z,"37 km NNE of Güiria, Venezuela",earthquake,,,,,reviewed,trn,trn,2006
2006-02-15T00:32:44.810Z,10.398,-62.052,9.0,3.4,md,9.0,274.6,,,us,usp000ea2v,2014-11-07T01:28:18.537Z,"33 km SE of Güiria, Venezuela",earthquake,,,,,reviewed,trn,trn,2006
2006-02-09T19:53:28.800Z,10.377,-62.702,16.4,4.2,mw,37.0,83.8,,,us,usp000e9ut,2014-11-07T01:28:17.697Z,"49 km WSW of Güiria, Venezuela",earthquake,,,,,reviewed,car,car,2006
2006-02-03T07:46:16.360Z,10.859,-62.338,63.0,3.1,md,5.0,280.6,,,us,usp000e9cv,2014-11-07T01:28:15.337Z,"31 km N of Güiria, Venezuela",earthquake,,,,,reviewed,trn,trn,2006
2006-02-03T00:49:02.100Z,10.585,-63.724,1.5,4.2,mw,23.0,49.5,,,us,usp000e9br,2014-11-07T01:28:14.763Z,"44 km SSE of Porlamar, Venezuela",earthquake,,,,,reviewed,car,car,2006
2006-02-02T05:54:47.590Z,11.168,-62.052,14.0,3.2,md,8.0,252.0,,,us,usp000e9a9,2014-11-07T01:28:14.092Z,"70 km NNE of Güiria, Venezuela",earthquake,,,,,reviewed,trn,trn,2006
2006-01-30T05:34:36.030Z,11.275,-62.042,34.0,3.1,md,8.0,234.0,,,us,usp000e94f,2014-11-07T01:28:10.645Z,"82 km NNE of Güiria, Venezuela",earthquake,,,,,reviewed,trn,trn,2006
2006-01-23T23:46:12.600Z,9.085,-70.044,0.1,4.8,mw,57.0,44.8,,,us,usp000e8rw,2014-11-07T01:28:09.032Z,"33 km W of Guanare, Venezuela",earthquake,,,,,reviewed,car,car,2006
2006-01-21T05:12:58.040Z,10.812,-62.542,34.0,3.1,md,5.0,278.2,,,us,usp000e8jz,2014-11-07T01:28:07.946Z,"37 km NW of Güiria, Venezuela",earthquake,,,,,reviewed,trn,trn,2006
2006-01-15T08:07:59.670Z,10.843,-62.229,72.0,2.7,md,4.0,229.1,,,us,usp000e88y,2014-11-07T01:28:06.462Z,"30 km NNE of Güiria, Venezuela",earthquake,,,,,reviewed,trn,trn,2006
2006-01-14T13:30:07.050Z,11.031,-62.089,86.0,3.2,md,6.0,242.0,,,us,usp000e87m,2014-11-07T01:28:06.298Z,"55 km NNE of Güiria, Venezuela",earthquake,,,,,reviewed,trn,trn,2006
2006-01-09T08:07:34.260Z,10.44,-62.244,3.0,3.0,md,6.0,279.6,,,us,usp000e7wx,2014-11-07T01:28:05.207Z,"16 km SSE of Güiria, Venezuela",earthquake,,,,,reviewed,trn,trn,2006
2006-01-03T22:15:06.000Z,9.889,-71.915,5.8,5.0,mw,37.0,58.4,,,us,usp000e7hw,2022-07-14T12:55:44.456Z,"65 km SE of La Villa del Rosario, Venezuela",earthquake,,,,,reviewed,car,car,2006
2006-01-03T05:02:26.300Z,10.725,-62.244,91.0,3.1,md,6.0,264.4,,,us,usp000e7g1,2014-11-07T01:28:02.998Z,"17 km NNE of Güiria, Venezuela",earthquake,,,,,reviewed,trn,trn,2006
2006-01-03T02:52:53.430Z,10.235,-62.489,17.0,3.2,md,4.0,335.2,,,us,usp000e7fu,2014-11-07T01:28:02.926Z,"43 km SSW of Güiria, Venezuela",earthquake,,,,,reviewed,trn,trn,2006
2006-01-01T12:06:07.200Z,10.939,-62.219,67.0,3.3,md,4.0,272.5,,,us,usp000e7bq,2014-11-07T01:28:01.240Z,"40 km NNE of Güiria, Venezuela",earthquake,,,,,reviewed,trn,trn,2006
2006-01-01T09:43:14.810Z,11.839,-71.193,69.0,5.1,mwc,189.0,36.3,,0.87,us,usp000e7ba,2025-12-22T16:14:40.894Z,"108 km W of Punta Cardón, Venezuela",earthquake,,,,,reviewed,us,hrv,2006
2005-12-25T04:35:24.680Z,10.822,-62.402,103.0,3.6,md,11.0,139.2,,,us,usp000e6ty,2014-11-07T01:27:56.457Z,"29 km NNW of Güiria, Venezuela",earthquake,,,,,reviewed,trn,trn,2005
2005-12-19T21:33:13.890Z,10.753,-62.201,80.0,3.7,md,8.0,254.1,,,us,usp000e6fe,2014-11-07T01:27:55.119Z,"22 km NNE of Güiria, Venezuela",earthquake,,,,,reviewed,trn,trn,2005
2005-12-16T22:40:37.200Z,10.191,-62.236,5.0,3.2,md,6.0,295.3,,,us,usp000e69t,2014-11-07T01:27:54.469Z,"43 km S of Güiria, Venezuela",earthquake,,,,,reviewed,trn,trn,2005
2005-12-14T21:32:12.100Z,8.332,-70.623,1.2,4.3,mw,10.0,178.2,,,us,usp000e657,2014-11-07T01:27:53.672Z,"52 km WSW of Alto Barinas, Venezuela",earthquake,,,,,reviewed,car,car,2005
2005-12-14T02:04:43.760Z,10.604,-62.146,0.0,3.6,md,21.0,67.9,,,us,usp000e63u,2014-11-07T01:27:53.464Z,"16 km E of Güiria, Venezuela",earthquake,,,,,reviewed,trn,trn,2005
2005-12-12T03:45:15.230Z,11.071,-62.106,26.0,3.4,md,7.0,198.8,,,us,usp000e60g,2014-11-07T01:27:52.973Z,"58 km NNE of Güiria, Venezuela",earthquake,,,,,reviewed,trn,trn,2005
2005-12-09T15:05:27.800Z,10.295,-62.344,0.2,4.0,mw,34.0,68.4,,,us,usp000e5v4,2014-11-07T01:27:52.149Z,"31 km S of Güiria, Venezuela",earthquake,,,,,reviewed,car,car,2005
2005-12-08T13:02:22.280Z,10.802,-62.189,79.0,3.1,md,4.0,257.4,,,us,usp000e5sx,2014-11-07T01:27:51.920Z,"27 km NNE of Güiria, Venezuela",earthquake,,,,,reviewed,trn,trn,2005
2005-12-01T22:21:12.700Z,10.764,-62.208,78.4,4.0,mw,33.0,50.6,,,us,usp000e5ap,2014-11-07T01:27:48.666Z,near the coast of Venezuela,earthquake,,,,,reviewed,car,car,2005
2005-11-29T14:18:22.360Z,10.821,-62.277,69.0,2.8,md,4.0,156.4,,,us,usp000e55b,2014-11-07T01:27:44.995Z,"27 km N of Güiria, Venezuela",earthquake,,,,,reviewed,trn,trn,2005
2005-11-24T11:25:08.170Z,10.823,-62.599,34.0,3.1,md,4.0,280.7,,,us,usp000e4tn,2014-11-07T01:27:42.966Z,"42 km NW of Güiria, Venezuela",earthquake,,,,,reviewed,trn,trn,2005
2005-10-28T22:30:58.240Z,11.07,-62.04,64.2,5.4,mwc,375.0,30.8,,0.88,us,usp000e31m,2025-12-19T23:23:35.391Z,"61 km NNE of Güiria, Venezuela",earthquake,,,,,reviewed,us,hrv,2005
2005-10-27T02:27:42.680Z,10.874,-62.264,10.0,3.3,md,4.0,260.1,,,us,usp000e2x5,2014-11-07T01:27:29.449Z,"33 km N of Güiria, Venezuela",earthquake,,,,,reviewed,trn,trn,2005
2005-10-24T09:19:19.780Z,11.138,-62.079,116.0,5.1,mwc,133.0,37.5,,,us,usp000e2qm,2025-12-19T23:23:26.511Z,"66 km NNE of Güiria, Venezuela",earthquake,,,,,reviewed,trn,hrv,2005
2005-10-19T21:26:10.980Z,10.79,-62.376,24.0,3.0,md,6.0,269.9,,,us,usp000e29a,2014-11-07T01:27:26.824Z,"25 km NNW of Güiria, Venezuela",earthquake,,,,,reviewed,trn,trn,2005
2005-10-19T20:53:44.800Z,11.37,-69.61,13.6,4.3,mb,28.0,57.8,,,us,usp000e298,2014-11-07T01:27:26.816Z,"7 km ESE of Coro, Venezuela",earthquake,,,,3.0,reviewed,car,us,2005
2005-10-17T02:47:59.780Z,10.378,-63.718,35.0,3.4,mb,13.0,79.2,,1.08,us,usp000e1zp,2014-11-07T01:27:25.219Z,"51 km E of Cumaná, Venezuela",earthquake,,,,1.0,reviewed,us,us,2005
2005-10-13T14:49:44.000Z,9.68,-62.55,24.7,4.0,md,7.0,313.6,,,us,usp000e1r5,2014-11-07T01:27:23.084Z,"69 km E of Maturín, Venezuela",earthquake,,,,,reviewed,car,trn,2005
2005-10-10T12:49:53.310Z,10.827,-62.183,64.0,3.1,md,7.0,207.4,,,us,usp000e1h5,2014-11-07T01:27:22.126Z,near the coast of Venezuela,earthquake,,,,,reviewed,trn,trn,2005
2005-09-15T06:46:26.520Z,10.128,-72.379,178.6,4.3,mb,15.0,82.1,,0.72,us,usp000dzfz,2014-11-07T01:27:04.361Z,"20 km ENE of Machiques, Venezuela",earthquake,,16.4,,1.0,reviewed,us,us,2005
2005-09-15T02:20:31.860Z,10.818,-62.288,74.0,3.2,md,14.0,124.3,,,us,usp000dzfq,2014-11-07T01:27:04.328Z,"26 km N of Güiria, Venezuela",earthquake,,,,,reviewed,trn,trn,2005
2005-09-14T21:19:20.210Z,10.899,-62.615,90.0,3.1,md,5.0,291.6,,,us,usp000dzfc,2014-11-07T01:27:04.304Z,"49 km NW of Güiria, Venezuela",earthquake,,,,,reviewed,trn,trn,2005
2005-09-14T10:25:43.650Z,11.238,-62.238,130.0,3.1,md,7.0,251.0,,,us,usp000dzec,2014-11-07T01:27:04.044Z,"73 km N of Güiria, Venezuela",earthquake,,,,,reviewed,trn,trn,2005
2005-09-13T08:59:08.200Z,10.34,-63.08,24.6,3.7,md,5.0,311.8,,,us,usp000dzcg,2014-11-07T01:27:03.870Z,"40 km SSE of Carúpano, Venezuela",earthquake,,,,,reviewed,car,trn,2005
2005-09-12T22:29:42.700Z,10.909,-62.272,85.0,3.1,md,5.0,276.1,,,us,usp000dzbn,2014-11-07T01:27:03.789Z,"36 km N of Güiria, Venezuela",earthquake,,,,,reviewed,trn,car,2005
2005-09-11T13:52:50.480Z,11.095,-62.165,29.0,3.8,md,9.0,227.6,,,us,usp000dz8j,2014-11-07T01:27:03.385Z,"59 km NNE of Güiria, Venezuela",earthquake,,,,,reviewed,trn,trn,2005
2005-09-11T07:50:55.440Z,10.945,-62.107,155.0,3.8,md,4.0,226.2,,,us,usp000dz82,2014-11-07T01:27:03.337Z,"45 km NNE of Güiria, Venezuela",earthquake,,,,,reviewed,trn,trn,2005
2005-09-07T14:57:55.950Z,10.77,-62.141,74.0,2.9,md,7.0,255.2,,,us,usp000dyy6,2014-11-07T01:27:01.786Z,"27 km NE of Güiria, Venezuela",earthquake,,,,,reviewed,trn,trn,2005
2005-09-03T06:18:56.550Z,10.833,-62.307,75.0,2.9,md,6.0,264.3,,,us,usp000dynp,2014-11-07T01:26:59.669Z,near the coast of Venezuela,earthquake,,,,,reviewed,trn,trn,2005
2005-08-28T23:03:10.400Z,11.42,-70.42,25.0,4.2,mb,25.0,57.6,,,us,usp000dy8b,2014-11-07T01:26:54.072Z,"34 km SW of Punta Cardón, Venezuela",earthquake,,,,2.0,reviewed,car,us,2005
2005-08-23T10:38:15.680Z,10.418,-62.26,8.0,3.2,md,7.0,281.5,,,us,usp000dxwg,2014-11-07T01:26:51.711Z,"18 km SSE of Güiria, Venezuela",earthquake,,,,,reviewed,trn,trn,2005
2005-08-23T03:34:21.210Z,10.774,-62.354,79.0,3.8,md,15.0,80.5,,,us,usp000dxvt,2014-11-07T01:26:51.634Z,"22 km NNW of Güiria, Venezuela",earthquake,,,,,reviewed,trn,trn,2005
2005-08-17T06:42:31.140Z,9.398,-62.068,17.0,4.6,mb,41.0,229.9,,1.23,us,usp000dxh2,2014-11-07T01:26:49.833Z,"37 km N of Tucupita, Venezuela",earthquake,,,,24.0,reviewed,us,us,2005
2005-08-16T09:21:08.310Z,8.686,-70.68,14.8,3.6,mb,8.0,149.5,,0.36,us,usp000dxeq,2014-11-07T01:26:49.508Z,"30 km WSW of Barinitas, Venezuela",earthquake,,7.8,,2.0,reviewed,us,us,2005
2005-08-15T01:56:52.830Z,9.726,-69.59,12.4,4.8,mb,103.0,75.8,,1.11,us,usp000dxbz,2014-11-07T01:26:49.122Z,"22 km S of Quíbor, Venezuela",earthquake,,21.9,,48.0,reviewed,us,us,2005
2005-08-15T01:55:32.410Z,9.755,-69.802,30.0,4.3,mb,20.0,157.8,,1.06,us,usp000dxby,2014-11-07T01:26:49.119Z,"3 km SSW of El Tocuyo, Venezuela",earthquake,,,,11.0,reviewed,us,us,2005
2005-08-12T05:47:03.470Z,9.18,-70.332,1.0,3.9,mb,8.0,116.3,,1.03,us,usp000dx63,2014-11-07T01:26:48.418Z,"23 km SSE of Trujillo, Venezuela",earthquake,,17.0,,1.0,reviewed,us,us,2005
2005-08-08T09:38:38.200Z,11.754,-66.201,32.5,4.7,mw,55.0,65.4,,,us,usp000dwxz,2014-11-07T01:26:46.781Z,"144 km NNE of Caraballeda, Venezuela",earthquake,,,,,reviewed,car,car,2005
2005-08-04T05:27:17.960Z,10.902,-62.361,67.0,3.0,md,6.0,265.8,,,us,usp000dwmu,2014-11-07T01:26:43.685Z,"36 km N of Güiria, Venezuela",earthquake,,,,,reviewed,trn,trn,2005
2005-08-04T05:21:49.220Z,10.923,-62.226,131.0,3.1,md,7.0,255.6,,,us,usp000dwms,2014-11-07T01:26:43.679Z,"39 km NNE of Güiria, Venezuela",earthquake,,,,,reviewed,trn,trn,2005
2005-08-04T04:35:39.550Z,10.94,-62.479,103.9,4.6,mw,193.0,30.9,,1.11,us,usp000dwmq,2014-11-07T01:26:43.607Z,"44 km NNW of Güiria, Venezuela",earthquake,,2.5,,,reviewed,us,car,2005
2005-08-01T17:58:30.500Z,8.583,-70.815,0.1,4.0,mw,21.0,76.3,,,us,usp000dwfj,2014-11-07T01:26:41.642Z,"37 km E of Mérida, Venezuela",earthquake,,,,,reviewed,car,car,2005
2005-07-25T04:27:56.100Z,9.86,-62.84,18.7,4.1,md,4.0,315.0,,,us,usp000dvva,2014-11-07T01:26:33.160Z,"39 km ENE of Maturín, Venezuela",earthquake,,,,,reviewed,car,trn,2005
2005-07-25T04:27:30.800Z,9.87,-62.75,20.2,3.5,md,5.0,314.3,,,us,usp000dvv9,2014-11-07T01:26:33.158Z,"49 km ENE of Maturín, Venezuela",earthquake,,,,,reviewed,car,car,2005
2005-07-25T04:23:57.580Z,9.967,-63.014,50.1,4.3,mb,45.0,41.2,,0.93,us,usp000dvv8,2014-11-07T01:26:33.154Z,"30 km NE of Maturín, Venezuela",earthquake,,6.0,,9.0,reviewed,us,us,2005
2005-07-21T18:50:29.010Z,10.776,-62.407,17.7,3.7,md,5.0,319.8,,,us,usp000dvmx,2014-11-07T01:26:31.489Z,"24 km NNW of Güiria, Venezuela",earthquake,,,,,reviewed,trn,trn,2005
2005-07-15T21:02:15.720Z,8.565,-71.337,10.0,4.8,mwc,202.0,65.8,,0.7,us,usp000dv98,2016-11-10T01:08:41.831Z,"10 km W of Ejido, Venezuela",earthquake,,,,,reviewed,us,hrv,2005
2005-07-14T14:16:40.080Z,11.092,-62.15,19.7,2.9,md,4.0,264.8,,,us,usp000dv6h,2014-11-07T01:26:29.486Z,"59 km NNE of Güiria, Venezuela",earthquake,,,,,reviewed,trn,trn,2005
2005-07-10T12:06:59.340Z,10.909,-62.204,68.0,3.4,md,6.0,254.7,,,us,usp000duwy,2014-11-07T01:26:28.140Z,"38 km NNE of Güiria, Venezuela",earthquake,,,,,reviewed,trn,car,2005
2005-07-09T13:47:13.820Z,10.334,-62.423,5.0,3.6,md,6.0,291.4,,,us,usp000duv4,2014-11-07T01:26:27.867Z,"30 km SSW of Güiria, Venezuela",earthquake,,,,,reviewed,trn,trn,2005
2005-07-08T13:47:40.000Z,10.708,-62.121,34.0,2.6,md,6.0,256.8,,,us,usp000dusg,2014-11-07T01:26:27.436Z,"24 km NE of Güiria, Venezuela",earthquake,,,,,reviewed,trn,trn,2005
2005-07-06T20:10:08.590Z,10.923,-62.136,5.0,3.1,md,4.0,326.3,,,us,usp000duns,2014-11-07T01:26:26.391Z,"42 km NNE of Güiria, Venezuela",earthquake,,,,,reviewed,trn,trn,2005
2005-07-05T08:08:00.150Z,8.707,-61.851,49.5,4.1,md,18.0,159.9,,0.97,us,usp000duju,2014-11-07T01:26:25.938Z,"44 km SSE of Tucupita, Venezuela",earthquake,,8.8,,,reviewed,us,trn,2005
2005-07-03T21:52:08.260Z,10.292,-62.275,5.0,3.1,md,6.0,289.7,,,us,usp000duf0,2014-11-07T01:26:24.544Z,"31 km S of Güiria, Venezuela",earthquake,,,,,reviewed,trn,trn,2005
2005-06-28T14:25:59.950Z,8.078,-69.883,9.0,4.5,mb,26.0,73.8,,0.83,us,usp000du39,2020-04-16T17:30:07.327Z,"68 km SSE of Alto Barinas, Venezuela",earthquake,,10.0,,10.0,reviewed,us,us,2005
2005-06-26T08:39:03.350Z,10.52,-62.359,5.0,3.2,md,5.0,280.1,,,us,usp000dtxw,2014-11-07T01:26:17.599Z,"9 km SW of Güiria, Venezuela",earthquake,,,,,reviewed,trn,trn,2005
2005-06-25T00:43:00.710Z,10.382,-62.183,3.0,3.8,md,9.0,165.5,,,us,usp000dtv1,2014-11-07T01:26:17.321Z,"25 km SSE of Güiria, Venezuela",earthquake,,,,,reviewed,trn,trn,2005
2005-06-23T11:17:38.340Z,11.0,-62.192,94.3,3.4,md,7.0,251.0,,,us,usp000dtr4,2014-11-07T01:26:16.539Z,"48 km NNE of Güiria, Venezuela",earthquake,,,,,reviewed,trn,trn,2005
2005-06-16T01:42:23.700Z,11.003,-62.13,80.0,2.8,md,6.0,246.2,,,us,usp000dt5n,2014-11-07T01:26:13.900Z,"50 km NNE of Güiria, Venezuela",earthquake,,,,,reviewed,trn,trn,2005
2005-06-04T23:31:28.500Z,10.303,-62.26,0.1,4.1,mw,39.0,40.4,,,us,usp000ds7y,2014-11-07T01:26:06.274Z,"30 km S of Güiria, Venezuela",earthquake,,,,,reviewed,car,car,2005
2005-06-03T06:08:33.800Z,10.388,-62.266,57.0,4.0,mw,29.0,75.0,,,us,usp000ds46,2014-11-07T01:26:05.349Z,"21 km S of Güiria, Venezuela",earthquake,,,,,reviewed,car,car,2005
2005-05-24T13:43:20.030Z,9.866,-70.641,19.0,4.5,mb,67.0,51.7,,0.98,us,usp000drgf,2014-11-07T01:25:57.868Z,"59 km NNW of Trujillo, Venezuela",earthquake,,,,34.0,reviewed,us,us,2005
2005-05-22T04:45:44.900Z,10.856,-62.712,85.3,3.7,md,10.0,134.3,,1.35,us,usp000drbe,2014-11-07T01:25:57.219Z,"54 km NW of Güiria, Venezuela",earthquake,,22.4,,,reviewed,us,trn,2005
2005-05-15T16:41:09.360Z,11.221,-62.623,133.9,3.6,mb,8.0,149.7,,0.82,us,usp000dqwf,2014-11-07T01:25:54.789Z,"79 km NNW of Güiria, Venezuela",earthquake,,18.7,,2.0,reviewed,us,us,2005
2005-05-09T02:19:16.570Z,10.835,-62.082,3.0,2.8,md,7.0,247.7,,,us,usp000dq8f,2014-11-07T01:25:50.455Z,"37 km NE of Güiria, Venezuela",earthquake,,,,,reviewed,trn,trn,2005
2005-05-07T23:49:12.220Z,11.018,-62.189,19.0,3.3,md,4.0,250.3,,,us,usp000dq5q,2014-11-07T01:25:50.087Z,"50 km NNE of Güiria, Venezuela",earthquake,,,,,reviewed,trn,trn,2005
2005-05-03T00:43:22.370Z,10.991,-62.283,90.0,3.1,md,7.0,257.9,,,us,usp000dptc,2014-11-07T01:25:48.162Z,"45 km N of Güiria, Venezuela",earthquake,,,,,reviewed,trn,trn,2005
2005-04-26T03:13:32.300Z,9.152,-70.084,2.9,3.6,mw,16.0,68.7,,,us,usp000dp8p,2014-11-07T01:25:41.276Z,"39 km WNW of Guanare, Venezuela",earthquake,,,,,reviewed,car,car,2005
2005-04-26T00:53:40.800Z,9.185,-70.108,0.5,5.2,mw,66.0,62.3,,,us,usp000dp8c,2014-11-07T01:25:41.252Z,"41 km ESE of Trujillo, Venezuela",earthquake,,,,,reviewed,car,car,2005
2005-04-22T18:20:18.430Z,11.114,-62.218,78.4,3.2,md,12.0,246.6,,,us,usp000dp0k,2014-11-07T01:25:39.655Z,"60 km N of Güiria, Venezuela",earthquake,,,,,reviewed,trn,trn,2005
2005-04-12T07:50:54.540Z,11.063,-62.16,11.0,2.9,md,4.0,309.0,,,us,usp000dn50,2014-11-07T01:25:34.335Z,"55 km NNE of Güiria, Venezuela",earthquake,,,,,reviewed,trn,trn,2005
2005-04-09T13:36:01.000Z,10.215,-69.728,12.5,4.0,md,12.0,80.3,,,us,usp000dmqn,2014-11-07T01:25:31.636Z,"33 km NNW of Quíbor, Venezuela",earthquake,,,,,reviewed,car,car,2005
2005-04-06T22:17:53.840Z,8.712,-70.565,10.0,4.2,mb,24.0,81.5,,1.03,us,usp000dmew,2014-11-07T01:25:30.071Z,"17 km WSW of Barinitas, Venezuela",earthquake,,,,5.0,reviewed,us,us,2005
2005-04-05T03:45:39.990Z,9.591,-69.993,23.7,3.8,md,12.0,77.1,,1.06,us,usp000dm9t,2014-11-07T01:25:29.459Z,"30 km SW of El Tocuyo, Venezuela",earthquake,,13.9,,,reviewed,us,car,2005
2005-04-01T15:52:54.600Z,10.903,-62.066,26.0,3.0,md,5.0,243.7,,,us,usp000dkxf,2014-11-07T01:25:26.691Z,"44 km NE of Güiria, Venezuela",earthquake,,,,,reviewed,trn,trn,2005
2005-03-28T00:51:17.600Z,9.72,-69.91,0.4,4.1,md,15.0,136.2,,,us,usp000dk6x,2014-11-07T01:25:19.926Z,"14 km WSW of El Tocuyo, Venezuela",earthquake,,,,,reviewed,car,car,2005
2005-03-28T00:45:05.500Z,9.72,-69.91,10.4,4.5,mb,56.0,62.7,,,us,usp000dk6w,2014-11-07T01:25:19.920Z,"14 km WSW of El Tocuyo, Venezuela",earthquake,,,,21.0,reviewed,car,us,2005
2005-03-26T16:00:39.910Z,10.559,-62.351,5.0,4.4,mb,13.0,85.9,,,us,usp000dk3x,2014-11-07T01:25:19.616Z,"6 km WSW of Güiria, Venezuela",earthquake,,,,4.0,reviewed,trn,us,2005
2005-03-25T11:40:02.010Z,10.921,-62.225,76.0,3.1,md,5.0,255.9,,,us,usp000dk11,2014-11-07T01:25:19.290Z,"38 km NNE of Güiria, Venezuela",earthquake,,,,,reviewed,trn,trn,2005
2005-03-24T18:41:22.740Z,10.805,-62.399,101.0,3.3,md,6.0,270.3,,,us,usp000djz6,2014-11-07T01:25:18.633Z,"27 km NNW of Güiria, Venezuela",earthquake,,,,,reviewed,trn,trn,2005
2005-03-23T18:13:22.170Z,10.765,-62.612,91.6,4.3,mb,22.0,70.5,,1.07,us,usp000djwu,2014-11-07T01:25:18.223Z,"40 km WNW of Güiria, Venezuela",earthquake,,6.9,,5.0,reviewed,us,us,2005
2005-03-22T16:20:55.400Z,10.41,-62.39,8.5,4.5,mb,62.0,55.3,,,us,usp000djtu,2014-11-07T01:25:17.810Z,"21 km SSW of Güiria, Venezuela",earthquake,,,,15.0,reviewed,car,us,2005
2005-03-22T15:46:05.040Z,10.825,-62.302,108.0,3.1,md,4.0,264.3,,,us,usp000djtn,2014-11-07T01:25:17.793Z,"27 km N of Güiria, Venezuela",earthquake,,,,,reviewed,trn,trn,2005
2005-03-15T10:23:30.390Z,10.652,-62.508,72.0,3.1,md,6.0,281.3,,,us,usp000dj8r,2014-11-07T01:25:14.669Z,"24 km WNW of Güiria, Venezuela",earthquake,,,,,reviewed,trn,trn,2005
2005-03-14T10:26:46.900Z,11.158,-62.085,106.0,3.6,md,7.0,239.0,,,us,usp000dj6h,2014-11-07T01:25:14.377Z,"68 km NNE of Güiria, Venezuela",earthquake,,,,,reviewed,trn,trn,2005
2005-03-13T01:34:57.490Z,11.352,-62.26,137.1,3.7,md,14.0,112.0,,0.74,us,usp000dj30,2014-11-07T01:25:13.757Z,"85 km N of Güiria, Venezuela",earthquake,,6.3,,,reviewed,us,trn,2005
2005-03-12T07:40:25.200Z,11.141,-62.324,112.0,3.6,md,9.0,252.6,,,us,usp000dj1r,2014-11-07T01:25:13.595Z,"62 km N of Güiria, Venezuela",earthquake,,,,,reviewed,trn,trn,2005
2005-02-21T11:52:51.950Z,11.237,-62.115,93.0,3.5,md,7.0,240.8,,,us,usp000dgn9,2014-11-07T01:25:02.212Z,"75 km NNE of Güiria, Venezuela",earthquake,,,,,reviewed,trn,trn,2005
2005-02-04T00:28:07.690Z,10.92,-62.252,73.0,2.9,md,5.0,257.9,,,us,usp000dffn,2014-11-07T01:24:55.551Z,"38 km N of Güiria, Venezuela",earthquake,,,,,reviewed,trn,trn,2005
2005-02-03T05:40:20.080Z,10.759,-62.377,28.0,3.4,md,6.0,271.0,,,us,usp000dfef,2014-11-07T01:24:55.132Z,"21 km NNW of Güiria, Venezuela",earthquake,,,,,reviewed,trn,trn,2005
2005-02-02T00:57:25.290Z,10.964,-62.317,109.0,3.1,md,7.0,260.8,,,us,usp000dfcr,2014-11-07T01:24:54.200Z,"42 km N of Güiria, Venezuela",earthquake,,,,,reviewed,trn,trn,2005
2005-01-25T20:28:02.810Z,10.356,-62.164,5.0,4.0,md,10.0,167.7,,,us,usp000debx,2014-11-07T01:24:44.646Z,"28 km SSE of Güiria, Venezuela",earthquake,,,,,reviewed,trn,trn,2005
2005-01-24T20:45:30.960Z,10.965,-62.394,70.0,3.2,md,4.0,281.1,,,us,usp000de87,2014-11-07T01:24:44.144Z,"44 km NNW of Güiria, Venezuela",earthquake,,,,,reviewed,trn,trn,2005
2005-01-24T14:03:22.360Z,10.486,-62.205,5.0,3.4,md,5.0,275.0,,,us,usp000de78,2014-11-07T01:24:44.038Z,"14 km SE of Güiria, Venezuela",earthquake,,,,,reviewed,trn,trn,2005
2005-01-21T06:05:17.610Z,10.873,-62.657,99.4,4.3,mb,39.0,65.2,,0.68,us,usp000ddx7,2014-11-07T01:24:42.468Z,"51 km NW of Güiria, Venezuela",earthquake,,4.2,,13.0,reviewed,us,us,2005
2005-01-19T20:18:59.930Z,10.67,-62.566,96.0,3.5,md,9.0,278.7,,,us,usp000ddtr,2014-11-07T01:24:42.007Z,"31 km WNW of Güiria, Venezuela",earthquake,,,,,reviewed,trn,trn,2005
2005-01-12T13:52:45.330Z,8.902,-62.01,51.0,4.7,mb,69.0,62.4,,1.17,us,usp000dd5w,2014-11-07T01:24:38.063Z,"17 km SSE of Tucupita, Venezuela",earthquake,,5.6,,16.0,reviewed,us,us,2005
2004-12-25T09:08:36.400Z,10.4,-72.57,9.4,4.4,mb,50.0,60.2,,,us,usp000dbdf,2014-11-07T01:24:21.489Z,"29 km WNW of La Villa del Rosario, Venezuela",earthquake,,,,7.0,reviewed,car,us,2004
2004-12-11T04:45:22.200Z,10.99,-62.31,95.3,4.5,mb,43.0,101.4,,,us,usp000daf4,2014-11-07T01:24:15.755Z,"45 km N of Güiria, Venezuela",earthquake,,,,8.0,reviewed,car,us,2004
2004-11-28T17:29:52.970Z,9.977,-70.002,5.0,4.4,md,15.0,117.8,,1.21,us,usp000d9h0,2014-11-07T01:24:06.803Z,"23 km SSE of Carora, Venezuela",earthquake,,,,,reviewed,us,car,2004
2004-11-20T06:12:39.210Z,11.786,-69.358,13.3,3.9,mb,13.0,135.3,,0.82,us,usp000d8tb,2014-11-07T01:24:03.092Z,"54 km NE of Coro, Venezuela",earthquake,,22.2,,1.0,reviewed,us,us,2004
2004-11-04T21:28:32.820Z,10.91,-62.495,106.0,4.6,mb,84.0,59.3,,0.81,us,usp000d7q4,2014-11-07T01:23:56.161Z,"42 km NNW of Güiria, Venezuela",earthquake,,6.7,,37.0,reviewed,us,us,2004
2004-10-31T04:11:09.410Z,10.778,-62.54,10.0,0.0,,5.0,228.3,,0.82,us,usp000d7cn,2014-11-07T01:23:50.562Z,near the coast of Venezuela,earthquake,,0.0,,,reviewed,us,us,2004
2004-09-13T02:59:38.000Z,9.19,-70.09,1.4,4.7,mb,94.0,51.3,,,us,usp000d466,2014-11-07T01:23:28.701Z,"41 km WNW of Guanare, Venezuela",earthquake,,,,34.0,reviewed,car,us,2004
2004-07-23T12:06:38.110Z,10.545,-62.503,38.3,4.4,mb,52.0,99.0,,0.89,us,usp000d0ra,2014-11-07T01:22:57.297Z,"22 km W of Güiria, Venezuela",earthquake,,6.1,,14.0,reviewed,us,us,2004
2004-06-29T09:49:15.780Z,10.831,-62.687,107.7,4.4,mb,60.0,45.7,,0.99,us,usp000cz53,2014-11-07T01:22:43.698Z,"50 km WNW of Güiria, Venezuela",earthquake,,,,11.0,reviewed,us,us,2004
2004-05-30T13:12:37.540Z,10.907,-62.551,87.1,4.2,mb,63.0,62.0,,0.81,us,usp000cwmx,2014-11-07T01:22:26.335Z,"45 km NW of Güiria, Venezuela",earthquake,,,,25.0,reviewed,us,us,2004
2004-05-22T21:28:20.650Z,12.878,-70.343,17.3,4.4,mb,40.0,53.0,,1.19,us,usp000cvxp,2014-11-07T01:22:23.019Z,"132 km N of Punto Fijo, Venezuela",earthquake,,23.0,,11.0,reviewed,us,us,2004
2004-05-01T19:32:52.370Z,10.126,-62.948,10.0,4.5,mb,11.0,148.1,,0.97,us,usp000cty7,2014-11-07T01:22:12.125Z,"49 km NNE of Maturín, Venezuela",earthquake,,0.0,,2.0,reviewed,us,us,2004
2004-04-26T07:17:47.000Z,10.936,-62.436,118.1,4.2,mb,52.0,106.0,,0.91,us,usp000ctfc,2014-11-07T01:22:06.445Z,"42 km NNW of Güiria, Venezuela",earthquake,,4.4,,12.0,reviewed,us,us,2004
2004-04-04T17:17:42.670Z,8.041,-71.919,26.2,4.6,mb,92.0,86.5,,0.87,us,usp000crpp,2014-11-07T01:21:54.512Z,"37 km E of Colón, Venezuela",earthquake,,10.8,,36.0,reviewed,us,us,2004
2004-03-17T23:52:22.750Z,10.455,-63.622,10.0,4.0,mb,17.0,123.4,,0.99,us,usp000cq6w,2014-11-07T01:21:43.941Z,"46 km WSW of Carúpano, Venezuela",earthquake,,,,6.0,reviewed,us,us,2004
2004-03-17T12:36:22.620Z,12.89,-70.359,10.0,4.4,md,7.0,178.2,,0.98,us,usp000cq5q,2014-11-07T01:21:43.802Z,"133 km N of Punto Fijo, Venezuela",earthquake,,,,,reviewed,us,car,2004
2004-03-12T11:03:44.780Z,11.128,-70.636,110.9,4.1,mb,16.0,143.3,,0.8,us,usp000cpr6,2014-11-07T01:21:41.202Z,"74 km SW of Punta Cardón, Venezuela",earthquake,,10.8,,3.0,reviewed,us,us,2004
2004-02-25T18:13:55.600Z,10.768,-62.666,119.6,4.5,mb,43.0,95.2,,1.01,us,usp000cn8t,2014-11-07T01:21:28.762Z,"45 km WNW of Güiria, Venezuela",earthquake,,,,17.0,reviewed,us,us,2004
2004-02-22T12:17:39.830Z,7.976,-71.635,53.2,3.9,mb,11.0,168.0,,0.96,us,usp000cmtm,2014-11-07T01:21:24.782Z,"67 km ENE of Táriba, Venezuela",earthquake,,32.0,,2.0,reviewed,us,us,2004
2004-02-16T23:27:31.250Z,12.879,-70.117,35.0,4.0,mb,12.0,168.2,,0.98,us,usp000cmcd,2014-11-07T01:21:21.872Z,"131 km N of Punto Fijo, Venezuela",earthquake,,,,1.0,reviewed,us,us,2004
2004-02-16T18:12:27.330Z,12.928,-70.165,41.3,4.5,mb,18.0,128.4,,1.13,us,usp000cmbv,2014-11-07T01:21:21.835Z,"136 km N of Punto Fijo, Venezuela",earthquake,,13.8,,2.0,reviewed,us,us,2004
2004-01-15T10:56:20.240Z,10.851,-62.468,98.0,5.1,mwc,193.0,43.6,,0.87,us,usp000chxv,2025-12-19T22:37:36.591Z,"35 km NNW of Güiria, Venezuela",earthquake,,,,,reviewed,us,hrv,2004
2003-12-31T06:48:28.810Z,8.715,-71.208,33.0,0.0,,8.0,130.7,,1.13,us,usp000cgmd,2014-11-07T01:20:51.883Z,"14 km NNW of Mérida, Venezuela",earthquake,,,,,reviewed,us,us,2003
2003-12-20T12:12:44.230Z,10.48,-63.157,33.0,4.7,mb,94.0,82.0,,0.95,us,usp000cfng,2014-11-07T01:20:47.315Z,"23 km SSE of Carúpano, Venezuela",earthquake,,,,45.0,reviewed,us,us,2003
2003-12-14T00:31:49.120Z,11.36,-62.567,119.5,3.8,mb,24.0,191.5,,1.22,us,usp000cf7c,2014-11-07T01:20:45.062Z,"91 km NNW of Güiria, Venezuela",earthquake,,10.5,,3.0,reviewed,us,us,2003
2003-11-17T19:08:32.970Z,11.881,-70.532,10.0,0.0,,7.0,197.1,,0.79,us,usp000cd6q,2014-11-07T01:20:30.676Z,"41 km WNW of Punto Fijo, Venezuela",earthquake,,,,,reviewed,us,us,2003
2003-10-02T06:00:46.600Z,10.52,-63.43,0.1,4.0,mb,20.0,120.7,,,us,usp000c9b0,2014-11-07T01:20:07.003Z,"25 km SW of Carúpano, Venezuela",earthquake,,,,8.0,reviewed,car,us,2003
2003-09-02T00:02:02.110Z,10.39,-62.533,51.7,4.5,mb,26.0,122.2,,1.27,us,usp000c6gd,2014-11-07T01:19:41.420Z,"32 km SW of Güiria, Venezuela",earthquake,,11.0,,1.0,reviewed,us,us,2003
2003-08-28T09:41:35.850Z,10.851,-62.37,33.0,3.9,mb,13.0,176.2,,1.11,us,usp000c643,2014-11-07T01:19:36.110Z,"31 km NNW of Güiria, Venezuela",earthquake,,,,4.0,reviewed,us,us,2003
2003-08-14T16:27:36.140Z,10.908,-62.588,128.0,4.5,mb,66.0,69.8,,0.91,us,usp000c4vr,2014-11-07T01:19:31.169Z,"48 km NW of Güiria, Venezuela",earthquake,,9.1,,28.0,reviewed,us,us,2003
2003-07-24T03:40:00.130Z,8.783,-70.14,33.0,0.0,,6.0,196.9,,0.94,us,usp000c36q,2014-11-07T01:19:17.114Z,"19 km NNE of Barinas, Venezuela",earthquake,,,,,reviewed,us,us,2003
2003-07-03T08:45:35.270Z,11.066,-62.349,129.6,4.4,md,28.0,153.2,,0.95,us,usp000c1hv,2014-11-07T01:19:07.156Z,"54 km N of Güiria, Venezuela",earthquake,,9.1,,,reviewed,us,fdf,2003
2003-06-17T00:57:48.290Z,8.275,-70.551,33.0,4.4,mb,50.0,79.5,,1.24,us,usp000c01u,2014-11-07T01:18:56.978Z,"50 km SW of Alto Barinas, Venezuela",earthquake,,,,34.0,reviewed,us,us,2003
2003-06-01T16:15:06.410Z,9.786,-62.849,38.2,4.8,mb,192.0,48.4,,0.95,us,usp000byrc,2022-05-02T16:35:58.168Z,"36 km E of Maturín, Venezuela",earthquake,,,,90.0,reviewed,us,us,2003
2003-05-24T00:07:41.020Z,6.498,-65.147,13.2,4.5,mb,38.0,80.9,,0.95,us,usp000bxzr,2014-11-07T01:18:41.640Z,"252 km SW of Ciudad Bolívar, Venezuela",earthquake,,,,13.0,reviewed,us,us,2003
2003-05-20T05:36:39.630Z,10.108,-72.682,134.9,4.2,mb,54.0,120.5,,1.16,us,usp000bxjk,2014-11-07T01:18:38.682Z,"15 km WNW of Machiques, Venezuela",earthquake,,,,12.0,reviewed,us,us,2003
2003-04-24T13:05:21.990Z,10.772,-63.008,121.5,4.5,mb,68.0,94.6,,0.84,us,usp000bvvs,2014-11-07T01:18:25.738Z,"29 km ENE of Carúpano, Venezuela",earthquake,,,,42.0,reviewed,us,us,2003
2003-02-18T17:43:38.020Z,9.206,-70.313,33.0,4.6,mb,43.0,,,1.24,us,usp000bqys,2014-11-07T01:17:49.458Z,"22 km SE of Trujillo, Venezuela",earthquake,,,,18.0,reviewed,us,us,2003
2003-02-14T01:23:39.830Z,10.312,-62.389,33.8,4.8,mb,154.0,,,0.84,us,usp000bqmp,2014-11-07T01:17:48.138Z,"30 km SSW of Güiria, Venezuela",earthquake,,5.3,,71.0,reviewed,us,us,2003
2003-01-25T03:12:18.400Z,11.049,-65.674,10.0,4.2,mb,30.0,,,0.89,us,usp000bp4w,2014-11-07T01:17:38.071Z,"114 km ENE of Guatire, Venezuela",earthquake,,,,8.0,reviewed,us,us,2003
2002-11-25T04:35:40.430Z,10.615,-62.87,33.0,4.5,mb,49.0,,,1.03,us,usp000bjbr,2014-11-07T01:17:10.965Z,"42 km E of Carúpano, Venezuela",earthquake,,,,21.0,reviewed,us,us,2002
2002-11-24T15:09:31.410Z,10.78,-62.674,98.6,4.9,mb,160.0,,,0.8,us,usp000bjab,2014-11-07T01:17:10.855Z,"46 km WNW of Güiria, Venezuela",earthquake,,,,68.0,reviewed,us,us,2002
2002-10-18T02:34:44.390Z,8.798,-71.841,33.0,4.1,mb,15.0,,,1.16,us,usp000bes1,2014-11-07T01:16:46.189Z,"Merida, Venezuela",earthquake,,,,9.0,reviewed,us,us,2002
2002-10-15T23:12:21.180Z,10.558,-63.479,33.0,4.4,mb,46.0,,,1.11,us,usp000ben7,2014-11-07T01:16:45.653Z,"27 km WSW of Carúpano, Venezuela",earthquake,,,,16.0,reviewed,us,us,2002
2002-10-04T15:43:46.450Z,10.371,-62.623,32.3,4.9,mb,168.0,,,0.98,us,usp000bdsw,2014-11-07T01:16:41.864Z,"42 km WSW of Güiria, Venezuela",earthquake,,3.6,,83.0,reviewed,us,us,2002
2002-09-27T16:26:43.400Z,10.73,-62.34,43.6,4.5,md,10.0,,,,us,usp000bd8d,2014-11-07T01:16:35.185Z,"17 km NNW of Güiria, Venezuela",earthquake,,,,,reviewed,car,car,2002
2002-09-22T08:10:16.100Z,10.65,-62.59,85.0,3.7,md,9.0,,,,us,usp000bcvc,2014-11-07T01:16:33.754Z,"32 km WNW of Güiria, Venezuela",earthquake,,,,,reviewed,car,car,2002
2002-09-13T20:18:59.750Z,10.306,-63.17,33.0,3.7,md,12.0,,,1.24,us,usp000bc5y,2014-11-07T01:16:30.753Z,"40 km SSE of Carúpano, Venezuela",earthquake,,,,,reviewed,us,trn,2002
2002-09-10T22:58:09.350Z,10.767,-62.4,113.1,4.1,mb,33.0,,,1.05,us,usp000bby7,2014-11-07T01:16:29.735Z,"23 km NNW of Güiria, Venezuela",earthquake,,7.2,,2.0,reviewed,us,us,2002
2002-08-09T13:47:54.990Z,10.871,-62.417,103.3,4.2,mb,14.0,,,0.82,us,usp000b9k7,2014-11-07T01:16:14.570Z,"34 km NNW of Güiria, Venezuela",earthquake,,10.9,,3.0,reviewed,us,us,2002
2002-06-21T11:20:58.200Z,9.891,-69.218,33.0,4.5,mb,11.0,,,0.61,us,usp000b6n0,2014-11-07T01:15:52.246Z,"15 km S of Los Rastrojos, Venezuela",earthquake,,,,6.0,reviewed,us,us,2002
2002-05-17T09:28:37.150Z,12.071,-70.783,33.0,,,17.0,,,1.42,us,usp000b4ft,2014-11-07T01:15:38.060Z,"76 km WNW of Punto Fijo, Venezuela",earthquake,,,,,reviewed,us,us,2002
2002-04-12T01:43:51.020Z,9.896,-69.963,10.0,4.5,mb,62.0,,,0.94,us,usp000b27y,2014-11-07T01:15:24.283Z,"22 km WNW of El Tocuyo, Venezuela",earthquake,,,,20.0,reviewed,us,us,2002
2002-03-30T13:15:54.030Z,8.694,-70.696,33.0,4.3,mb,44.0,,,1.07,us,usp000b1c7,2014-11-07T01:15:16.150Z,"32 km WSW of Barinitas, Venezuela",earthquake,,,,15.0,reviewed,us,us,2002
2002-03-29T20:22:37.770Z,10.353,-62.394,33.0,4.4,mb,43.0,,,1.02,us,usp000b1at,2014-11-07T01:15:15.848Z,"26 km SSW of Güiria, Venezuela",earthquake,,,,19.0,reviewed,us,us,2002
2002-01-13T15:46:04.230Z,10.659,-63.425,33.0,,,9.0,,,1.51,us,usp000awd9,2014-11-07T01:14:41.530Z,"18 km W of Carúpano, Venezuela",earthquake,,,,,reviewed,us,us,2002
2001-12-28T07:39:12.160Z,10.9,-64.558,33.0,4.8,mb,12.0,,,0.88,us,usp000avdu,2014-11-07T01:14:32.758Z,"64 km NW of Cumaná, Venezuela",earthquake,,,,5.0,reviewed,us,us,2001
2001-12-27T09:02:50.850Z,10.044,-69.878,33.0,3.9,mb,10.0,,,1.23,us,usp000avbt,2014-11-07T01:14:32.372Z,"26 km ESE of Carora, Venezuela",earthquake,,,,1.0,reviewed,us,us,2001
2001-12-21T20:51:52.470Z,8.17,-70.961,33.0,5.6,mwc,475.0,,,0.68,us,usp000av16,2022-04-29T19:45:03.885Z,"33 km SE of Mucumpiz, Venezuela",earthquake,,,,,reviewed,us,hrv,2001
2001-11-20T11:41:49.070Z,10.605,-62.702,100.0,,,10.0,,,0.97,us,usp000at6n,2014-11-07T01:14:16.880Z,"44 km W of Güiria, Venezuela",earthquake,,,,,reviewed,us,us,2001
2001-10-24T12:29:58.150Z,10.704,-62.638,33.0,4.1,mb,21.0,,,1.08,us,usp000arjm,2014-11-07T01:14:02.781Z,"39 km WNW of Güiria, Venezuela",earthquake,,,,6.0,reviewed,us,us,2001
2001-10-07T11:54:15.170Z,11.182,-62.502,100.0,3.9,mb,9.0,,,0.99,us,usp000aqcm,2014-11-07T01:13:57.159Z,"70 km NNW of Güiria, Venezuela",earthquake,,,,1.0,reviewed,us,us,2001
2001-08-29T16:42:40.400Z,11.269,-62.47,33.0,,,10.0,,,0.7,us,usp000an8v,2014-11-07T01:13:39.140Z,"78 km NNW of Güiria, Venezuela",earthquake,,,,,reviewed,us,us,2001
2001-06-28T15:48:34.080Z,11.431,-70.324,33.0,5.3,mwc,202.0,,,0.9,us,usp000ahn2,2022-04-29T19:24:39.853Z,"27 km SSW of Punta Cardón, Venezuela",earthquake,,,,,reviewed,us,hrv,2001
2001-06-10T08:45:01.490Z,9.861,-69.633,33.0,4.3,mb,20.0,,,1.2,us,usp000agbk,2014-11-07T01:13:01.539Z,"7 km S of Quíbor, Venezuela",earthquake,,,,9.0,reviewed,us,us,2001
2001-06-05T14:38:59.470Z,9.592,-69.337,19.2,4.8,mb,103.0,,,0.9,us,usp000ag3t,2014-11-07T01:12:58.958Z,"10 km W of Araure, Venezuela",earthquake,,,,55.0,reviewed,us,us,2001
2001-05-12T15:47:04.260Z,10.626,-62.753,34.0,2.8,md,5.0,,,,us,usp000aeuj,2014-11-07T01:12:47.412Z,"50 km W of Güiria, Venezuela",earthquake,,,,,reviewed,trn,trn,2001
2001-05-12T12:08:16.710Z,10.951,-62.159,84.0,2.8,md,5.0,,,,us,usp000aeu4,2014-11-07T01:12:47.367Z,"44 km NNE of Güiria, Venezuela",earthquake,,,,,reviewed,trn,trn,2001
2001-05-12T00:49:25.700Z,10.863,-62.365,65.0,3.0,md,5.0,,,,us,usp000aetc,2014-11-07T01:12:47.302Z,"32 km NNW of Güiria, Venezuela",earthquake,,,,,reviewed,trn,trn,2001
2001-05-09T04:15:36.030Z,10.804,-62.383,74.0,2.8,md,4.0,,,,us,usp000aens,2014-11-07T01:12:46.677Z,"26 km NNW of Güiria, Venezuela",earthquake,,,,,reviewed,trn,trn,2001
2001-05-03T09:46:35.810Z,10.946,-62.298,45.0,3.2,md,4.0,,,,us,usp000aec4,2014-11-07T01:12:43.835Z,"40 km N of Güiria, Venezuela",earthquake,,,,,reviewed,trn,trn,2001
2001-05-01T02:48:03.240Z,10.845,-62.326,69.0,3.5,md,6.0,,,,us,usp000ae8q,2014-11-07T01:12:41.409Z,"29 km N of Güiria, Venezuela",earthquake,,,,,reviewed,trn,trn,2001
2001-04-30T18:05:58.470Z,10.845,-62.138,53.0,3.5,md,15.0,,,,us,usp000ae83,2014-11-07T01:12:39.834Z,"34 km NNE of Güiria, Venezuela",earthquake,,,,,reviewed,trn,trn,2001
2001-04-25T04:10:27.330Z,11.289,-62.053,31.0,3.0,md,4.0,,,,us,usp000adxr,2014-11-07T01:12:37.997Z,"83 km NNE of Güiria, Venezuela",earthquake,,,,,reviewed,trn,trn,2001
2001-04-24T23:37:55.360Z,10.919,-62.308,47.0,3.3,md,6.0,,,,us,usp000adxc,2014-11-07T01:12:37.957Z,"37 km N of Güiria, Venezuela",earthquake,,,,,reviewed,trn,trn,2001
2001-04-24T17:03:31.590Z,10.848,-62.479,94.3,4.6,mb,102.0,,,0.97,us,usp000adws,2014-11-07T01:12:37.907Z,"35 km NNW of Güiria, Venezuela",earthquake,,,,52.0,reviewed,us,us,2001
2001-04-14T17:32:58.360Z,10.897,-62.277,96.0,3.2,md,5.0,,,,us,usp000ad8h,2014-11-07T01:12:34.847Z,near the coast of Venezuela,earthquake,,,,,reviewed,trn,trn,2001
2001-04-07T08:50:24.210Z,8.986,-61.087,66.0,3.9,mb,25.0,,,0.96,us,usp000acr3,2014-11-07T01:12:32.573Z,"106 km E of Tucupita, Venezuela",earthquake,,9.0,,6.0,reviewed,us,us,2001
2001-04-05T09:37:21.830Z,10.029,-72.822,33.0,4.2,mb,21.0,,,0.8,us,usp000acms,2014-11-07T01:12:32.000Z,"29 km W of Machiques, Venezuela",earthquake,,,,7.0,reviewed,us,us,2001
2001-04-01T10:26:57.210Z,10.584,-63.009,5.0,4.0,mb,13.0,,,1.44,us,usp000acce,2014-11-07T01:12:29.823Z,"28 km ESE of Carúpano, Venezuela",earthquake,,,,3.0,reviewed,us,us,2001
2001-03-26T08:32:50.740Z,10.705,-62.557,101.1,4.4,mb,37.0,,,1.16,us,usp000ac22,2014-11-07T01:12:25.763Z,"31 km WNW of Güiria, Venezuela",earthquake,,8.2,,13.0,reviewed,us,us,2001
2001-03-24T06:04:40.880Z,10.624,-62.455,31.0,3.1,md,9.0,,,,us,usp000abye,2014-11-07T01:12:24.795Z,"17 km WNW of Güiria, Venezuela",earthquake,,,,,reviewed,trn,trn,2001
2001-03-11T20:12:36.390Z,11.04,-62.018,54.0,3.1,md,6.0,,,,us,usp000ab8e,2014-11-07T01:12:20.082Z,"59 km NNE of Güiria, Venezuela",earthquake,,,,,reviewed,trn,trn,2001
2001-03-09T22:06:27.170Z,10.389,-62.247,38.0,3.1,md,7.0,,,,us,usp000ab5v,2014-11-07T01:12:19.775Z,"21 km SSE of Güiria, Venezuela",earthquake,,,,,reviewed,trn,trn,2001
2001-03-02T20:48:41.160Z,10.994,-63.125,33.0,3.4,mb,10.0,,,1.23,us,usp000aasm,2014-11-07T01:12:17.309Z,"39 km NNE of Carúpano, Venezuela",earthquake,,,,1.0,reviewed,us,us,2001
2001-02-25T16:54:58.950Z,11.185,-62.041,90.0,3.3,md,4.0,,,,us,usp000aabx,2014-11-07T01:12:11.901Z,"72 km NNE of Güiria, Venezuela",earthquake,,,,,reviewed,trn,trn,2001
2001-02-20T20:38:12.200Z,10.778,-62.273,45.0,2.8,md,5.0,,,,us,usp000aa06,2014-11-07T01:12:10.517Z,"22 km N of Güiria, Venezuela",earthquake,,,,,reviewed,trn,trn,2001
2001-02-16T18:54:27.560Z,10.954,-62.084,57.0,2.7,md,4.0,,,,us,usp000a9rj,2014-11-07T01:12:09.450Z,"47 km NNE of Güiria, Venezuela",earthquake,,,,,reviewed,trn,trn,2001
2001-02-15T17:35:36.480Z,10.871,-62.21,3.0,3.0,md,5.0,,,,us,usp000a9pv,2014-11-07T01:12:09.202Z,"33 km NNE of Güiria, Venezuela",earthquake,,,,,reviewed,trn,trn,2001
2001-02-08T17:57:06.790Z,10.976,-65.808,33.0,3.7,mb,7.0,,,0.84,us,usp000a99w,2014-11-07T01:12:06.890Z,near the coast of Venezuela,earthquake,,,,1.0,reviewed,us,us,2001
2001-01-31T04:10:02.310Z,11.029,-62.202,100.0,2.9,md,4.0,,,,us,usp000a8r4,2014-11-07T01:12:00.233Z,"51 km NNE of Güiria, Venezuela",earthquake,,,,,reviewed,trn,trn,2001
2001-01-25T04:33:42.570Z,10.67,-62.675,79.8,4.4,mb,63.0,,,0.78,us,usp000a8c7,2014-11-07T01:11:58.763Z,"42 km WNW of Güiria, Venezuela",earthquake,,,,8.0,reviewed,us,us,2001
2001-01-17T08:32:44.520Z,11.308,-62.211,137.0,3.4,md,6.0,,,,us,usp000a7v4,2014-11-07T01:11:56.941Z,"81 km N of Güiria, Venezuela",earthquake,,,,,reviewed,trn,trn,2001
2001-01-16T01:07:40.480Z,10.778,-62.483,103.0,3.0,md,4.0,,,,us,usp000a7ry,2014-11-07T01:11:56.104Z,"30 km NW of Güiria, Venezuela",earthquake,,,,,reviewed,trn,trn,2001
2001-01-15T15:09:25.260Z,11.066,-62.038,50.0,2.8,md,6.0,,,,us,usp000a7r3,2014-11-07T01:11:56.037Z,"61 km NNE of Güiria, Venezuela",earthquake,,,,,reviewed,trn,trn,2001
2001-01-15T13:14:01.170Z,10.985,-62.631,100.5,3.2,mb,16.0,,,1.01,us,usp000a7qz,2014-11-07T01:11:56.027Z,"57 km NW of Güiria, Venezuela",earthquake,,15.4,,1.0,reviewed,us,us,2001
2001-01-11T09:20:56.890Z,10.191,-69.401,33.0,4.4,mb,36.0,,,0.97,us,usp000a7gt,2014-11-07T01:11:55.089Z,"14 km NNW of Barquisimeto, Venezuela",earthquake,,,,14.0,reviewed,us,us,2001
2001-01-05T21:23:28.730Z,10.789,-62.438,31.0,3.2,md,5.0,,,,us,usp000a76d,2014-11-07T01:11:52.416Z,"27 km NNW of Güiria, Venezuela",earthquake,,,,,reviewed,trn,trn,2001
2001-01-03T01:32:57.830Z,10.468,-62.025,33.0,2.7,md,4.0,,,,us,usp000a733,2014-11-07T01:11:51.203Z,"32 km ESE of Güiria, Venezuela",earthquake,,,,,reviewed,trn,trn,2001
2000-12-29T20:06:36.810Z,10.855,-62.205,81.0,3.2,md,9.0,,,,us,usp000a6wr,2014-11-07T01:11:47.348Z,"32 km NNE of Güiria, Venezuela",earthquake,,,,,reviewed,trn,trn,2000
2000-12-18T03:50:03.560Z,9.491,-62.407,35.0,3.2,md,4.0,,,,us,usp000a68n,2014-11-07T01:11:44.615Z,"61 km NW of Tucupita, Venezuela",earthquake,,,,,reviewed,trn,trn,2000
2000-12-12T10:22:12.230Z,10.87,-62.456,100.0,3.8,md,12.0,,,0.68,us,usp000a5yf,2014-11-07T01:11:43.400Z,"36 km NNW of Güiria, Venezuela",earthquake,,,,,reviewed,us,trn,2000
2000-12-08T11:10:30.130Z,10.39,-62.632,34.0,3.6,md,4.0,,,,us,usp000a5qc,2014-11-07T01:11:41.756Z,"41 km WSW of Güiria, Venezuela",earthquake,,,,,reviewed,trn,trn,2000
2000-11-27T19:48:52.130Z,11.329,-62.141,89.0,3.1,md,5.0,,,,us,usp000a52r,2014-11-07T01:11:34.586Z,"84 km NNE of Güiria, Venezuela",earthquake,,,,,reviewed,trn,trn,2000
2000-11-23T08:10:29.610Z,11.269,-62.167,3.0,2.9,md,4.0,,,,us,usp000a4r2,2014-11-07T01:11:33.060Z,"77 km N of Güiria, Venezuela",earthquake,,,,,reviewed,trn,trn,2000
2000-11-22T20:53:01.870Z,11.001,-62.08,86.0,3.2,md,5.0,,,,us,usp000a4pd,2014-11-07T01:11:32.882Z,"52 km NNE of Güiria, Venezuela",earthquake,,,,,reviewed,trn,trn,2000
2000-11-10T10:01:27.630Z,10.859,-62.516,99.0,3.4,md,9.0,,,,us,usp000a3bj,2014-11-07T01:11:27.228Z,"39 km NW of Güiria, Venezuela",earthquake,,,,,reviewed,trn,trn,2000
2000-10-29T23:24:22.890Z,10.953,-62.343,114.0,3.0,md,8.0,,,,us,usp000a2p5,2014-11-07T01:11:19.870Z,"41 km N of Güiria, Venezuela",earthquake,,,,,reviewed,trn,trn,2000
2000-10-26T02:09:52.460Z,10.566,-62.43,70.0,3.1,md,5.0,,,,us,usp000a2e6,2014-11-07T01:11:18.966Z,"14 km W of Güiria, Venezuela",earthquake,,,,,reviewed,trn,trn,2000
2000-10-19T16:50:19.340Z,10.726,-62.304,49.0,3.4,md,5.0,,,,us,usp000a236,2014-11-07T01:11:17.426Z,"16 km N of Güiria, Venezuela",earthquake,,,,,reviewed,trn,trn,2000
2000-10-13T00:13:50.790Z,10.953,-62.389,105.0,3.3,md,4.0,,,,us,usp000a1pm,2014-11-07T01:11:16.260Z,"42 km NNW of Güiria, Venezuela",earthquake,,,,,reviewed,trn,trn,2000
2000-10-07T18:51:21.480Z,11.036,-62.348,98.0,2.7,md,4.0,,,,us,usp000a1dz,2014-11-07T01:11:15.091Z,"51 km N of Güiria, Venezuela",earthquake,,,,,reviewed,trn,trn,2000
2000-10-04T15:55:59.880Z,11.084,-62.339,91.0,3.5,md,7.0,,,,us,usp000a18r,2014-11-07T01:11:13.561Z,"56 km N of Güiria, Venezuela",earthquake,,,,,reviewed,trn,trn,2000
2000-10-04T14:37:44.150Z,11.124,-62.559,110.3,6.2,mwc,454.0,,,0.9,us,usp000a18p,2022-04-29T18:54:11.843Z,"66 km NNW of Güiria, Venezuela",earthquake,,,,,reviewed,us,hrv,2000
2000-09-21T05:38:17.690Z,11.105,-62.492,122.4,4.6,mb,59.0,,,0.96,us,usp000a0kv,2014-11-07T01:11:06.488Z,"62 km NNW of Güiria, Venezuela",earthquake,,4.8,,22.0,reviewed,us,us,2000
2000-08-29T10:58:22.720Z,10.892,-62.271,75.0,2.9,md,5.0,,,,us,usp0009zbg,2014-11-07T01:10:56.283Z,"34 km N of Güiria, Venezuela",earthquake,,,,,reviewed,trn,trn,2000
2000-08-13T01:20:33.060Z,10.885,-62.055,75.0,3.0,md,5.0,,,,us,usp0009ybq,2014-11-07T01:10:51.245Z,"43 km NE of Güiria, Venezuela",earthquake,,,,,reviewed,trn,trn,2000
2000-08-07T06:19:20.500Z,10.717,-62.437,113.0,3.6,md,11.0,,,,us,usp0009y1y,2014-11-07T01:10:49.987Z,"21 km NW of Güiria, Venezuela",earthquake,,,,,reviewed,trn,trn,2000
2000-08-06T17:34:11.660Z,11.018,-62.152,83.0,3.0,md,5.0,,,,us,usp0009y0u,2014-11-07T01:10:49.849Z,"51 km NNE of Güiria, Venezuela",earthquake,,,,,reviewed,trn,trn,2000
2000-08-06T08:22:58.340Z,11.008,-62.16,74.0,4.7,mb,97.0,,,1.11,us,usp0009y01,2014-11-07T01:10:49.764Z,"49 km NNE of Güiria, Venezuela",earthquake,,4.0,,18.0,reviewed,us,us,2000
2000-07-30T16:13:46.930Z,10.67,-62.8,3.0,3.5,md,7.0,,,,us,usp0009xfj,2014-11-07T01:10:42.653Z,"49 km E of Carúpano, Venezuela",earthquake,,,,,reviewed,trn,trn,2000
2000-07-27T18:08:17.720Z,11.292,-62.175,99.7,3.2,md,6.0,,,,us,usp0009x9k,2014-11-07T01:10:41.096Z,"80 km N of Güiria, Venezuela",earthquake,,,,,reviewed,trn,trn,2000
2000-07-26T02:47:41.880Z,11.144,-62.062,100.9,3.0,md,6.0,,,,us,usp0009x6f,2014-11-07T01:10:40.288Z,"67 km NNE of Güiria, Venezuela",earthquake,,,,,reviewed,trn,trn,2000
2000-07-16T04:50:05.000Z,10.486,-62.25,3.0,3.4,md,6.0,,,,us,usp0009wku,2014-11-07T01:10:36.932Z,"11 km SSE of Güiria, Venezuela",earthquake,,,,,reviewed,trn,trn,2000
2000-07-15T05:10:07.060Z,10.882,-62.287,56.6,2.8,md,4.0,,,,us,usp0009wjb,2014-11-07T01:10:36.707Z,near the coast of Venezuela,earthquake,,,,,reviewed,trn,trn,2000
2000-07-13T08:03:04.160Z,10.918,-62.39,64.9,3.2,md,4.0,,,,us,usp0009wde,2014-11-07T01:10:35.913Z,"39 km NNW of Güiria, Venezuela",earthquake,,,,,reviewed,trn,trn,2000
2000-07-10T17:05:47.220Z,10.805,-62.357,69.1,2.8,md,4.0,,,,us,usp0009w5w,2014-11-07T01:10:34.799Z,"25 km NNW of Güiria, Venezuela",earthquake,,,,,reviewed,trn,trn,2000
2000-06-20T13:29:12.840Z,10.803,-62.447,91.1,3.6,mb,16.0,,,1.22,us,usp0009uwc,2014-11-07T01:10:23.821Z,near the coast of Venezuela,earthquake,,12.0,,2.0,reviewed,us,us,2000
2000-06-11T00:45:14.370Z,10.245,-62.373,10.0,4.5,md,15.0,,,0.74,us,usp0009ud2,2014-11-07T01:10:21.656Z,"37 km SSW of Güiria, Venezuela",earthquake,,,,,reviewed,us,fdf,2000
2000-06-03T22:51:11.050Z,10.91,-62.319,34.0,3.6,md,6.0,,,,us,usp0009twr,2014-11-07T01:10:17.989Z,"36 km N of Güiria, Venezuela",earthquake,,,,,reviewed,trn,trn,2000
2000-05-29T18:45:34.890Z,10.698,-62.383,96.0,3.4,md,,,,,us,usp0009tmn,2014-11-07T01:10:12.222Z,"16 km NW of Güiria, Venezuela",earthquake,,,,,reviewed,trn,trn,2000
2000-05-24T04:38:46.570Z,9.572,-62.383,25.0,3.4,md,,,,,us,usp0009tdd,2014-11-07T01:10:11.313Z,"67 km NNW of Tucupita, Venezuela",earthquake,,,,,reviewed,trn,trn,2000
2000-05-22T19:19:28.810Z,11.248,-62.169,3.0,3.1,md,,,,,us,usp0009tbj,2014-11-07T01:10:11.032Z,"75 km N of Güiria, Venezuela",earthquake,,,,,reviewed,trn,trn,2000
2000-05-20T21:54:32.650Z,11.121,-62.117,97.0,2.9,md,,,,,us,usp0009t81,2014-11-07T01:10:10.613Z,"63 km NNE of Güiria, Venezuela",earthquake,,,,,reviewed,trn,trn,2000
2000-05-12T23:43:48.170Z,10.967,-62.21,58.0,3.4,md,,,,,us,usp0009sv7,2014-11-07T01:10:07.599Z,"44 km NNE of Güiria, Venezuela",earthquake,,,,,reviewed,trn,trn,2000
2000-05-08T19:55:07.550Z,10.742,-62.607,55.0,3.1,md,,,,,us,usp0009sng,2014-11-07T01:10:05.852Z,"38 km WNW of Güiria, Venezuela",earthquake,,,,,reviewed,trn,trn,2000
2000-05-05T04:52:41.390Z,10.656,-62.479,58.0,3.7,md,,,,,us,usp0009se6,2014-11-07T01:10:04.042Z,"21 km WNW of Güiria, Venezuela",earthquake,,,,,reviewed,trn,trn,2000
2000-05-01T06:37:38.050Z,11.11,-62.352,113.1,4.3,mb,,,,0.83,us,usp0009s5e,2014-11-07T01:09:59.889Z,"59 km N of Güiria, Venezuela",earthquake,,,,29.0,reviewed,us,us,2000
2000-04-27T20:54:44.060Z,10.102,-63.257,33.0,3.8,mb,,,,0.86,us,usp0009ryz,2014-11-07T01:09:57.374Z,"40 km NNW of Maturín, Venezuela",earthquake,,,,1.0,reviewed,us,us,2000
2000-04-27T12:19:43.380Z,11.137,-62.303,118.2,4.3,mb,,,,1.14,us,usp0009ryg,2014-11-07T01:09:57.305Z,"61 km N of Güiria, Venezuela",earthquake,,6.2,,9.0,reviewed,us,us,2000
2000-04-25T13:35:42.070Z,11.1,-62.131,71.0,2.6,md,,,,,us,usp0009rva,2014-11-07T01:09:56.595Z,"60 km NNE of Güiria, Venezuela",earthquake,,,,,reviewed,trn,trn,2000
2000-04-21T04:01:47.850Z,10.832,-62.294,57.0,2.8,md,,,,,us,usp0009rms,2014-11-07T01:09:55.374Z,"28 km N of Güiria, Venezuela",earthquake,,,,,reviewed,trn,trn,2000
2000-04-20T07:06:39.460Z,10.089,-63.931,3.0,3.9,md,,,,,us,usp0009rk1,2014-11-07T01:09:55.148Z,"48 km SE of Cumaná, Venezuela",earthquake,,,,,reviewed,trn,trn,2000
2000-04-16T18:58:33.260Z,11.146,-62.06,52.0,3.5,md,,,,,us,usp0009rd2,2014-11-07T01:09:54.368Z,"68 km NNE of Güiria, Venezuela",earthquake,,,,,reviewed,trn,trn,2000
2000-04-12T16:46:07.570Z,10.976,-62.076,69.0,4.3,md,,,,,us,usp0009r6u,2014-11-07T01:09:53.401Z,"50 km NNE of Güiria, Venezuela",earthquake,,,,,reviewed,trn,fdf,2000
2000-04-12T02:05:14.140Z,10.489,-62.066,17.0,3.4,md,,,,,us,usp0009r61,2014-11-07T01:09:53.122Z,"27 km ESE of Güiria, Venezuela",earthquake,,,,,reviewed,trn,trn,2000
2000-04-11T21:54:56.560Z,10.777,-62.273,84.0,2.8,md,,,,,us,usp0009r5t,2014-11-07T01:09:53.106Z,"22 km N of Güiria, Venezuela",earthquake,,,,,reviewed,trn,trn,2000
2000-04-06T18:02:03.480Z,10.983,-62.48,68.0,2.9,md,,,,,us,usp0009qx8,2014-11-07T01:09:52.048Z,"49 km NNW of Güiria, Venezuela",earthquake,,,,,reviewed,trn,trn,2000
2000-04-04T16:30:31.790Z,10.683,-62.626,89.1,3.6,mb,,,,0.9,us,usp0009qtr,2014-11-07T01:09:51.404Z,"37 km WNW of Güiria, Venezuela",earthquake,,,,2.0,reviewed,us,us,2000
2000-04-01T02:58:46.770Z,10.826,-62.225,79.0,2.8,md,,,,,us,usp0009qky,2014-11-07T01:09:48.415Z,"28 km NNE of Güiria, Venezuela",earthquake,,,,,reviewed,trn,trn,2000
2000-03-29T10:31:57.110Z,9.465,-70.59,33.0,4.2,mb,,,,0.79,us,usp0009qdy,2014-11-07T01:09:45.899Z,"16 km N of Valera, Venezuela",earthquake,,,,10.0,reviewed,us,us,2000
2000-03-27T10:24:40.270Z,10.983,-62.036,93.0,3.3,md,,,,,us,usp0009q98,2014-11-07T01:09:45.264Z,"53 km NNE of Güiria, Venezuela",earthquake,,,,,reviewed,trn,trn,2000
2000-03-26T07:51:22.270Z,10.808,-62.404,56.0,2.9,md,,,,,us,usp0009q78,2014-11-07T01:09:44.936Z,"28 km NNW of Güiria, Venezuela",earthquake,,,,,reviewed,trn,trn,2000
2000-03-26T07:13:18.740Z,10.789,-62.486,82.0,4.2,mb,,,,0.87,us,usp0009q74,2014-11-07T01:09:44.923Z,"31 km NW of Güiria, Venezuela",earthquake,,,,8.0,reviewed,us,us,2000
2000-03-25T20:15:27.990Z,10.368,-62.616,10.0,4.8,mb,,,,1.15,us,usp0009q5w,2014-11-07T01:09:44.788Z,"41 km WSW of Güiria, Venezuela",earthquake,,,,25.0,reviewed,us,us,2000
2000-03-25T00:09:46.640Z,11.0,-62.259,77.0,3.6,md,,,,,us,usp0009q4f,2014-11-07T01:09:44.650Z,"46 km N of Güiria, Venezuela",earthquake,,,,,reviewed,trn,trn,2000
2000-03-09T20:25:17.860Z,10.923,-62.259,69.0,2.7,md,,,,,us,usp0009pg8,2014-11-07T01:09:40.447Z,"38 km N of Güiria, Venezuela",earthquake,,,,,reviewed,trn,trn,2000
2000-03-07T21:08:35.530Z,10.858,-62.148,100.0,3.6,md,,,,,us,usp0009pdh,2014-11-07T01:09:39.990Z,"35 km NNE of Güiria, Venezuela",earthquake,,,,,reviewed,trn,trn,2000
2000-03-07T08:15:23.660Z,10.965,-62.229,47.0,3.2,md,,,,,us,usp0009pd0,2014-11-07T01:09:39.869Z,"43 km N of Güiria, Venezuela",earthquake,,,,,reviewed,trn,trn,2000
2000-03-06T14:28:12.040Z,11.064,-61.996,114.0,3.1,md,,,,,us,usp0009pca,2014-11-07T01:09:39.762Z,"63 km NNE of Güiria, Venezuela",earthquake,,,,,reviewed,trn,trn,2000
2000-03-05T10:24:10.530Z,11.008,-62.54,3.0,3.2,md,,,,,us,usp0009pa1,2014-11-07T01:09:39.415Z,"54 km NNW of Güiria, Venezuela",earthquake,,,,,reviewed,trn,trn,2000
2000-03-03T16:19:08.240Z,10.661,-62.477,77.0,2.8,md,,,,,us,usp0009p7h,2014-11-07T01:09:38.267Z,"21 km WNW of Güiria, Venezuela",earthquake,,,,,reviewed,trn,trn,2000
2000-03-02T17:20:59.490Z,10.886,-62.395,84.0,3.2,md,,,,,us,usp0009p6c,2014-11-07T01:09:37.837Z,"35 km NNW of Güiria, Venezuela",earthquake,,,,,reviewed,trn,trn,2000
2000-02-26T07:02:28.030Z,10.791,-62.443,31.0,3.1,md,,,,,us,usp0009nzj,2014-11-07T01:09:33.856Z,near the coast of Venezuela,earthquake,,,,,reviewed,trn,trn,2000
2000-02-25T22:24:36.220Z,10.922,-62.847,3.0,3.7,md,,,,,us,usp0009nys,2014-11-07T01:09:33.715Z,"52 km ENE of Carúpano, Venezuela",earthquake,,,,,reviewed,trn,trn,2000
2000-02-20T05:29:31.030Z,10.979,-62.289,69.0,3.6,md,,,,,us,usp0009nqc,2014-11-07T01:09:31.840Z,"44 km N of Güiria, Venezuela",earthquake,,,,,reviewed,trn,trn,2000
2000-02-20T04:01:27.100Z,10.635,-71.369,10.0,3.9,mb,,,,1.38,us,usp0009nq8,2014-11-07T01:09:31.831Z,"18 km NE of Santa Rita, Venezuela",earthquake,,,,1.0,reviewed,us,us,2000
2000-02-18T16:12:44.270Z,10.78,-71.078,33.0,4.5,mb,,,,0.91,us,usp0009nn1,2014-11-07T01:09:31.527Z,"54 km ENE of Santa Rita, Venezuela",earthquake,,,,18.0,reviewed,us,us,2000
2000-02-18T01:08:59.080Z,11.046,-62.36,73.0,2.7,md,,,,,us,usp0009nks,2014-11-07T01:09:31.387Z,"52 km N of Güiria, Venezuela",earthquake,,,,,reviewed,trn,trn,2000
2000-02-14T13:54:02.840Z,10.945,-62.292,49.0,3.5,md,,,,,us,usp0009nfb,2014-11-07T01:09:30.855Z,"40 km N of Güiria, Venezuela",earthquake,,,,,reviewed,trn,trn,2000
2000-02-13T09:52:08.880Z,10.249,-62.344,5.0,,,,,,,us,usp0009ndj,2014-11-07T01:09:30.661Z,"36 km S of Güiria, Venezuela",earthquake,,,,,reviewed,trn,us,2000
2000-02-10T15:22:28.300Z,10.846,-62.38,73.0,3.1,md,,,,,us,usp0009na9,2014-11-07T01:09:29.743Z,"31 km NNW of Güiria, Venezuela",earthquake,,,,,reviewed,trn,trn,2000
2000-02-03T06:10:53.880Z,12.561,-70.838,33.0,3.5,mb,,,,1.46,us,usp0009mzn,2014-11-07T01:09:26.054Z,"118 km NW of Punto Fijo, Venezuela",earthquake,,,,1.0,reviewed,us,us,2000
2000-01-29T10:10:18.920Z,10.693,-62.675,56.0,3.3,md,,,,,us,usp0009mtj,2014-11-07T01:09:22.672Z,"43 km WNW of Güiria, Venezuela",earthquake,,,,,reviewed,trn,trn,2000
2000-01-27T22:36:55.830Z,11.023,-62.12,38.0,2.9,md,,,,,us,usp0009mrg,2014-11-07T01:09:22.317Z,"53 km NNE of Güiria, Venezuela",earthquake,,,,,reviewed,trn,trn,2000
2000-01-26T13:29:46.530Z,10.861,-62.192,4.0,3.9,md,,,,,us,usp0009mpt,2014-11-07T01:09:22.101Z,"33 km NNE of Güiria, Venezuela",earthquake,,,,,reviewed,trn,trn,2000
2000-01-25T22:31:58.620Z,10.345,-62.144,4.0,3.6,md,,,,,us,usp0009mns,2014-11-07T01:09:21.977Z,"30 km SSE of Güiria, Venezuela",earthquake,,,,,reviewed,trn,trn,2000
2000-01-25T21:01:44.650Z,10.896,-62.192,49.0,3.5,md,,,,,us,usp0009mnq,2014-11-07T01:09:21.974Z,"37 km NNE of Güiria, Venezuela",earthquake,,,,,reviewed,trn,trn,2000
2000-01-17T04:56:03.210Z,10.621,-62.153,42.0,3.3,md,,,,,us,usp0009m8n,2014-11-07T01:09:20.097Z,"16 km ENE of Güiria, Venezuela",earthquake,,,,,reviewed,trn,trn,2000
2000-01-15T11:27:53.780Z,9.875,-62.605,36.7,3.9,md,,,,1.27,us,usp0009m5u,2014-11-07T01:09:19.704Z,"65 km ENE of Maturín, Venezuela",earthquake,,,,,reviewed,us,trn,2000
2000-01-07T05:04:43.280Z,10.861,-62.163,96.0,2.9,md,,,,,us,usp0009kuq,2014-11-07T01:09:18.108Z,"34 km NNE of Güiria, Venezuela",earthquake,,,,,reviewed,trn,trn,2000
