time,latitude,longitude,depth,mag,magType,nst,gap,dmin,rms,net,id,updated,place,type,horizontalError,depthError,magError,magNst,status,locationSource,magSource
2026-07-26T02:13:46.744Z,4.7907,-72.7547,12.362,4.7,mb,63.0,57.0,1.142,0.7,us,us7000t3eb,2026-07-26T02:33:31.040Z,"18 km ESE of Monterrey, Colombia",earthquake,7.2,4.654,0.038,204.0,reviewed,us,us
2026-07-23T17:50:29.177Z,6.8042,-73.1257,147.537,4.6,mb,79.0,82.0,0.907,0.79,us,us7000t2u4,2026-07-23T18:10:00.716Z,"8 km NNW of Jordán, Colombia",earthquake,7.36,7.732,0.039,193.0,reviewed,us,us
2026-07-20T10:55:00.820Z,10.6707,-62.2023,66.041,4.8,mb,50.0,41.0,3.568,1.24,us,us7000t1x5,2026-07-20T20:40:39.721Z,"14 km NE of Güiria, Venezuela",earthquake,8.45,7.136,0.095,34.0,reviewed,us,us
2026-07-20T09:45:10.282Z,11.3742,-60.8041,83.51,5.2,mww,105.0,35.0,2.139,0.96,us,us7000t1wn,2026-07-22T11:47:04.040Z,"22 km NNW of Scarborough, Trinidad and Tobago",earthquake,8.28,6.67,0.073,18.0,reviewed,us,us
2026-07-20T01:44:14.908Z,6.7581,-73.0723,152.012,4.6,mb,59.0,44.0,0.86,0.87,us,us7000t1vc,2026-07-20T02:09:25.251Z,"3 km NE of Jordán, Colombia",earthquake,7.32,6.256,0.032,289.0,reviewed,us,us
2026-07-15T20:13:38.516Z,6.6435,-73.0664,156.992,4.3,mb,117.0,48.0,3.281,0.83,us,us7000t0ss,2026-07-16T19:21:13.078Z,"4 km N of Curití, Colombia",earthquake,9.1,8.027,0.056,94.0,reviewed,us,us
2026-07-13T19:59:53.882Z,10.7234,-62.6404,88.024,4.5,mb,60.0,84.0,3.857,0.7,us,us7000t06y,2026-07-24T21:29:36.040Z,"26 km NE of Yaguaraparo, Venezuela",earthquake,4.51,6.691,0.067,66.0,reviewed,us,us
2026-07-08T23:56:00.177Z,10.5193,-68.558,10.0,4.5,mb,25.0,86.0,2.613,1.16,us,us7000t0qk,2026-07-20T23:31:42.040Z,"15 km SE of Yumare, Venezuela",earthquake,7.36,1.898,0.164,11.0,reviewed,us,us
2026-07-07T08:41:38.174Z,10.7833,-62.7846,126.309,4.5,mb,60.0,83.0,1.879,1.0,us,us6000talr,2026-07-29T05:57:20.274Z,"24 km N of Yaguaraparo, Venezuela",earthquake,8.44,8.209,0.045,147.0,reviewed,us,us
2026-06-29T11:01:02.693Z,10.7743,-66.7938,10.0,4.6,mb,108.0,58.0,2.251,0.53,us,us6000t8yf,2026-07-21T13:34:36.546Z,"19 km NNE of Caraballeda, Venezuela",earthquake,6.36,1.881,0.042,169.0,reviewed,us,us
2026-06-28T09:33:59.554Z,10.4907,-68.4852,10.0,4.3,mb,59.0,69.0,2.645,0.99,us,us6000t8sx,2026-07-21T13:22:22.997Z,"23 km ESE of Yumare, Venezuela",earthquake,6.7,1.911,0.092,33.0,reviewed,us,us
2026-06-28T08:46:09.312Z,10.6091,-68.3699,10.0,4.5,mb,41.0,175.0,2.814,0.74,us,us6000t8su,2026-07-15T12:26:41.994Z,"11 km SW of Boca de Aroa, Venezuela",earthquake,13.22,1.953,0.06,80.0,reviewed,us,us
2026-06-27T19:20:37.253Z,10.6767,-67.6133,10.0,4.8,mww,72.0,41.0,3.018,0.8,us,us6000t8q8,2026-07-06T14:48:47.598Z,"41 km N of El Limón, Venezuela",earthquake,7.01,1.876,0.11,8.0,reviewed,us,us
2026-06-27T14:23:39.723Z,10.6024,-67.0541,10.0,4.3,mb,52.0,64.0,3.92,0.79,us,us6000taer,2026-07-22T22:48:25.524Z,"2 km W of Catia La Mar, Venezuela",earthquake,8.21,1.884,0.101,29.0,reviewed,us,us
2026-06-26T22:16:11.872Z,10.7968,-67.6011,10.0,4.7,mww,87.0,46.0,3.542,0.76,us,us6000t8k6,2026-07-07T04:29:05.371Z,"54 km N of El Limón, Venezuela",earthquake,5.91,1.805,0.103,9.0,reviewed,us,us
2026-06-26T04:19:30.572Z,10.4864,-68.4278,10.0,4.4,mb,49.0,69.0,2.688,1.28,us,us6000t8d1,2026-07-22T00:42:19.603Z,"24 km W of Morón, Venezuela",earthquake,7.38,1.901,0.082,43.0,reviewed,us,us
2026-06-25T10:29:38.276Z,10.5458,-68.2604,10.0,4.3,mb,36.0,73.0,2.856,0.99,us,us6000t9wy,2026-07-23T09:59:28.040Z,"9 km NW of Morón, Venezuela",earthquake,6.84,1.649,0.109,24.0,reviewed,us,us
2026-06-25T07:48:51.850Z,10.6014,-67.4507,10.0,4.4,mb,16.0,101.0,0.621,0.81,us,us6000t828,2026-07-09T08:24:46.185Z,"38 km NNE of El Limón, Venezuela",earthquake,8.4,1.948,0.17,10.0,reviewed,us,us
2026-06-25T05:48:25.842Z,10.7063,-66.7831,10.0,4.4,mb,38.0,166.0,0.237,0.58,us,us6000t81p,2026-07-09T07:44:46.384Z,"12 km NE of Caraballeda, Venezuela",earthquake,7.04,1.938,0.096,31.0,reviewed,us,us
2026-06-24T22:54:00.283Z,10.8819,-67.0282,10.0,5.0,mb,25.0,68.0,2.502,0.79,us,us6000t9w3,2026-07-29T22:02:19.040Z,"30 km N of Catia La Mar, Venezuela",earthquake,7.64,1.93,0.17,11.0,reviewed,us,us
2026-06-24T22:23:57.864Z,10.9006,-67.1675,10.0,4.5,mb,31.0,134.0,2.639,0.84,us,us6000t80d,2026-07-25T04:47:56.040Z,"35 km NNW of Catia La Mar, Venezuela",earthquake,6.82,1.8,0.135,16.0,reviewed,us,us
2026-06-24T22:05:03.992Z,10.6221,-67.1935,10.0,7.5,mww,64.0,38.0,0.406,0.57,us,us6000t7zp,2026-07-30T03:16:35.789Z,"17 km W of Catia La Mar, Venezuela",earthquake,6.41,1.888,0.036,75.0,reviewed,us,us
2026-06-24T22:04:31.806Z,10.3713,-68.5564,10.0,7.2,mww,120.0,21.0,1.027,0.59,us,us6000t7zc,2026-07-29T22:49:29.540Z,"20 km E of San Felipe, Venezuela",earthquake,5.92,1.713,0.058,29.0,reviewed,us,us
2026-06-18T01:23:29.204Z,9.2935,-69.93,10.0,4.7,mb,137.0,41.0,0.798,0.6,us,us7000su81,2026-07-11T20:24:19.127Z,"34 km NW of Guanare, Venezuela",earthquake,6.65,1.878,0.052,112.0,reviewed,us,us
2026-06-17T10:51:00.495Z,6.7412,-72.9674,167.229,4.7,mb,204.0,46.0,3.143,0.57,us,us7000stm0,2026-07-09T06:51:26.544Z,"1 km SSE of Cepitá, Colombia",earthquake,9.31,7.444,0.027,427.0,reviewed,us,us
2026-06-17T04:11:39.173Z,6.7457,-73.0298,168.64,4.2,mb,45.0,134.0,3.185,0.76,us,us7000stkj,2026-07-03T05:27:14.040Z,"5 km NNW of Aratoca, Colombia",earthquake,11.32,8.459,0.086,38.0,reviewed,us,us
2026-06-14T00:39:48.528Z,9.2573,-69.677,27.145,4.3,mb,41.0,76.0,1.015,0.67,us,us7000ssrw,2026-07-03T21:17:51.040Z,"24 km W of Ospino, Venezuela",earthquake,7.69,5.679,0.113,22.0,reviewed,us,us
2026-06-04T23:41:15.280Z,9.6411,-70.0077,10.0,4.8,mb,50.0,109.0,0.974,0.77,us,us7000sqrk,2026-06-20T00:25:24.863Z,"28 km SW of El Tocuyo, Venezuela",earthquake,4.1,1.818,0.064,75.0,reviewed,us,us
2026-05-30T21:27:26.556Z,11.9344,-59.1419,35.0,5.6,mww,150.0,23.0,1.269,0.82,us,us7000spkc,2026-06-25T00:38:27.117Z,"133 km SSE of Oistins, Barbados",earthquake,6.59,1.86,0.063,24.0,reviewed,us,us
2026-05-30T00:31:41.736Z,11.2049,-62.2984,129.779,4.7,mb,68.0,40.0,3.299,0.85,us,us7000spga,2026-06-19T22:01:17.154Z,"69 km N of Güiria, Venezuela",earthquake,9.28,7.648,0.043,161.0,reviewed,us,us
2026-05-23T21:26:05.164Z,6.776,-72.9668,162.261,4.4,mb,46.0,120.0,2.344,0.89,us,us6000szsz,2026-06-08T22:12:48.040Z,"2 km NNE of Cepitá, Colombia",earthquake,9.46,8.324,0.056,92.0,reviewed,us,us
2026-05-17T01:46:07.010Z,10.6158,-66.5378,10.0,3.8,mb,19.0,221.0,4.389,0.71,us,us6000sybm,2026-07-25T22:12:50.040Z,"15 km N of Guatire, Venezuela",earthquake,8.4,1.994,0.254,5.0,reviewed,us,us
2026-05-15T23:21:36.848Z,10.5399,-72.4762,10.0,4.4,mb,38.0,61.0,2.451,1.06,us,us6000sy4k,2026-07-25T22:12:49.040Z,"29 km NW of La Villa del Rosario, Venezuela",earthquake,8.13,1.897,0.098,30.0,reviewed,us,us
2026-04-26T08:10:19.615Z,6.728,-72.967,168.894,4.2,mb,36.0,97.0,2.305,0.82,us,us6000svcx,2026-07-11T19:58:21.040Z,"3 km SSE of Cepitá, Colombia",earthquake,10.65,9.263,0.091,34.0,reviewed,us,us
2026-04-18T10:24:59.265Z,6.798,-73.0411,166.033,4.6,mb,48.0,83.0,2.321,0.84,us,us6000sr3g,2026-07-03T01:38:07.040Z,"8 km WNW of Cepitá, Colombia",earthquake,11.3,10.259,0.029,362.0,reviewed,us,us
2026-04-17T01:37:34.675Z,6.7502,-73.0368,162.893,4.1,mb,32.0,146.0,2.284,0.66,us,us6000ssl9,2026-07-03T01:38:58.040Z,"6 km NNW of Aratoca, Colombia",earthquake,11.28,12.889,0.12,19.0,reviewed,us,us
2026-04-13T01:38:58.244Z,6.0936,-72.0778,22.269,4.4,mb,52.0,69.0,2.555,0.6,us,us6000spk4,2026-06-24T16:34:34.040Z,"18 km E of Sácama, Colombia",earthquake,5.5,6.166,0.081,44.0,reviewed,us,us
2026-04-12T21:00:36.254Z,6.1979,-72.4159,10.0,4.6,mb,48.0,76.0,2.324,0.47,us,us6000spjl,2026-06-24T16:34:33.040Z,"6 km E of Chita, Colombia",earthquake,6.4,1.833,0.06,82.0,reviewed,us,us
2026-04-07T06:51:01.152Z,6.8337,-73.0995,164.628,4.1,mb,29.0,143.0,2.32,0.8,us,us6000sqs8,2026-06-20T17:05:28.040Z,"11 km N of Jordán, Colombia",earthquake,9.47,12.438,0.135,15.0,reviewed,us,us
2026-03-31T03:11:55.939Z,6.7458,-72.9227,170.965,4.1,mb,16.0,149.0,2.345,0.86,us,us6000snxj,2026-06-10T15:14:48.040Z,"5 km E of Cepitá, Colombia",earthquake,11.24,14.423,0.213,6.0,reviewed,us,us
2026-03-22T09:11:51.695Z,7.5819,-73.2099,155.316,4.2,mb,37.0,68.0,2.935,0.65,us,us7000s9e8,2026-06-04T18:38:11.040Z,"12 km N of El Playón, Colombia",earthquake,10.77,9.609,0.101,27.0,reviewed,us,us
2026-03-19T23:41:41.244Z,6.7497,-73.041,170.548,4.5,mb,41.0,107.0,2.281,0.89,us,us6000shlm,2026-06-04T18:37:52.040Z,"6 km ENE of Jordán, Colombia",earthquake,8.93,9.913,0.055,95.0,reviewed,us,us
2026-03-17T15:52:50.494Z,6.7887,-73.1743,170.394,4.2,mb,28.0,200.0,2.243,0.69,us,us7000s7vt,2026-05-26T19:17:09.040Z,"10 km NW of Jordán, Colombia",earthquake,14.63,9.083,0.121,19.0,reviewed,us,us
2026-03-01T10:12:50.370Z,7.6416,-72.6871,190.29,4.9,mww,67.0,83.0,2.377,0.87,us,us7000s17z,2026-05-15T22:02:35.040Z,"5 km NW of Bochalema, Colombia",earthquake,8.57,7.266,0.071,19.0,reviewed,us,us
2026-02-25T06:33:58.568Z,9.9606,-62.8103,13.928,4.5,mb,26.0,124.0,4.838,0.87,us,us7000s3fp,2026-05-12T17:28:18.040Z,"35 km ESE of Caripito, Venezuela",earthquake,5.0,6.43,0.222,6.0,reviewed,us,us
2026-02-14T11:21:41.317Z,6.7101,-72.9411,169.355,4.3,mb,54.0,170.0,2.306,0.73,us,us6000s97b,2026-05-06T17:53:53.040Z,"6 km SE of Cepitá, Colombia",earthquake,13.62,13.722,0.059,82.0,reviewed,us,us
2026-02-11T15:35:19.279Z,11.5177,-59.4507,35.156,4.6,mb,43.0,136.0,1.619,0.75,us,us7000s0i6,2026-05-01T14:35:55.040Z,"145 km ENE of Scarborough, Trinidad and Tobago",earthquake,8.82,10.459,0.107,26.0,reviewed,us,us
2026-02-11T05:59:41.047Z,6.7536,-73.0715,162.634,4.8,mb,70.0,37.0,2.267,0.94,us,us6000s7rz,2026-05-01T14:35:50.040Z,"3 km NE of Jordán, Colombia",earthquake,7.6,8.148,0.026,465.0,reviewed,us,us
2026-02-08T17:20:51.188Z,9.9117,-70.585,31.523,4.3,mb,26.0,131.0,1.022,0.52,us,us7000rzs4,2026-05-01T14:35:54.040Z,"38 km E of Mene Grande, Venezuela",earthquake,8.66,6.016,0.147,13.0,reviewed,us,us
2026-01-24T16:01:00.766Z,6.7755,-72.9296,160.322,4.2,mb,15.0,168.0,2.365,0.66,us,us6000s7h1,2026-04-21T16:27:56.040Z,"5 km ENE of Cepitá, Colombia",earthquake,17.87,21.204,0.187,8.0,reviewed,us,us
2026-01-16T07:05:29.829Z,6.7451,-73.0141,177.195,4.9,mb,60.0,95.0,2.292,0.62,us,us7000rq18,2026-04-18T14:46:54.040Z,"4 km WSW of Cepitá, Colombia",earthquake,8.58,7.009,0.024,564.0,reviewed,us,us
2026-01-09T06:39:20.333Z,6.3198,-73.5376,129.29,4.0,mb,25.0,128.0,1.66,0.69,us,us6000s502,2026-04-10T15:20:37.040Z,"7 km WNW of Contratación, Colombia",earthquake,11.98,10.393,0.119,19.0,reviewed,us,us
2026-01-08T05:06:59.390Z,9.0699,-59.9733,10.0,4.5,mb,48.0,111.0,4.068,0.63,us,us7000rndc,2026-04-10T15:20:40.040Z,"98 km NNW of Mabaruma, Guyana",earthquake,10.64,1.87,0.087,39.0,reviewed,us,us
2026-01-05T11:32:18.064Z,10.7686,-70.0154,10.0,4.3,mb,65.0,80.0,1.965,0.75,us,us7000rrn9,2026-04-07T22:12:01.040Z,"66 km N of Carora, Venezuela",earthquake,7.32,1.907,0.078,46.0,reviewed,us,us
2026-01-05T05:35:41.316Z,6.7122,-73.0079,172.439,4.7,mww,115.0,48.0,2.269,0.66,us,us7000rmi6,2026-04-07T22:11:55.040Z,"2 km NNE of Aratoca, Colombia",earthquake,8.25,6.216,0.11,8.0,reviewed,us,us
2026-01-03T12:50:36.514Z,6.6345,-72.8528,166.279,4.4,mb,51.0,175.0,2.301,0.68,us,us7000rm9f,2026-04-07T22:11:52.040Z,"6 km SW of Molagavita, Colombia",earthquake,15.06,16.32,0.054,100.0,reviewed,us,us
2026-01-01T16:11:06.020Z,10.5874,-62.6707,29.894,4.1,mb,21.0,172.0,4.439,0.71,us,us7000rrdt,2026-04-07T22:11:59.040Z,"17 km E of Yaguaraparo, Venezuela",earthquake,11.57,7.35,0.198,7.0,reviewed,us,us
2026-01-01T12:37:06.282Z,10.4676,-72.1167,25.47,4.6,mb,40.0,59.0,2.148,1.15,us,us7000rlwx,2026-04-07T22:11:49.040Z,"26 km NE of La Villa del Rosario, Venezuela",earthquake,8.72,5.153,0.092,35.0,reviewed,us,us
2025-12-25T02:38:27.062Z,6.6699,-72.9808,173.442,4.3,mb,59.0,65.0,2.251,0.69,us,us7000rkng,2026-04-01T22:48:05.040Z,"4 km ESE of Aratoca, Colombia",earthquake,9.2,8.324,0.08,44.0,reviewed,us,us
2025-12-17T04:39:20.086Z,10.8074,-62.9704,122.966,4.0,mb,23.0,193.0,1.716,0.62,us,us7000rnpx,2026-03-19T13:55:59.040Z,"30 km NNW of Yaguaraparo, Venezuela",earthquake,11.52,11.617,0.182,8.0,reviewed,us,us
2025-12-10T08:27:08.561Z,6.7742,-73.0156,164.124,5.5,mww,107.0,32.0,2.315,0.78,us,us6000rtuk,2026-03-10T22:18:34.040Z,"5 km WNW of Cepitá, Colombia",earthquake,7.31,3.658,0.052,35.0,reviewed,us,us
2025-12-08T02:27:14.174Z,12.0222,-69.6299,10.0,4.5,mb,61.0,99.0,3.271,1.14,us,us6000rtah,2026-03-04T18:43:23.040Z,"32 km ENE of Pueblo Nuevo, Venezuela",earthquake,8.36,1.89,0.08,45.0,reviewed,us,us
2025-12-02T04:48:24.805Z,9.9404,-70.8134,10.0,4.6,mb,85.0,52.0,1.064,0.67,us,us7000rf0q,2026-02-25T16:18:42.040Z,"16 km NE of Mene Grande, Venezuela",earthquake,6.6,1.889,0.07,61.0,reviewed,us,us
2025-11-29T04:32:30.299Z,6.7524,-72.9558,162.717,4.3,mb,36.0,121.0,2.331,0.84,us,us6000rvgw,2026-02-25T16:18:37.040Z,"2 km E of Cepitá, Colombia",earthquake,9.04,7.851,0.089,36.0,reviewed,us,us
2025-11-22T04:07:09.304Z,6.76,-72.9658,165.882,4.1,mb,13.0,167.0,2.332,1.09,us,us6000rtxg,2026-02-20T16:07:37.040Z,"1 km ENE of Cepitá, Colombia",earthquake,13.58,17.407,0.233,5.0,reviewed,us,us
2025-11-20T02:38:54.040Z,7.6113,-73.956,102.374,4.3,mb,37.0,88.0,2.772,0.64,us,us6000rtez,2026-02-20T16:07:37.040Z,"26 km N of Cantagallo, Colombia",earthquake,8.13,10.137,0.104,26.0,reviewed,us,us
2025-11-19T01:42:24.535Z,10.8677,-62.8177,164.958,4.1,mb,37.0,164.0,4.17,0.89,us,us6000rsry,2026-02-20T16:07:36.040Z,"33 km N of Yaguaraparo, Venezuela",earthquake,6.8,10.796,0.095,30.0,reviewed,us,us
2025-11-19T01:38:54.364Z,10.9296,-62.7828,122.292,5.0,mww,67.0,92.0,3.959,0.97,us,us6000rp2d,2026-02-20T16:07:29.040Z,"40 km N of Yaguaraparo, Venezuela",earthquake,11.02,7.323,0.056,31.0,reviewed,us,us
2025-11-14T10:30:30.078Z,6.7329,-73.0275,175.46,4.1,mb,31.0,165.0,2.275,0.82,us,us6000rs6i,2026-02-10T15:55:15.040Z,"4 km NNW of Aratoca, Colombia",earthquake,12.11,5.452,0.117,20.0,reviewed,us,us
2025-11-13T07:47:59.187Z,6.8181,-73.0894,160.462,4.1,mb,14.0,162.0,2.312,0.37,us,us7000rf2l,2026-02-10T15:55:17.040Z,"9 km N of Jordán, Colombia",earthquake,13.39,18.3,0.262,4.0,reviewed,us,us
2025-11-02T10:53:21.436Z,6.7319,-72.9212,156.469,4.1,mb,79.0,145.0,2.335,0.66,us,us6000rpk7,2026-01-27T17:59:10.040Z,"6 km ESE of Cepitá, Colombia",earthquake,12.15,7.684,0.064,66.0,reviewed,us,us
2025-10-31T05:13:02.660Z,9.7865,-70.7547,10.0,4.1,mb,21.0,93.0,0.905,0.97,us,us6000rpd5,2026-01-27T17:59:09.040Z,"19 km ESE of Mene Grande, Venezuela",earthquake,8.36,1.926,0.166,10.0,reviewed,us,us
2025-10-24T23:50:55.935Z,10.8149,-61.9692,79.064,4.8,mww,44.0,52.0,3.975,1.07,us,us6000rjbl,2026-01-15T22:46:51.040Z,"44 km NE of Güiria, Venezuela",earthquake,12.03,9.193,0.098,10.0,reviewed,us,us
2025-10-24T21:30:52.388Z,11.3798,-71.8215,96.556,4.7,mb,57.0,104.0,2.742,0.49,us,us6000rjb5,2026-01-15T22:46:51.040Z,"45 km E of Maicao, Colombia",earthquake,11.01,8.154,0.037,217.0,reviewed,us,us
2025-10-21T07:32:31.903Z,12.2142,-64.7835,10.0,4.5,mb,49.0,65.0,2.047,0.82,us,us6000rieq,2026-01-09T15:38:43.040Z,"153 km NW of Juan Griego, Venezuela",earthquake,6.99,1.914,0.1,33.0,reviewed,us,us
2025-10-16T04:11:16.736Z,6.7376,-73.0446,166.852,4.3,mb,37.0,93.0,2.269,0.64,us,us6000rhfn,2026-01-09T15:38:37.040Z,"5 km NNW of Aratoca, Colombia",earthquake,7.97,10.378,0.051,108.0,reviewed,us,us
2025-10-15T21:53:16.973Z,10.3125,-62.5177,69.497,4.1,mb,22.0,100.0,2.045,0.75,us,us6000rlqu,2026-01-09T15:38:44.040Z,"37 km SW of Güiria, Venezuela",earthquake,8.23,12.505,0.214,6.0,reviewed,us,us
2025-10-15T10:12:04.411Z,9.9182,-70.7624,10.0,4.5,mb,89.0,149.0,1.036,0.53,us,us6000rh9a,2026-01-09T15:38:36.040Z,"19 km ENE of Mene Grande, Venezuela",earthquake,5.68,1.888,0.061,78.0,reviewed,us,us
2025-10-15T09:30:26.633Z,9.8723,-70.7667,10.0,4.4,mb,24.0,105.0,0.991,0.87,us,us6000rlq3,2026-01-09T15:38:44.040Z,"17 km E of Mene Grande, Venezuela",earthquake,6.14,1.817,0.219,6.0,reviewed,us,us
2025-10-13T16:54:33.656Z,8.9324,-66.8932,8.446,4.3,mb,38.0,68.0,2.58,0.59,us,us6000rled,2026-01-01T23:11:18.040Z,"53 km SSE of El Sombrero, Venezuela",earthquake,7.72,4.189,0.129,17.0,reviewed,us,us
2025-10-10T17:20:36.837Z,13.0649,-59.509,47.429,4.4,mb,39.0,149.0,0.092,0.83,us,us6000rkn0,2026-01-01T23:11:16.040Z,"4 km E of Oistins, Barbados",earthquake,9.73,6.248,0.112,23.0,reviewed,us,us
2025-10-08T18:27:24.778Z,11.8935,-70.6363,76.14,4.4,mb,26.0,69.0,0.869,1.04,us,us6000rk92,2026-01-01T23:11:14.040Z,"42 km W of Santa Cruz de los Taques, Venezuela",earthquake,8.75,7.17,0.139,15.0,reviewed,us,us
2025-10-05T03:38:21.420Z,6.7319,-72.9942,168.406,4.3,mb,43.0,86.0,2.293,0.7,us,us6000rj7x,2025-12-19T22:50:46.040Z,"3 km SW of Cepitá, Colombia",earthquake,9.69,7.438,0.075,51.0,reviewed,us,us
2025-09-30T11:06:21.244Z,9.8894,-70.9702,10.0,4.5,mb,29.0,171.0,1.053,0.87,us,us6000rip9,2025-12-11T21:40:40.040Z,"6 km NW of Mene Grande, Venezuela",earthquake,10.89,1.935,0.118,21.0,reviewed,us,us
2025-09-26T19:43:45.326Z,6.7096,-72.9637,169.66,4.4,mb,40.0,125.0,2.292,0.56,us,us6000rhvw,2025-12-11T21:40:46.040Z,"5 km SSE of Cepitá, Colombia",earthquake,11.75,8.718,0.095,35.0,reviewed,us,us
2025-09-26T00:21:31.074Z,6.7494,-72.9982,166.636,4.5,mb,56.0,80.0,2.305,0.7,us,us6000rcz9,2025-12-11T21:40:43.040Z,"2 km WSW of Cepitá, Colombia",earthquake,8.82,8.457,0.048,128.0,reviewed,us,us
2025-09-25T11:28:22.661Z,9.9307,-70.7656,20.305,4.5,mb,95.0,79.0,1.047,0.69,us,us6000rcta,2025-12-11T21:40:44.040Z,"19 km ENE of Mene Grande, Venezuela",earthquake,5.73,4.981,0.048,130.0,reviewed,us,us
2025-09-25T06:55:38.881Z,9.8621,-70.7516,12.195,5.3,mww,318.0,28.0,0.977,0.62,us,us6000rcrj,2025-12-11T21:40:45.040Z,"19 km E of Mene Grande, Venezuela",earthquake,5.68,3.838,0.069,20.0,reviewed,us,us
2025-09-25T06:42:53.539Z,9.7939,-70.7598,10.0,4.4,mb,39.0,92.0,0.913,0.68,us,us6000rhtc,2025-12-11T21:40:44.040Z,"19 km ESE of Mene Grande, Venezuela",earthquake,7.53,1.91,0.117,21.0,reviewed,us,us
2025-09-25T04:24:14.330Z,9.825,-70.7393,10.0,4.5,mb,37.0,123.0,0.939,0.72,us,us6000rht7,2025-12-11T21:40:43.040Z,"20 km E of Mene Grande, Venezuela",earthquake,10.97,1.916,0.099,30.0,reviewed,us,us
2025-09-25T04:11:37.056Z,9.7922,-70.8698,10.0,4.4,mb,11.0,113.0,0.932,1.04,us,us6000rhuk,2025-12-11T21:40:38.040Z,"8 km SE of Mene Grande, Venezuela",earthquake,8.77,1.969,0.219,6.0,reviewed,us,us
2025-09-25T03:51:39.565Z,9.9355,-70.7081,14.0,6.3,mww,113.0,27.0,1.048,0.94,us,us6000rcqw,2025-12-11T21:40:39.040Z,"25 km ENE of Mene Grande, Venezuela",earthquake,5.72,1.815,0.027,130.0,reviewed,us,us
2025-09-25T02:42:37.878Z,9.7941,-70.7163,10.0,4.9,mww,59.0,67.0,0.908,0.78,us,us6000rcqq,2025-12-11T21:40:42.040Z,"23 km ESE of Mene Grande, Venezuela",earthquake,6.72,1.858,0.083,14.0,reviewed,us,us
2025-09-25T01:18:41.190Z,9.8774,-70.8406,10.0,4.3,mb,17.0,108.0,1.007,0.86,us,us6000rht0,2025-12-11T21:40:40.040Z,"10 km ENE of Mene Grande, Venezuela",earthquake,7.43,1.94,0.148,13.0,reviewed,us,us
2025-09-25T00:01:19.944Z,9.8027,-70.6325,13.602,4.4,mb,12.0,140.0,0.913,0.6,us,us6000rht4,2025-12-11T21:40:46.040Z,"32 km E of Mene Grande, Venezuela",earthquake,6.72,4.948,0.269,4.0,reviewed,us,us
2025-09-24T22:52:14.775Z,9.9265,-70.8178,10.0,4.6,mb,42.0,74.0,1.051,1.08,us,us6000rhll,2025-12-11T21:40:37.040Z,"14 km NE of Mene Grande, Venezuela",earthquake,7.11,1.828,0.089,37.0,reviewed,us,us
2025-09-24T22:33:10.557Z,9.9192,-70.6755,10.0,4.9,mb,61.0,95.0,1.03,1.11,us,us6000rhlk,2025-12-11T21:40:37.040Z,"28 km ENE of Mene Grande, Venezuela",earthquake,7.28,1.871,0.075,55.0,reviewed,us,us
2025-09-24T22:21:55.716Z,9.8668,-70.8781,9.0,6.2,mww,317.0,17.0,1.006,0.67,us,us6000rcnw,2025-12-11T21:40:44.040Z,"5 km ENE of Mene Grande, Venezuela",earthquake,5.41,1.684,0.038,66.0,reviewed,us,us
2025-09-24T21:50:34.896Z,9.9384,-70.7343,10.0,4.2,mb,8.0,202.0,1.053,0.51,us,us6000rhle,2025-12-11T21:40:48.040Z,"23 km ENE of Mene Grande, Venezuela",earthquake,12.44,1.979,0.236,5.0,reviewed,us,us
2025-09-17T22:48:03.815Z,12.0272,-61.0459,77.162,4.3,mb,18.0,189.0,0.604,1.01,us,us6000rg6p,2025-12-06T16:00:10.040Z,"63 km E of Grenville, Grenada",earthquake,7.7,9.01,0.237,5.0,reviewed,us,us
2025-09-14T10:10:49.033Z,6.9235,-73.1814,151.558,4.1,mb,54.0,156.0,2.356,0.6,us,us6000rfea,2025-12-03T03:58:30.040Z,"11 km ENE of Betulia, Colombia",earthquake,12.72,15.614,0.077,46.0,reviewed,us,us
2025-08-30T21:50:34.213Z,6.885,-73.1159,147.324,4.5,mb,38.0,127.0,0.987,0.66,us,us7000qsn0,2025-11-19T21:59:45.040Z,"13 km SSW of Piedecuesta, Colombia",earthquake,8.4,9.579,0.09,36.0,reviewed,us,us
2025-08-27T20:10:10.376Z,8.8122,-71.2831,14.52,4.4,mb,34.0,72.0,0.645,0.82,us,us6000rc47,2025-11-19T21:59:34.040Z,"17 km S of Tucaní, Venezuela",earthquake,5.49,4.671,0.134,16.0,reviewed,us,us
2025-08-25T22:44:26.884Z,5.5626,-72.1709,10.0,4.3,mb,24.0,60.0,2.257,0.35,us,us7000qxc0,2025-11-12T16:25:49.040Z,"8 km SSE of Nunchía, Colombia",earthquake,6.36,1.926,0.142,14.0,reviewed,us,us
2025-08-19T04:26:44.738Z,7.2465,-73.3228,127.636,4.1,mb,19.0,84.0,2.584,0.86,us,us7000qvpt,2025-11-04T16:44:24.040Z,"18 km NW of Lebrija, Colombia",earthquake,6.31,12.337,0.184,8.0,reviewed,us,us
2025-08-01T23:52:30.935Z,10.7143,-62.8249,109.287,4.7,mb,60.0,84.0,1.818,0.97,us,us6000qxjl,2025-10-17T22:51:42.040Z,"16 km N of Yaguaraparo, Venezuela",earthquake,9.83,7.775,0.035,246.0,reviewed,us,us
2025-07-23T03:57:10.480Z,6.9544,-73.1265,147.834,4.2,mb,30.0,115.0,2.409,0.67,us,us6000qym2,2025-10-11T20:57:40.040Z,"9 km WSW of Piedecuesta, Colombia",earthquake,7.86,11.659,0.12,19.0,reviewed,us,us
2025-07-21T06:16:06.490Z,6.9177,-73.1993,159.857,4.1,mb,17.0,80.0,2.342,0.73,us,us6000qy9t,2025-10-03T18:41:52.040Z,"9 km ENE of Betulia, Colombia",earthquake,7.91,9.042,0.186,8.0,reviewed,us,us
2025-07-13T10:38:32.960Z,6.9431,-73.1526,151.092,4.3,mb,91.0,70.0,2.386,0.81,us,us7000qce6,2025-11-28T21:04:58.696Z,"12 km WSW of Piedecuesta, Colombia",earthquake,6.71,10.212,0.058,84.0,reviewed,us,us
2025-07-10T09:27:28.554Z,5.2089,-73.6458,146.8,4.4,mb,37.0,155.0,0.764,0.75,us,us6000qu6u,2025-09-20T22:27:05.040Z,"5 km W of Villapinzón, Colombia",earthquake,9.12,7.733,0.112,23.0,reviewed,us,us
2025-07-07T23:08:31.190Z,4.4911,-73.2066,10.0,4.4,mb,23.0,76.0,1.165,0.33,us,us7000qdgb,2025-09-12T16:23:11.040Z,"12 km N of Paratebueno, Colombia",earthquake,6.1,1.901,0.134,16.0,reviewed,us,us
2025-07-06T13:29:24.221Z,6.9246,-73.0776,154.788,4.4,mb,46.0,89.0,2.408,1.08,us,us7000qb07,2025-09-12T16:23:10.040Z,"7 km SSW of Piedecuesta, Colombia",earthquake,4.0,9.356,0.038,198.0,reviewed,us,us
2025-06-29T21:23:02.332Z,0.2945,-60.5105,11.668,4.0,mb,19.0,63.0,6.482,0.34,us,us7000qbua,2025-09-04T20:40:06.040Z,"279 km S of Boa Vista, Brazil",earthquake,9.1,2.756,0.164,10.0,reviewed,us,us
2025-06-28T05:35:18.025Z,11.0653,-69.1312,10.0,4.2,mb,12.0,212.0,1.666,1.42,us,us7000q9ag,2025-09-04T20:40:00.040Z,"52 km SSE of Puerto Cumarebo, Venezuela",earthquake,8.79,1.982,0.2,7.0,reviewed,us,us
2025-06-24T20:20:01.435Z,11.2328,-61.3736,76.93,4.4,mb,49.0,131.0,0.935,0.93,us,us7000q8ie,2025-09-02T21:23:43.040Z,"61 km NNE of Petit Valley, Trinidad and Tobago",earthquake,7.09,8.105,0.117,21.0,reviewed,us,us
2025-06-23T09:18:46.390Z,4.5768,-73.2685,10.0,4.5,mb,12.0,112.0,1.082,1.0,us,us7000qapj,2025-09-02T21:23:46.040Z,"11 km NE of Medina, Colombia",earthquake,8.19,1.344,0.204,7.0,reviewed,us,us
2025-06-16T13:40:18.815Z,11.8994,-61.2054,68.69,4.3,mb,22.0,123.0,0.496,0.78,us,us7000q9l6,2025-08-22T20:26:05.040Z,"51 km ESE of Grenville, Grenada",earthquake,2.37,6.151,0.168,10.0,reviewed,us,us
2025-06-09T12:03:48.706Z,4.4519,-73.1153,10.0,4.5,mb,66.0,75.0,1.264,0.71,us,us7000q8gi,2025-08-20T16:09:02.040Z,"13 km NE of Paratebueno, Colombia",earthquake,7.16,1.897,0.073,54.0,reviewed,us,us
2025-06-08T23:42:59.095Z,4.573,-73.3233,10.0,4.2,mb,8.0,114.0,1.03,1.16,us,us7000q887,2025-08-20T16:09:02.040Z,"7 km NNE of Medina, Colombia",earthquake,8.52,1.983,0.215,6.0,reviewed,us,us
2025-06-08T22:43:22.289Z,4.5116,-73.0916,10.0,4.8,mb,53.0,106.0,1.269,0.86,us,us6000qj2c,2025-08-20T16:08:59.040Z,"15 km WSW of Barranca de Upía, Colombia",earthquake,4.54,1.846,0.044,158.0,reviewed,us,us
2025-06-08T19:14:46.387Z,4.5276,-73.1571,10.0,4.3,mb,36.0,77.0,1.202,0.61,us,us7000q87x,2025-08-20T16:09:02.040Z,"17 km NNE of Paratebueno, Colombia",earthquake,7.65,1.911,0.111,23.0,reviewed,us,us
2025-06-08T17:45:12.875Z,4.3699,-73.2403,10.0,4.5,mb,59.0,62.0,1.176,0.7,us,us6000qizg,2025-08-20T16:08:58.040Z,"2 km WSW of Paratebueno, Colombia",earthquake,7.65,1.898,0.087,39.0,reviewed,us,us
2025-06-08T17:26:50.871Z,4.4094,-73.2733,10.0,4.2,mb,18.0,115.0,1.13,0.98,us,us7000q87v,2025-08-20T16:09:02.040Z,"7 km WNW of Paratebueno, Colombia",earthquake,9.61,1.908,0.147,13.0,reviewed,us,us
2025-06-08T16:30:58.151Z,4.4323,-73.328,10.0,4.9,mb,102.0,69.0,1.071,0.71,us,us6000qiys,2025-08-20T16:08:58.040Z,"8 km SSE of Medina, Colombia",earthquake,8.59,1.868,0.025,485.0,reviewed,us,us
2025-06-08T16:24:02.325Z,4.351,-73.197,10.0,4.2,mb,13.0,116.0,1.223,0.78,us,us7000q87t,2025-08-20T16:09:02.040Z,"3 km SE of Paratebueno, Colombia",earthquake,10.89,1.946,0.263,7.0,reviewed,us,us
2025-06-08T14:00:09.051Z,4.4747,-73.2145,10.0,4.2,mb,15.0,68.0,1.163,0.96,us,us7000q87n,2025-08-20T16:09:02.040Z,"10 km N of Paratebueno, Colombia",earthquake,7.29,1.471,0.264,6.0,reviewed,us,us
2025-06-08T13:44:00.052Z,4.5212,-73.0907,10.0,4.4,mb,13.0,185.0,1.268,0.85,us,us7000q87l,2025-08-20T16:09:02.040Z,"14 km WSW of Barranca de Upía, Colombia",earthquake,9.42,1.994,0.31,5.0,reviewed,us,us
2025-06-08T13:37:18.982Z,4.3802,-73.1981,10.0,4.7,mb,65.0,63.0,1.211,1.15,us,us6000qiy2,2025-08-20T16:08:58.040Z,"1 km ENE of Paratebueno, Colombia",earthquake,8.19,0.579,0.072,59.0,reviewed,us,us
2025-06-08T13:08:05.797Z,4.4852,-73.1248,9.0,6.3,mww,163.0,21.0,1.245,0.89,us,us6000qixr,2025-08-20T16:08:58.040Z,"15 km NE of Paratebueno, Colombia",earthquake,7.45,1.738,0.032,96.0,reviewed,us,us
2025-06-06T18:48:43.634Z,6.9045,-73.0855,155.58,4.1,mb,94.0,90.0,2.387,0.78,us,us6000qlh3,2025-08-20T16:09:01.040Z,"10 km SSW of Piedecuesta, Colombia",earthquake,7.14,7.969,0.06,81.0,reviewed,us,us
2025-05-30T08:17:51.661Z,6.9583,-73.1465,149.925,4.1,mb,31.0,156.0,2.403,0.86,us,us6000qk3r,2025-08-16T21:54:18.040Z,"11 km WSW of Piedecuesta, Colombia",earthquake,9.76,11.607,0.114,21.0,reviewed,us,us
2025-05-17T09:41:02.410Z,6.8592,-73.1237,147.138,4.0,mb,55.0,117.0,0.961,0.58,us,us6000qgwk,2025-07-25T17:06:13.040Z,"14 km NNW of Jordán, Colombia",earthquake,8.42,5.662,0.08,42.0,reviewed,us,us
2025-05-12T06:49:18.727Z,10.9734,-62.3724,93.251,4.5,mb,83.0,84.0,1.35,0.63,us,us7000pysc,2025-07-24T21:30:15.040Z,"44 km N of Güiria, Venezuela",earthquake,6.84,5.437,0.056,93.0,reviewed,us,us
2025-05-12T00:41:44.614Z,10.8661,-62.3886,89.172,5.0,mww,107.0,22.0,1.45,0.71,us,us7000pyqv,2025-07-24T21:30:15.040Z,"33 km NNW of Güiria, Venezuela",earthquake,7.9,2.365,0.062,25.0,reviewed,us,us
2025-05-11T10:41:50.463Z,7.327,-73.7849,91.758,4.6,mb,229.0,72.0,1.587,0.96,us,us7000pymq,2025-07-24T21:30:14.040Z,"12 km E of Puerto Wilches, Colombia",earthquake,5.85,7.176,0.027,415.0,reviewed,us,us
2025-05-09T15:48:30.564Z,10.6179,-62.4411,99.591,4.1,mb,23.0,137.0,1.691,1.11,us,us7000q142,2025-07-24T21:30:18.040Z,"16 km WNW of Güiria, Venezuela",earthquake,10.22,9.846,0.233,5.0,reviewed,us,us
2025-05-07T14:41:17.392Z,6.9246,-73.0749,152.487,4.0,mb,37.0,160.0,2.409,0.71,us,us7000q0uw,2025-07-24T21:30:18.040Z,"7 km SSW of Piedecuesta, Colombia",earthquake,9.66,7.378,0.1,27.0,reviewed,us,us
2025-04-30T00:39:50.233Z,11.3736,-62.2766,148.12,4.5,mb,62.0,54.0,0.97,0.76,us,us7000pw07,2025-07-12T16:30:39.040Z,"88 km N of Güiria, Venezuela",earthquake,7.24,5.682,0.051,115.0,reviewed,us,us
2025-04-27T23:33:05.243Z,13.2921,-60.3477,42.752,4.3,mwr,62.0,50.0,0.782,0.61,us,us7000pvgz,2025-07-11T15:46:22.040Z,"76 km W of Speightstown, Barbados",earthquake,3.52,6.509,0.083,14.0,reviewed,us,us
2025-04-18T10:31:44.505Z,6.7231,-73.1046,171.903,4.8,mww,178.0,46.0,2.224,0.6,us,us6000q6zz,2025-06-27T00:34:24.040Z,"1 km SW of Jordán, Colombia",earthquake,8.26,5.434,0.078,16.0,reviewed,us,us
2025-04-18T08:48:41.271Z,6.8098,-73.0927,157.841,4.7,mww,80.0,82.0,2.303,0.9,us,us6000q6zq,2025-06-27T00:34:23.040Z,"8 km N of Jordán, Colombia",earthquake,7.56,6.797,0.093,11.0,reviewed,us,us
2025-04-15T00:45:42.748Z,11.2922,-62.1521,135.772,4.5,mb,21.0,68.0,0.967,0.54,us,us7000pw47,2025-06-14T18:26:47.040Z,"80 km NNE of Güiria, Venezuela",earthquake,4.88,8.294,0.145,14.0,reviewed,us,us
2025-04-06T06:38:10.371Z,7.1159,-73.0956,154.712,4.2,mb,33.0,233.0,3.005,0.85,us,us6000q6rh,2025-06-09T13:38:48.040Z,"2 km ESE of Bucaramanga, Colombia",earthquake,11.5,10.894,0.083,40.0,reviewed,us,us
2025-03-26T17:15:21.119Z,6.6999,-72.9498,167.0,4.3,mb,74.0,39.0,0.813,0.75,us,us7000pmup,2025-06-06T21:12:24.040Z,"6 km SSE of Cepitá, Colombia",earthquake,8.2,4.774,0.052,107.0,reviewed,us,us
2025-03-26T02:12:11.112Z,10.8152,-62.0827,10.0,4.2,mb,21.0,107.0,3.999,1.24,us,us6000q3yl,2025-06-06T21:12:21.040Z,"35 km NE of Güiria, Venezuela",earthquake,9.36,1.998,0.372,2.0,reviewed,us,us
2025-03-24T21:43:45.839Z,6.7029,-73.0438,163.334,4.4,mb,42.0,39.0,0.806,0.73,us,us6000q3pn,2025-05-29T17:36:25.040Z,"2 km WNW of Aratoca, Colombia",earthquake,8.21,7.278,0.1,29.0,reviewed,us,us
2025-03-15T09:19:12.076Z,6.6997,-73.1497,160.676,4.5,mb,57.0,113.0,0.805,0.87,us,us6000pz0i,2025-05-17T19:19:58.040Z,"4 km NE of Villanueva, Colombia",earthquake,10.83,7.185,0.034,253.0,reviewed,us,us
2025-03-06T00:31:49.019Z,6.8782,-73.1015,151.019,4.2,mb,11.0,96.0,0.979,0.81,us,us6000px4q,2025-05-16T17:30:01.040Z,"13 km SSW of Piedecuesta, Colombia",earthquake,5.01,5.771,0.305,3.0,reviewed,us,us
2025-03-05T11:29:00.613Z,10.8002,-62.7577,10.0,4.5,mb,36.0,79.0,1.71,0.59,us,us6000pymk,2025-05-16T17:30:05.040Z,"26 km NNE of Yaguaraparo, Venezuela",earthquake,7.86,1.953,0.124,19.0,reviewed,us,us
2025-02-18T00:42:35.868Z,10.8953,-62.2186,99.506,4.3,mb,34.0,92.0,1.348,0.86,us,us6000pvmn,2025-05-02T16:26:14.040Z,"36 km NNE of Güiria, Venezuela",earthquake,9.3,5.237,0.126,18.0,reviewed,us,us
2025-02-17T15:48:20.623Z,6.7251,-73.1606,161.194,4.6,mb,79.0,82.0,0.831,0.66,us,us7000pe90,2025-05-02T16:26:20.040Z,"6 km NNE of Villanueva, Colombia",earthquake,12.71,9.985,0.038,206.0,reviewed,us,us
2025-02-17T05:27:49.768Z,10.8942,-62.2283,105.2,4.4,mb,49.0,93.0,1.353,0.67,us,us7000pe71,2025-05-02T16:26:20.040Z,"35 km NNE of Güiria, Venezuela",earthquake,9.85,8.032,0.09,36.0,reviewed,us,us
2025-02-06T21:03:22.973Z,6.7282,-73.0557,156.313,4.5,mb,43.0,61.0,0.831,0.51,us,us7000pbxz,2025-04-26T14:47:03.040Z,"4 km E of Jordán, Colombia",earthquake,7.74,7.553,0.077,51.0,reviewed,us,us
2025-01-30T05:03:43.838Z,6.6984,-73.0999,160.532,4.6,mb,150.0,45.0,0.801,0.68,us,us7000p9zc,2025-04-15T20:55:24.040Z,"3 km S of Jordán, Colombia",earthquake,8.05,5.049,0.038,210.0,reviewed,us,us
2025-01-26T15:32:30.833Z,6.6868,-73.1248,162.148,4.5,mb,43.0,81.0,0.79,0.45,us,us6000pmg0,2025-04-08T22:01:00.040Z,"5 km ENE of Villanueva, Colombia",earthquake,8.34,7.348,0.046,136.0,reviewed,us,us
2025-01-09T03:33:41.557Z,7.1274,-72.8631,176.94,4.3,mb,64.0,35.0,1.246,0.76,us,us6000pisv,2025-03-20T20:54:52.040Z,"13 km SE of Tona, Colombia",earthquake,7.87,8.651,0.08,45.0,reviewed,us,us
2025-01-03T04:34:29.300Z,10.6116,-62.6149,90.04,4.5,mb,44.0,115.0,1.781,0.74,us,us6000phde,2025-03-17T21:34:23.040Z,"23 km ENE of Yaguaraparo, Venezuela",earthquake,8.19,5.613,0.096,32.0,reviewed,us,us
2025-01-02T15:46:30.445Z,6.7993,-73.0647,155.659,4.2,mb,13.0,97.0,0.901,0.59,us,us6000pjzy,2025-03-17T21:34:17.040Z,"8 km NNE of Jordán, Colombia",earthquake,5.3,9.552,0.236,8.0,reviewed,us,us
2024-12-31T08:59:21.553Z,11.5228,-73.3585,10.0,4.5,mb,47.0,37.0,0.921,1.28,us,us6000pgmd,2025-03-08T22:39:14.040Z,"28 km N of Dibulla, Colombia",earthquake,5.67,1.896,0.121,21.0,reviewed,us,us
2024-12-24T09:11:50.544Z,10.7353,-68.7586,10.0,4.6,mb,153.0,25.0,2.139,0.42,us,us6000pff9,2025-03-08T22:39:09.040Z,"17 km NNW of Yumare, Venezuela",earthquake,6.82,1.869,0.042,171.0,reviewed,us,us
2024-12-12T18:11:46.878Z,6.3981,-73.0625,189.047,4.4,mb,35.0,82.0,0.503,0.84,us,us7000ny84,2025-02-18T20:02:56.040Z,"9 km NE of Ocamonte, Colombia",earthquake,7.8,5.408,0.095,32.0,reviewed,us,us
2024-12-11T18:26:12.710Z,10.7928,-62.351,74.824,4.6,mb,81.0,92.0,1.496,0.92,us,us7000nxxb,2025-02-18T20:02:55.040Z,"24 km NNW of Güiria, Venezuela",earthquake,8.1,5.989,0.078,50.0,reviewed,us,us
2024-12-11T06:43:03.144Z,6.7518,-73.1458,157.623,4.2,mb,26.0,40.0,0.856,0.8,us,us6000ph1t,2025-02-18T20:02:54.040Z,"5 km WNW of Jordán, Colombia",earthquake,7.42,7.087,0.176,10.0,reviewed,us,us
2024-12-06T03:30:24.771Z,10.9815,-62.4128,109.362,4.6,mb,94.0,84.0,2.289,0.64,us,us7000nwfw,2025-02-15T18:30:13.040Z,"46 km NNW of Güiria, Venezuela",earthquake,6.73,7.702,0.066,69.0,reviewed,us,us
2024-12-04T18:02:38.894Z,5.2739,-73.6689,158.03,4.2,mb,50.0,122.0,0.847,0.66,us,us7000nvyp,2025-02-15T18:29:31.040Z,"5 km SE of Lenguazaque, Colombia",earthquake,8.01,5.715,0.094,32.0,reviewed,us,us
2024-12-04T06:34:19.360Z,6.7566,-73.0416,157.068,4.1,mb,32.0,38.0,0.859,0.96,us,us7000nvtk,2025-02-15T18:29:24.040Z,"6 km ENE of Jordán, Colombia",earthquake,6.96,6.695,0.135,15.0,reviewed,us,us
2024-11-30T04:22:28.332Z,6.6663,-73.0851,162.202,4.4,mb,51.0,59.0,0.769,0.72,us,us7000nv23,2025-02-02T00:53:54.040Z,"7 km NNW of Curití, Colombia",earthquake,9.04,7.38,0.079,46.0,reviewed,us,us
2024-11-25T04:51:31.827Z,6.7154,-73.0998,160.779,4.6,mb,73.0,38.0,0.818,0.61,us,us6000p7iv,2025-02-02T00:50:26.040Z,"1 km SSW of Jordán, Colombia",earthquake,7.58,7.482,0.034,257.0,reviewed,us,us
2024-11-22T00:03:15.283Z,7.1019,-72.9334,183.216,4.3,mb,40.0,46.0,1.211,0.75,us,us6000p6wi,2025-01-30T17:00:32.040Z,"11 km SSE of Tona, Colombia",earthquake,7.72,8.504,0.09,35.0,reviewed,us,us
2024-11-16T18:25:27.585Z,6.8484,-73.1054,147.606,4.3,mb,69.0,68.0,0.95,0.84,us,us7000ns6u,2025-01-26T16:30:28.040Z,"12 km N of Jordán, Colombia",earthquake,6.8,8.508,0.07,59.0,reviewed,us,us
2024-11-13T01:42:58.771Z,11.035,-72.3377,10.0,4.1,mwr,15.0,82.0,0.744,0.91,us,us7000nrgp,2025-01-26T16:29:29.040Z,"31 km ESE of Albania, Colombia",earthquake,5.46,1.985,0.086,13.0,reviewed,us,us
2024-11-11T00:39:55.094Z,6.851,-73.1198,151.447,4.2,mb,16.0,63.0,0.953,0.42,us,us7000nr2x,2025-01-26T16:29:09.040Z,"13 km NNW of Jordán, Colombia",earthquake,4.82,9.472,0.216,6.0,reviewed,us,us
2024-10-31T23:39:21.246Z,12.3764,-68.991,10.0,4.4,mb,28.0,88.0,0.995,1.02,us,us7000nsn0,2025-01-16T18:48:56.040Z,"73 km WNW of Dorp Rincon, Bonaire, Saint Eustatius and Saba ",earthquake,4.48,1.934,0.18,9.0,reviewed,us,us
2024-10-29T21:49:16.678Z,7.3271,-71.8678,10.0,4.7,mb,38.0,78.0,1.868,0.77,us,us7000nnx8,2025-01-16T18:45:07.040Z,"44 km NE of Cubará, Colombia",earthquake,5.79,1.896,0.063,77.0,reviewed,us,us
2024-10-28T04:03:01.124Z,6.7988,-72.9723,153.555,4.3,mb,40.0,41.0,0.907,0.75,us,us7000nnkf,2025-01-16T18:44:07.040Z,"4 km N of Cepitá, Colombia",earthquake,7.99,7.129,0.067,64.0,reviewed,us,us
2024-10-09T16:14:39.718Z,10.6304,-62.4886,110.916,4.4,mb,18.0,143.0,1.702,0.59,us,us7000nnuu,2024-12-23T15:47:48.040Z,"21 km WNW of Güiria, Venezuela",earthquake,8.89,10.258,0.161,11.0,reviewed,us,us
2024-10-08T18:42:13.867Z,6.7111,-73.0424,153.622,4.3,mb,31.0,74.0,0.814,0.65,us,us7000nnts,2024-12-23T15:47:44.040Z,"3 km NW of Aratoca, Colombia",earthquake,8.5,6.827,0.142,14.0,reviewed,us,us
2024-10-07T12:21:30.010Z,10.7792,-62.8681,106.08,4.7,mww,69.0,52.0,1.796,0.97,us,us6000nx1y,2024-12-23T15:45:50.040Z,"23 km N of Yaguaraparo, Venezuela",earthquake,9.54,6.706,0.103,9.0,reviewed,us,us
2024-10-06T08:07:10.298Z,6.7626,-73.075,154.22,4.2,mb,41.0,76.0,0.865,0.67,us,us6000nwur,2024-12-14T14:50:40.040Z,"4 km NE of Jordán, Colombia",earthquake,9.15,6.578,0.075,49.0,reviewed,us,us
2024-10-04T19:36:25.084Z,6.8784,-73.1242,147.571,4.2,mb,95.0,126.0,0.98,0.76,us,us6000nwlu,2024-12-14T14:50:33.040Z,"14 km SW of Piedecuesta, Colombia",earthquake,8.76,9.899,0.06,79.0,reviewed,us,us
2024-10-01T03:44:09.323Z,8.7389,-72.8792,10.0,4.4,mb,15.0,63.0,2.224,0.84,us,us7000nmfd,2024-12-14T14:51:07.040Z,"19 km NW of Tibú, Colombia",earthquake,6.1,1.964,0.267,4.0,reviewed,us,us
2024-09-29T07:05:47.358Z,6.7214,-73.1171,157.274,4.7,mb,49.0,40.0,0.824,0.72,us,us7000nh2v,2024-12-06T19:30:18.040Z,"2 km WSW of Jordán, Colombia",earthquake,8.81,6.182,0.027,405.0,reviewed,us,us
2024-09-28T19:13:34.230Z,11.7919,-73.4917,10.0,4.6,mb,39.0,106.0,1.47,0.78,us,us6000p020,2024-12-06T19:30:14.040Z,"60 km NNW of Dibulla, Colombia",earthquake,8.73,1.896,0.096,32.0,reviewed,us,us
2024-09-28T19:12:09.322Z,11.8435,-73.4642,10.0,4.5,mb,55.0,47.0,1.448,0.83,us,us7000nh0q,2024-12-06T19:30:18.040Z,"65 km NNW of Dibulla, Colombia",earthquake,5.62,1.88,0.058,88.0,reviewed,us,us
2024-09-28T11:17:56.021Z,10.9288,-62.4931,127.229,4.2,mb,33.0,158.0,1.451,0.74,us,us6000p01j,2024-12-06T19:30:14.040Z,"44 km NNW of Güiria, Venezuela",earthquake,11.72,8.801,0.084,40.0,reviewed,us,us
2024-09-27T23:39:25.862Z,11.0456,-62.6093,118.671,4.8,mb,114.0,52.0,1.429,0.52,us,us7000ngx7,2024-12-06T19:30:17.040Z,"57 km NNE of Yaguaraparo, Venezuela",earthquake,7.46,2.721,0.053,109.0,reviewed,us,us
2024-09-22T07:21:35.387Z,6.7026,-73.1251,159.092,4.3,mb,40.0,98.0,0.806,0.64,us,us6000ntmm,2024-11-23T23:26:45.040Z,"4 km SW of Jordán, Colombia",earthquake,8.79,6.58,0.09,36.0,reviewed,us,us
2024-09-22T00:58:34.333Z,5.3148,-73.6778,163.486,4.3,mb,38.0,104.0,0.824,0.97,us,us7000ngk9,2024-11-23T23:27:41.040Z,"3 km ENE of Lenguazaque, Colombia",earthquake,8.84,7.216,0.116,21.0,reviewed,us,us
2024-09-21T21:31:52.345Z,6.7061,-73.0217,157.575,4.7,mb,57.0,136.0,0.811,0.53,us,us7000ng6u,2024-11-23T23:27:35.040Z,"1 km NNW of Aratoca, Colombia",earthquake,12.12,10.112,0.083,44.0,reviewed,us,us
2024-09-20T03:22:06.345Z,6.7359,-73.0129,161.791,4.1,mb,51.0,129.0,0.841,1.01,us,us6000nu30,2024-11-23T23:27:00.040Z,"4 km N of Aratoca, Colombia",earthquake,9.82,7.336,0.083,40.0,reviewed,us,us
2024-09-12T00:17:02.145Z,6.6603,-73.007,165.506,4.2,mb,14.0,86.0,0.767,0.28,us,us6000nymq,2024-11-21T22:58:53.040Z,"3 km SSE of Aratoca, Colombia",earthquake,10.47,7.356,0.199,7.0,reviewed,us,us
2024-09-07T19:06:03.363Z,11.0931,-61.5627,10.0,4.0,mb,17.0,100.0,1.037,0.47,us,us6000nqc3,2024-11-15T16:20:04.040Z,"43 km N of Petit Valley, Trinidad and Tobago",earthquake,6.58,1.993,0.367,2.0,reviewed,us,us
2024-09-01T07:47:45.808Z,9.9218,-70.5465,10.616,4.4,mb,29.0,143.0,1.035,1.25,us,us7000ngex,2024-11-09T21:19:31.040Z,"42 km ENE of Mene Grande, Venezuela",earthquake,6.71,4.249,0.107,25.0,reviewed,us,us
2024-08-31T03:10:05.578Z,6.6974,-73.0714,160.692,4.4,mb,72.0,59.0,0.8,0.79,us,us6000nnti,2024-11-09T21:18:52.040Z,"4 km SE of Jordán, Colombia",earthquake,9.04,7.165,0.035,229.0,reviewed,us,us
2024-08-29T14:19:02.277Z,9.8803,-70.8093,17.254,4.5,mb,29.0,96.0,1.005,0.94,us,us6000nni0,2024-11-09T21:18:41.040Z,"13 km ENE of Mene Grande, Venezuela",earthquake,6.53,4.416,0.108,25.0,reviewed,us,us
2024-08-28T03:03:59.692Z,6.6946,-73.0791,164.104,4.5,mb,75.0,38.0,0.797,0.63,us,us6000nn5s,2024-11-09T21:18:32.040Z,"4 km SSE of Jordán, Colombia",earthquake,7.92,5.848,0.03,325.0,reviewed,us,us
2024-08-20T06:52:35.662Z,4.8749,-72.6496,10.0,4.5,mb,39.0,77.0,1.099,1.21,us,us7000nday,2024-11-02T21:29:15.040Z,"18 km NW of Ubalá, Colombia",earthquake,7.45,1.93,0.104,27.0,reviewed,us,us
2024-08-14T04:14:47.736Z,6.7459,-73.0255,162.088,4.3,mb,43.0,69.0,0.85,0.74,us,us6000njzx,2024-10-26T15:47:46.040Z,"5 km W of Cepitá, Colombia",earthquake,6.82,6.065,0.062,74.0,reviewed,us,us
2024-08-13T05:55:50.337Z,13.4669,-60.8992,133.542,4.1,mb,31.0,106.0,1.286,0.92,us,us6000npvk,2024-10-26T15:48:06.040Z,"28 km S of Vieux Fort, Saint Lucia",earthquake,7.06,8.187,0.145,13.0,reviewed,us,us
2024-08-09T11:22:19.099Z,10.7573,-69.1997,10.0,4.6,mb,70.0,46.0,1.907,1.03,us,us6000nj29,2024-10-24T17:57:45.040Z,"48 km NW of Aroa, Venezuela",earthquake,4.43,1.772,0.08,46.0,reviewed,us,us
2024-08-03T10:31:47.425Z,6.8,-73.1113,150.293,4.1,mb,33.0,118.0,0.902,0.45,us,us6000nhvf,2024-10-11T19:39:09.040Z,"7 km NNW of Jordán, Colombia",earthquake,10.55,8.924,0.099,28.0,reviewed,us,us
2024-07-26T18:54:53.752Z,6.7791,-73.0808,162.67,4.3,mb,59.0,55.0,0.881,0.69,us,us6000ng7y,2024-10-08T21:49:12.005Z,"5 km NNE of Jordán, Colombia",earthquake,7.24,4.942,0.087,40.0,reviewed,us,us
2024-07-25T14:11:06.526Z,9.897,-70.7223,18.897,4.7,mwr,70.0,41.0,1.01,0.89,us,us6000nfng,2024-10-08T21:49:12.005Z,"23 km ENE of Mene Grande, Venezuela",earthquake,6.27,1.302,0.093,11.0,reviewed,us,us
2024-07-25T03:09:54.655Z,10.6476,-64.5527,10.0,4.4,mb,29.0,75.0,3.202,0.67,us,us6000nivv,2024-10-08T21:49:14.005Z,"33 km WNW of Araya, Venezuela",earthquake,7.44,1.933,0.189,8.0,reviewed,us,us
2024-07-18T01:09:17.169Z,6.6727,-72.9858,160.309,4.5,mb,51.0,93.0,0.781,0.61,us,us7000mzxt,2024-09-28T22:42:14.040Z,"4 km ESE of Aratoca, Colombia",earthquake,11.74,10.112,0.084,41.0,reviewed,us,us
2024-07-17T05:35:17.058Z,6.7526,-73.012,154.52,4.0,mb,34.0,60.0,0.857,0.78,us,us6000ngp7,2024-09-28T22:41:06.040Z,"4 km W of Cepitá, Colombia",earthquake,7.51,7.36,0.122,18.0,reviewed,us,us
2024-07-08T08:36:25.807Z,6.8439,-73.0492,151.923,4.1,mb,21.0,97.0,0.946,0.95,us,us7000mzkf,2024-09-20T16:00:56.040Z,"12 km NW of Cepitá, Colombia",earthquake,5.16,5.759,0.175,9.0,reviewed,us,us
2024-07-07T07:07:53.760Z,10.801,-62.499,109.084,4.5,mb,55.0,91.0,1.561,1.04,us,us7000mxju,2024-09-12T21:52:30.040Z,"33 km NW of Güiria, Venezuela",earthquake,8.78,5.03,0.06,83.0,reviewed,us,us
2024-06-30T03:46:55.021Z,6.6903,-73.0526,160.601,4.8,mb,84.0,31.0,0.793,0.55,us,us6000n9a9,2024-09-04T21:57:44.040Z,"3 km W of Aratoca, Colombia",earthquake,4.14,5.638,0.023,607.0,reviewed,us,us
2024-06-29T09:16:47.923Z,6.7902,-73.0799,151.808,4.3,mb,41.0,97.0,0.892,0.93,us,us6000n957,2024-09-04T21:57:44.040Z,"6 km NNE of Jordán, Colombia",earthquake,9.38,9.365,0.052,105.0,reviewed,us,us
2024-06-26T23:41:18.165Z,4.6492,-72.7316,9.723,4.4,mb,38.0,77.0,1.284,0.66,us,us6000na3m,2024-09-04T21:57:42.040Z,"24 km WSW of Ubalá, Colombia",earthquake,7.28,4.736,0.108,25.0,reviewed,us,us
2024-06-23T03:57:58.918Z,10.6921,-62.6868,77.0,6.0,mww,124.0,36.0,1.753,1.09,us,us7000mu1p,2026-06-25T14:35:53.926Z,"20 km NE of Yaguaraparo, Venezuela",earthquake,8.23,1.891,0.035,78.0,reviewed,us,us
2024-06-05T03:31:25.902Z,8.8767,-71.219,17.142,4.6,mb,58.0,62.0,0.578,0.74,us,us7000mqep,2024-08-16T21:59:21.040Z,"11 km SSE of Tucaní, Venezuela",earthquake,4.98,3.803,0.043,162.0,reviewed,us,us
2024-06-03T22:48:15.286Z,6.8081,-73.1092,159.344,4.2,mb,22.0,128.0,0.91,0.77,us,us7000mrix,2024-08-16T21:59:23.040Z,"8 km N of Jordán, Colombia",earthquake,7.76,8.506,0.158,11.0,reviewed,us,us
2024-06-03T11:52:40.059Z,4.2454,-73.5039,9.966,4.4,mb,19.0,127.0,1.689,1.17,us,us7000mrik,2024-08-16T21:59:21.040Z,"3 km SW of Cumaral, Colombia",earthquake,9.72,6.151,0.24,5.0,reviewed,us,us
2024-05-30T14:37:43.435Z,6.8079,-72.9871,155.391,4.4,mb,20.0,137.0,0.914,0.56,us,us7000mqnd,2024-08-06T20:32:51.040Z,"6 km NNW of Cepitá, Colombia",earthquake,10.29,8.545,0.19,8.0,reviewed,us,us
2024-05-27T05:12:32.717Z,6.6912,-73.0834,159.324,4.6,mb,133.0,78.0,0.793,0.59,us,us6000n17w,2024-08-06T20:32:45.040Z,"4 km SSE of Jordán, Colombia",earthquake,7.84,6.653,0.027,421.0,reviewed,us,us
2024-05-25T18:01:41.794Z,11.8202,-69.0665,10.0,4.4,mb,44.0,97.0,1.14,0.64,us,us6000n0z8,2024-08-06T02:10:15.040Z,"48 km NE of Puerto Cumarebo, Venezuela",earthquake,5.72,1.9,0.219,7.0,reviewed,us,us
2024-05-21T02:15:06.660Z,11.4646,-59.7006,36.769,4.3,mb,21.0,250.0,1.674,0.46,us,us7000mnif,2024-08-06T02:09:54.040Z,"117 km ENE of Scarborough, Trinidad and Tobago",earthquake,2.67,12.629,0.306,3.0,reviewed,us,us
2024-05-19T18:31:00.300Z,10.711,-65.6449,10.0,4.6,mww,73.0,62.0,4.16,0.74,us,us6000mzpr,2025-04-15T17:04:41.960Z,"55 km ENE of Higuerote, Venezuela",earthquake,2.39,1.887,0.08,15.0,reviewed,us,us
2024-05-18T07:42:59.295Z,6.8165,-73.0627,152.088,4.2,mb,23.0,72.0,0.918,0.54,us,us6000n0q5,2024-07-26T23:58:11.040Z,"9 km NNE of Jordán, Colombia",earthquake,5.36,10.407,0.146,13.0,reviewed,us,us
2024-05-18T01:43:12.811Z,6.7942,-73.0861,156.26,4.1,mb,31.0,40.0,0.896,0.82,us,us6000mzca,2024-07-26T23:58:11.040Z,"6 km N of Jordán, Colombia",earthquake,7.52,7.367,0.174,9.0,reviewed,us,us
2024-05-12T10:19:08.246Z,11.8345,-73.492,10.0,4.9,mb,87.0,53.0,0.98,0.7,us,us6000my1s,2024-07-20T22:20:08.040Z,"65 km NNW of Dibulla, Colombia",earthquake,4.21,1.782,0.036,246.0,reviewed,us,us
2024-05-12T01:01:01.671Z,11.8046,-73.5013,10.0,4.6,mb,47.0,57.0,0.953,0.95,us,us6000mxzf,2024-07-20T22:20:07.040Z,"62 km NNW of Dibulla, Colombia",earthquake,4.13,1.386,0.045,148.0,reviewed,us,us
2024-05-03T12:04:36.516Z,9.6863,-72.7936,12.168,4.6,mb,141.0,62.0,2.034,0.74,us,us6000mvzi,2024-07-15T03:58:12.040Z,"49 km SSW of Machiques, Venezuela",earthquake,6.96,3.756,0.047,136.0,reviewed,us,us
2024-05-02T07:34:52.820Z,11.436,-72.8008,10.0,4.4,mb,27.0,63.0,0.835,0.64,us,us6000mvna,2024-07-15T03:58:27.040Z,"16 km SE of Riohacha, Colombia",earthquake,2.88,1.878,0.117,21.0,reviewed,us,us
2024-05-01T17:33:28.703Z,10.5944,-62.7013,103.664,4.2,mb,54.0,84.0,1.841,0.62,us,us6000mx9m,2024-07-15T03:58:35.040Z,"13 km ENE of Yaguaraparo, Venezuela",earthquake,7.76,8.311,0.093,32.0,reviewed,us,us
2024-04-17T20:50:01.215Z,6.6333,-73.0152,161.851,4.4,mb,106.0,99.0,0.739,0.75,us,us7000mcrm,2024-06-25T21:02:56.040Z,"6 km ENE of Curití, Colombia",earthquake,5.57,5.759,0.06,81.0,reviewed,us,us
2024-04-07T12:28:49.237Z,6.8911,-73.0577,150.844,4.0,mb,22.0,73.0,0.992,0.97,us,us7000mcg1,2024-06-12T21:52:00.040Z,"10 km S of Piedecuesta, Colombia",earthquake,8.48,7.735,0.15,12.0,reviewed,us,us
2024-04-07T08:03:44.436Z,10.47,-65.0787,10.0,4.5,mb,49.0,67.0,0.57,0.52,us,us7000makp,2024-06-12T21:51:56.040Z,"45 km N of Puerto Píritu, Venezuela",earthquake,4.55,1.89,0.1,29.0,reviewed,us,us
2024-04-05T12:07:46.145Z,6.6676,-72.9997,166.421,4.5,mb,44.0,66.0,0.774,0.68,us,us7000ma4w,2024-06-12T21:51:54.040Z,"3 km SE of Aratoca, Colombia",earthquake,8.96,5.882,0.048,127.0,reviewed,us,us
2024-04-03T02:32:33.405Z,6.8504,-73.1701,157.268,4.5,mb,20.0,72.0,0.955,0.41,us,us7000mbfp,2024-06-12T21:51:58.040Z,"11 km ENE of Zapatoca, Colombia",earthquake,6.75,8.55,0.204,7.0,reviewed,us,us
2024-04-02T23:16:51.102Z,5.4555,-72.3758,10.0,4.9,mb,183.0,54.0,0.827,0.69,us,us7000m9g0,2024-06-12T21:51:51.040Z,"13 km N of Yopal, Colombia",earthquake,5.59,1.857,0.043,166.0,reviewed,us,us
2024-04-01T01:09:22.722Z,6.0205,-71.9313,10.0,4.3,mb,16.0,127.0,1.153,0.81,us,us7000masg,2024-06-12T21:51:56.040Z,"23 km SW of Municipio Hato Corozal, Colombia",earthquake,9.52,1.962,0.154,12.0,reviewed,us,us
2024-03-29T13:58:15.567Z,6.8548,-73.061,151.045,4.0,mb,52.0,113.0,0.956,1.07,us,us7000m9ww,2024-06-01T21:55:51.040Z,"14 km NNE of Jordán, Colombia",earthquake,8.03,7.568,0.1,27.0,reviewed,us,us
2024-03-29T03:02:29.967Z,9.5397,-69.904,13.324,4.3,mb,42.0,93.0,0.964,0.94,us,us7000m8pf,2024-06-01T21:55:48.040Z,"29 km SSW of El Tocuyo, Venezuela",earthquake,6.71,2.95,0.138,16.0,reviewed,us,us
2024-03-28T23:23:45.752Z,9.6383,-69.977,10.208,4.9,mb,91.0,36.0,0.984,0.64,us,us7000m8nn,2024-06-01T21:55:48.040Z,"26 km SW of El Tocuyo, Venezuela",earthquake,5.59,4.154,0.046,147.0,reviewed,us,us
2024-03-28T21:36:07.005Z,6.8313,-73.0523,156.698,4.3,mb,34.0,74.0,0.933,0.75,us,us7000m9p7,2024-06-01T21:55:51.040Z,"11 km NNE of Jordán, Colombia",earthquake,8.88,10.1,0.119,20.0,reviewed,us,us
2024-03-19T17:52:24.875Z,11.9564,-62.0271,141.697,4.5,mb,116.0,36.0,0.405,0.74,us,us6000mjtq,2024-05-27T14:19:19.040Z,"31 km WSW of Saint George's, Grenada",earthquake,6.57,3.979,0.052,107.0,reviewed,us,us
2024-03-16T18:58:09.414Z,6.7884,-73.0908,159.68,4.3,mb,28.0,130.0,0.89,0.99,us,us6000mk83,2024-05-18T21:24:17.040Z,"6 km N of Jordán, Colombia",earthquake,7.36,7.668,0.137,15.0,reviewed,us,us
2024-03-15T06:19:02.541Z,6.829,-73.0474,152.662,4.0,mb,22.0,74.0,0.931,1.1,us,us6000mk1f,2024-05-18T21:24:08.040Z,"11 km NW of Cepitá, Colombia",earthquake,8.96,8.764,0.149,12.0,reviewed,us,us
2024-03-06T21:12:44.200Z,6.8523,-73.1205,146.029,4.4,mb,44.0,127.0,0.954,0.74,us,us7000m3sa,2024-05-15T17:35:04.040Z,"13 km NNW of Jordán, Colombia",earthquake,7.18,7.577,0.112,23.0,reviewed,us,us
2024-02-24T23:49:53.421Z,6.7838,-73.0243,157.159,4.4,mb,31.0,57.0,0.887,0.95,us,us6000mfut,2024-05-02T15:50:11.040Z,"6 km WNW of Cepitá, Colombia",earthquake,7.47,5.301,0.143,14.0,reviewed,us,us
2024-02-23T14:45:22.097Z,6.7778,-73.0481,156.009,4.5,mb,27.0,104.0,0.88,0.7,us,us6000mfn5,2024-05-02T15:50:11.040Z,"7 km NE of Jordán, Colombia",earthquake,7.15,6.455,0.171,10.0,reviewed,us,us
2024-02-23T12:44:03.056Z,12.2395,-73.4052,10.0,4.4,mb,20.0,75.0,1.337,1.11,us,us6000mfn8,2024-05-02T15:50:11.040Z,"94 km NW of Riohacha, Colombia",earthquake,3.55,1.908,0.24,5.0,reviewed,us,us
2024-02-22T04:05:32.387Z,6.6747,-73.0893,162.0,4.6,mb,136.0,79.0,0.777,0.77,us,us7000m0pr,2024-05-27T05:19:35.291Z,"6 km S of Jordán, Colombia",earthquake,8.48,6.971,0.037,222.0,reviewed,us,us
2024-02-21T03:40:15.949Z,9.3413,-70.0616,10.0,4.1,mb,13.0,155.0,0.725,0.4,us,us7000m1nl,2024-05-02T15:50:14.040Z,"22 km ENE of Boconó, Venezuela",earthquake,6.01,1.949,0.368,2.0,reviewed,us,us
2024-02-20T23:23:46.651Z,6.7875,-73.0181,156.388,4.6,mb,87.0,38.0,0.892,0.58,us,us7000m0g8,2024-05-02T15:50:12.040Z,"6 km NW of Cepitá, Colombia",earthquake,7.73,6.267,0.066,69.0,reviewed,us,us
2024-02-20T01:38:03.569Z,6.6953,-73.0637,165.776,4.6,mb,80.0,27.0,0.798,0.65,us,us7000m0a2,2024-05-02T15:50:11.040Z,"4 km W of Aratoca, Colombia",earthquake,8.05,5.462,0.031,302.0,reviewed,us,us
2024-02-06T02:18:02.457Z,10.9578,-62.3946,88.77,4.9,mb,72.0,34.0,2.298,0.63,us,us7000lx8h,2024-04-20T19:33:16.040Z,"43 km NNW of Güiria, Venezuela",earthquake,7.27,5.114,0.037,235.0,reviewed,us,us
2024-02-04T13:04:08.095Z,6.877,-73.0575,151.984,4.1,mb,27.0,95.0,0.978,0.69,us,us7000lwxf,2024-04-13T19:37:36.040Z,"12 km S of Piedecuesta, Colombia",earthquake,5.81,4.934,0.165,10.0,reviewed,us,us
2024-02-03T18:33:36.512Z,10.9762,-62.449,96.339,4.9,mww,166.0,22.0,2.254,0.85,us,us7000lwsj,2024-04-13T19:36:50.040Z,"47 km NNW of Güiria, Venezuela",earthquake,7.56,4.934,0.078,16.0,reviewed,us,us
2024-01-25T09:41:10.327Z,9.3386,-70.3853,10.0,4.4,mb,43.0,77.0,0.508,1.09,us,us7000ltnw,2024-03-30T22:33:29.040Z,"6 km ESE of Trujillo, Venezuela",earthquake,5.45,1.848,0.162,11.0,reviewed,us,us
2024-01-22T19:05:50.061Z,6.8566,-73.0861,152.431,4.7,mb,57.0,82.0,0.958,0.59,us,us7000lt0d,2024-03-30T22:32:27.040Z,"13 km N of Jordán, Colombia",earthquake,7.1,4.035,0.089,39.0,reviewed,us,us
2024-01-21T17:19:48.289Z,6.7852,-73.0286,154.112,5.0,mww,95.0,29.0,0.889,0.8,us,us6000m59q,2024-12-01T19:39:49.237Z,"6 km WNW of Cepitá, Colombia",earthquake,7.3,5.527,0.083,14.0,reviewed,us,us
2024-01-15T11:23:19.711Z,6.8935,-73.1499,151.315,4.3,mb,24.0,124.0,0.997,0.82,us,us6000m3qt,2024-03-29T17:37:51.040Z,"14 km E of Betulia, Colombia",earthquake,4.04,6.697,0.218,6.0,reviewed,us,us
2024-01-07T00:45:11.857Z,4.4022,-61.2719,11.127,4.5,mb,40.0,70.0,8.626,0.49,us,us6000m414,2024-03-09T21:40:51.040Z,"28 km SW of Santa Elena de Uairén, Venezuela",earthquake,10.22,4.264,0.099,30.0,reviewed,us,us
2023-12-28T06:51:58.594Z,10.9242,-70.49,17.868,4.4,mb,39.0,93.0,1.665,0.68,us,us6000m04v,2024-03-02T21:39:32.040Z,"23 km ESE of Dabajuro, Venezuela",earthquake,6.56,5.65,0.103,27.0,reviewed,us,us
2023-12-26T16:11:31.567Z,10.915,-70.5127,25.954,4.5,mb,64.0,43.0,1.649,0.94,us,us7000llij,2024-03-02T21:39:40.040Z,"21 km ESE of Dabajuro, Venezuela",earthquake,5.9,2.91,0.092,35.0,reviewed,us,us
2023-12-17T03:16:46.063Z,6.8023,-73.0045,154.824,4.5,mb,60.0,71.0,0.907,1.03,us,us7000ljm4,2024-02-27T22:56:59.040Z,"6 km NNW of Cepitá, Colombia",earthquake,7.66,6.809,0.041,177.0,reviewed,us,us
2023-12-07T15:23:35.807Z,10.6659,-65.0829,10.0,4.6,mb,53.0,65.0,5.581,0.86,us,us7000lgxw,2024-02-10T23:47:41.040Z,"67 km N of Puerto Píritu, Venezuela",earthquake,7.8,1.877,0.095,37.0,reviewed,us,us
2023-12-06T11:18:20.931Z,13.0111,-59.0212,31.458,4.4,mb,31.0,274.0,0.54,0.56,us,us7000lier,2024-02-10T23:47:38.040Z,"47 km ESE of Crane, Barbados",earthquake,10.63,12.777,0.18,9.0,reviewed,us,us
2023-11-28T15:26:11.261Z,12.6842,-59.7331,31.88,5.1,mww,107.0,58.0,2.036,0.65,us,us7000lebr,2024-02-06T21:53:54.040Z,"47 km SSW of Oistins, Barbados",earthquake,9.34,4.655,0.093,11.0,reviewed,us,us
2023-11-26T00:47:46.677Z,6.8472,-73.1152,150.456,4.0,mb,26.0,127.0,0.949,1.04,us,us7000lev6,2024-02-06T21:53:55.040Z,"12 km N of Jordán, Colombia",earthquake,6.47,6.897,0.143,13.0,reviewed,us,us
2023-11-24T03:43:52.190Z,6.8801,-73.1356,148.794,4.4,mb,35.0,121.0,0.983,1.01,us,us6000lqdx,2024-02-01T15:13:43.040Z,"15 km SW of Piedecuesta, Colombia",earthquake,7.83,8.228,0.112,23.0,reviewed,us,us
2023-11-10T07:48:04.471Z,4.3431,-73.4809,10.0,4.5,mb,50.0,81.0,1.589,0.63,us,us7000la0s,2024-01-13T23:11:01.040Z,"8 km N of Cumaral, Colombia",earthquake,7.64,1.887,0.084,42.0,reviewed,us,us
2023-11-09T02:01:27.144Z,11.6278,-70.305,21.831,4.1,mb,30.0,86.0,1.655,0.73,us,us6000lncp,2024-01-13T23:09:31.040Z,"10 km WSW of Punta Cardón, Venezuela",earthquake,3.33,6.877,0.234,5.0,reviewed,us,us
2023-11-08T15:56:18.308Z,7.0146,-73.3307,129.259,4.3,mb,24.0,59.0,1.142,0.87,us,us7000lara,2024-01-13T23:11:50.040Z,"13 km NNW of Betulia, Colombia",earthquake,8.15,5.516,0.177,9.0,reviewed,us,us
2023-11-06T19:00:15.845Z,10.7528,-62.353,71.025,4.1,mb,37.0,114.0,3.622,0.62,us,us7000l97h,2024-01-18T21:16:03.304Z,"20 km NNW of G?iria, Venezuela",earthquake,11.32,7.141,0.175,9.0,reviewed,us,us
2023-11-04T11:00:36.531Z,6.7014,-73.0657,159.015,4.6,mb,100.0,38.0,0.804,0.68,us,us7000l8uy,2024-01-10T06:01:55.040Z,"4 km SE of Jordán, Colombia",earthquake,9.22,7.08,0.029,354.0,reviewed,us,us
2023-10-30T11:44:01.671Z,6.7196,-72.9917,160.352,4.4,mb,65.0,82.0,0.827,0.55,us,us7000l7iu,2024-01-18T21:10:25.633Z,"4 km NE of Aratoca, Colombia",earthquake,8.03,7.522,0.069,60.0,reviewed,us,us
2023-10-29T21:34:37.065Z,6.8086,-73.0954,156.55,4.3,mb,22.0,126.0,0.91,0.71,us,us7000l8e3,2024-01-10T06:01:12.040Z,"8 km N of Jordán, Colombia",earthquake,8.03,8.92,0.138,15.0,reviewed,us,us
2023-10-21T09:03:55.258Z,11.7971,-62.0636,128.84,4.5,mb,74.0,97.0,2.788,0.77,us,us6000lh4p,2023-12-26T21:24:52.040Z,"44 km SW of Saint George's, Grenada",earthquake,10.27,9.285,0.055,97.0,reviewed,us,us
2023-10-19T05:39:29.493Z,6.7914,-73.0949,157.651,4.2,mb,22.0,74.0,0.893,0.78,us,us7000l5zr,2023-12-26T21:24:57.040Z,"6 km N of Jordán, Colombia",earthquake,7.07,7.049,0.167,10.0,reviewed,us,us
2023-10-15T06:49:38.706Z,10.871,-62.1483,116.66,4.4,mb,86.0,125.0,3.394,0.47,us,us6000lfp6,2023-12-26T21:24:18.040Z,"36 km NNE of Güiria, Venezuela",earthquake,9.08,5.974,0.055,95.0,reviewed,us,us
2023-10-13T03:49:50.275Z,6.8699,-73.1439,143.627,4.2,mb,33.0,125.0,0.973,0.99,us,us6000lgjt,2023-12-16T22:13:10.040Z,"14 km ENE of Zapatoca, Colombia",earthquake,8.74,10.22,0.141,15.0,reviewed,us,us
2023-09-22T22:48:15.157Z,6.867,-73.0508,146.27,4.3,mb,25.0,131.0,0.969,0.46,us,us6000lb5j,2023-12-02T23:01:05.040Z,northern Colombia,earthquake,7.69,7.474,0.168,10.0,reviewed,us,us
2023-09-19T15:16:20.000Z,12.1443,-72.7293,10.0,4.1,mb,17.0,141.0,0.844,0.85,us,us7000kxf2,2023-12-02T23:01:11.040Z,near the north coast of Colombia,earthquake,4.75,1.818,0.197,7.0,reviewed,us,us
2023-09-19T06:40:32.368Z,6.8044,-72.971,154.791,4.3,mb,37.0,138.0,0.913,0.48,us,us7000kxen,2024-01-18T20:54:48.607Z,"5 km N of Cepit?, Colombia",earthquake,8.4,8.835,0.071,56.0,reviewed,us,us
2023-09-18T10:02:53.538Z,7.102,-72.1931,10.0,4.5,mb,49.0,62.0,1.492,0.71,us,us7000kwfd,2023-12-02T23:01:07.040Z,"14 km NW of Cubará, Colombia",earthquake,5.67,1.824,0.069,62.0,reviewed,us,us
2023-09-16T13:29:30.955Z,6.73,-72.9926,157.783,4.9,mb,59.0,41.0,0.837,0.87,us,us7000kw6m,2023-11-18T22:29:35.040Z,"3 km SW of Cepitá, Colombia",earthquake,10.66,6.494,0.024,527.0,reviewed,us,us
2023-09-14T07:01:04.008Z,6.7906,-73.0327,158.809,5.1,mww,163.0,30.0,0.894,0.72,us,us7000kvnq,2023-11-18T22:29:34.040Z,"7 km WNW of Cepitá, Colombia",earthquake,7.46,6.035,0.065,23.0,reviewed,us,us
2023-09-13T11:03:43.436Z,7.0591,-71.7897,10.0,4.2,mb,26.0,77.0,1.731,0.95,us,us7000kwh1,2023-11-18T22:29:35.040Z,"29 km N of Fortul, Colombia",earthquake,5.16,1.917,0.141,15.0,reviewed,us,us
2023-09-12T23:11:26.605Z,6.8017,-73.0819,153.481,4.3,mb,35.0,46.0,0.903,0.94,us,us7000kve4,2023-11-18T22:29:33.040Z,"7 km NNE of Jordán, Colombia",earthquake,7.59,6.791,0.119,20.0,reviewed,us,us
2023-09-10T11:34:32.129Z,10.7749,-62.4114,82.466,4.6,mb,85.0,72.0,3.651,0.5,us,us7000kut1,2023-11-18T22:29:32.040Z,"25 km NNW of Güiria, Venezuela",earthquake,8.59,6.074,0.034,266.0,reviewed,us,us
2023-09-07T08:53:43.296Z,6.7367,-73.0211,162.243,4.2,mb,81.0,107.0,0.841,0.72,us,us7000ktw5,2023-11-17T19:47:50.040Z,"4 km N of Aratoca, Colombia",earthquake,8.1,6.538,0.053,98.0,reviewed,us,us
2023-09-04T01:22:08.147Z,10.8399,-62.3807,92.911,4.4,mb,39.0,69.0,3.587,0.57,us,us7000kt3e,2023-11-17T19:47:49.040Z,"30 km NNW of Güiria, Venezuela",earthquake,7.06,12.872,0.179,9.0,reviewed,us,us
2023-08-28T05:12:11.574Z,6.9246,-73.1476,140.334,4.4,mb,37.0,124.0,1.027,0.69,us,us7000krf7,2023-11-04T21:35:39.040Z,"12 km WSW of Piedecuesta, Colombia",earthquake,7.15,9.871,0.105,26.0,reviewed,us,us
2023-08-18T01:15:26.559Z,4.3633,-73.485,10.0,5.0,mb,80.0,69.0,0.961,0.81,us,us7000kp5l,2023-10-27T21:39:03.040Z,"10 km N of Cumaral, Colombia",earthquake,5.32,1.826,0.034,279.0,reviewed,us,us
2023-08-17T18:16:44.890Z,6.6842,-73.032,162.835,4.4,mb,65.0,38.0,0.788,0.63,us,us7000kp30,2023-10-27T21:39:03.040Z,northern Colombia,earthquake,8.1,5.177,0.046,138.0,reviewed,us,us
2023-08-17T17:40:16.241Z,4.2285,-73.6849,10.0,4.9,mb,95.0,70.0,0.882,1.04,us,us7000kp2s,2023-10-27T21:39:03.040Z,"11 km NW of Villavicencio, Colombia",earthquake,5.82,1.804,0.068,67.0,reviewed,us,us
2023-08-17T17:17:17.698Z,4.258,-73.5289,10.0,5.6,mww,101.0,77.0,0.982,0.61,us,us7000kp2j,2023-10-27T21:39:03.040Z,"3 km E of Restrepo, Colombia",earthquake,6.61,1.776,0.089,12.0,reviewed,us,us
2023-08-17T17:04:48.770Z,4.3463,-73.6199,10.0,6.1,mww,111.0,64.0,0.857,0.87,us,us7000kp2i,2025-06-08T13:52:30.342Z,"10 km E of El Calvario, Colombia",earthquake,9.0,1.789,0.063,24.0,reviewed,us,us
2023-08-15T06:14:19.384Z,10.9212,-62.4331,104.743,4.4,mb,33.0,90.0,3.575,0.62,us,us7000kqfs,2023-10-27T21:39:05.040Z,near the coast of Venezuela,earthquake,9.77,9.103,0.075,52.0,reviewed,us,us
2023-08-11T21:45:46.439Z,10.7463,-62.3385,85.865,4.5,mb,35.0,130.0,3.616,0.49,us,us7000kp8i,2023-10-17T22:01:30.040Z,"19 km NNW of Güiria, Venezuela",earthquake,8.67,6.543,0.205,7.0,reviewed,us,us
2023-08-11T01:27:15.364Z,6.805,-73.0938,152.801,4.3,mb,49.0,107.0,0.907,0.83,us,us6000kz6d,2023-10-17T22:01:29.040Z,"7 km N of Jordán, Colombia",earthquake,8.14,6.27,0.096,32.0,reviewed,us,us
2023-08-08T20:51:01.082Z,10.3103,-62.3573,13.203,4.8,mb,95.0,53.0,3.929,0.53,us,us6000kyqu,2023-10-17T22:01:28.040Z,"30 km SSW of Güiria, Venezuela",earthquake,9.44,3.801,0.037,235.0,reviewed,us,us
2023-08-06T18:36:12.609Z,10.7782,-62.359,90.49,4.3,mb,44.0,70.0,3.61,0.85,us,us6000l03x,2023-10-17T22:01:26.040Z,"23 km NNW of Güiria, Venezuela",earthquake,9.27,9.498,0.119,20.0,reviewed,us,us
2023-08-06T11:09:28.977Z,6.8571,-72.9948,151.542,4.3,mb,54.0,112.0,0.962,0.87,us,us6000ky9h,2023-10-17T22:01:25.040Z,northern Colombia,earthquake,8.09,7.478,0.051,110.0,reviewed,us,us
2023-08-04T05:47:15.686Z,6.9172,-73.1242,144.024,4.2,mb,46.0,126.0,1.019,0.65,us,us6000kxr4,2023-10-07T21:38:57.040Z,"11 km SW of Piedecuesta, Colombia",earthquake,8.18,9.982,0.102,27.0,reviewed,us,us
2023-07-22T00:35:13.337Z,6.9171,-73.0906,150.864,4.3,mb,119.0,128.0,1.018,0.62,us,us7000khit,2023-09-28T21:34:06.040Z,"9 km SSW of Piedecuesta, Colombia",earthquake,8.4,7.884,0.054,99.0,reviewed,us,us
2023-07-12T06:22:49.141Z,6.886,-73.1223,152.324,4.3,mb,27.0,126.0,0.988,1.09,us,us7000kh1r,2023-09-16T19:16:22.040Z,"13 km SW of Piedecuesta, Colombia",earthquake,6.89,7.632,0.217,6.0,reviewed,us,us
2023-07-08T21:33:30.978Z,6.9022,-73.0887,147.942,4.2,mb,15.0,128.0,1.003,0.54,us,us7000kfrf,2023-09-09T21:55:20.040Z,"10 km SSW of Piedecuesta, Colombia",earthquake,5.15,8.861,0.264,4.0,reviewed,us,us
2023-07-07T15:54:00.268Z,11.1927,-62.008,79.681,4.9,mb,72.0,72.0,3.081,0.79,us,us6000kqs9,2024-05-30T07:44:49.484Z,"74 km NW of Petit Valley, Trinidad and Tobago",earthquake,8.79,6.154,0.04,199.0,reviewed,us,us
2023-07-01T10:59:39.481Z,6.6362,-73.4187,124.108,4.3,mb,13.0,140.0,0.811,0.57,us,us7000kem8,2023-09-08T14:18:43.040Z,"12 km ESE of El Carmen de Chucurí, Colombia",earthquake,7.01,8.448,0.188,9.0,reviewed,us,us
2023-06-30T04:23:10.650Z,12.9502,-70.6809,27.654,4.5,mb,37.0,87.0,1.784,0.72,us,us6000kp10,2023-09-08T14:18:29.040Z,"132 km NNW of Santa Cruz de los Taques, Venezuela",earthquake,6.65,7.507,0.135,16.0,reviewed,us,us
2023-06-30T01:52:28.221Z,2.9948,-73.6029,10.0,4.7,mb,51.0,61.0,1.973,0.97,us,us6000kp0m,2023-09-08T14:18:29.040Z,"21 km SE of Vistahermosa, Colombia",earthquake,7.49,1.856,0.052,115.0,reviewed,us,us
2023-06-27T10:55:56.610Z,6.7328,-73.0596,161.999,4.5,mb,107.0,53.0,0.835,0.7,us,us6000kndk,2023-09-08T14:18:23.040Z,"4 km E of Jordán, Colombia",earthquake,7.81,7.163,0.038,200.0,reviewed,us,us
2023-06-17T04:36:40.509Z,6.0341,-72.234,35.0,4.2,mb,13.0,142.0,0.856,0.86,us,us7000kakx,2023-08-21T04:19:43.040Z,"7 km SSE of Sácama, Colombia",earthquake,9.62,1.964,0.199,7.0,reviewed,us,us
2023-06-12T01:51:32.857Z,6.8568,-73.0311,151.02,3.8,mb,14.0,118.0,0.959,0.69,us,us7000k9l8,2023-08-21T04:19:25.040Z,"12 km NNW of Cepitá, Colombia",earthquake,9.61,5.301,0.293,3.0,reviewed,us,us
2023-05-28T15:45:57.185Z,6.6964,-73.0303,163.809,5.2,mww,90.0,39.0,0.8,0.7,us,us7000k4mu,2023-08-05T22:07:37.040Z,"1 km W of Aratoca, Colombia",earthquake,6.77,4.44,0.049,40.0,reviewed,us,us
2023-05-25T00:35:11.938Z,10.9465,-62.5897,104.425,4.5,mb,71.0,84.0,1.493,0.76,us,us7000k3mi,2023-07-29T22:00:35.040Z,"49 km NNE of Yaguaraparo, Venezuela",earthquake,4.97,7.203,0.074,54.0,reviewed,us,us
2023-05-21T19:19:27.492Z,6.0107,-73.62,129.645,4.2,mb,40.0,108.0,0.547,0.77,us,us7000k48g,2023-07-29T22:00:41.040Z,"5 km WSW of Güepsa, Colombia",earthquake,5.12,6.793,0.102,27.0,reviewed,us,us
2023-05-21T03:18:15.330Z,10.6084,-62.341,70.048,4.2,mb,33.0,137.0,1.658,0.65,us,us6000kdjp,2023-07-29T22:00:24.040Z,"5 km NW of Güiria, Venezuela",earthquake,11.12,8.943,0.263,4.0,reviewed,us,us
2023-05-15T01:47:50.271Z,12.8163,-60.1759,55.177,4.2,mb,33.0,89.0,0.684,0.56,us,us6000kby4,2023-07-24T01:16:52.040Z,"68 km WSW of Bridgetown, Barbados",earthquake,4.66,9.273,0.118,20.0,reviewed,us,us
2023-05-14T16:43:09.036Z,6.8463,-73.0895,151.854,4.6,mb,50.0,43.0,0.948,0.67,us,us6000kbvy,2023-07-24T01:16:56.040Z,"12 km N of Jordán, Colombia",earthquake,7.13,6.073,0.032,300.0,reviewed,us,us
2023-05-14T06:04:17.791Z,4.0397,-73.7077,10.0,4.8,mb,97.0,131.0,1.007,0.6,us,us6000kbsg,2023-07-24T01:17:05.040Z,Colombia,earthquake,8.38,1.907,0.029,364.0,reviewed,us,us
2023-05-14T01:04:46.263Z,6.8341,-72.9826,155.214,4.2,mb,25.0,138.0,0.941,0.99,us,us6000kcvg,2023-07-24T01:17:07.040Z,"8 km N of Cepitá, Colombia",earthquake,9.61,7.177,0.152,13.0,reviewed,us,us
2023-05-11T18:31:40.146Z,10.2152,-63.5223,10.0,4.9,mb,150.0,30.0,2.644,0.77,us,us6000kb70,2023-07-22T19:16:51.040Z,"24 km ENE of San Antonio, Venezuela",earthquake,7.29,1.803,0.03,336.0,reviewed,us,us
2023-05-06T01:48:01.030Z,6.7608,-72.9894,153.56,4.4,mb,47.0,99.0,0.868,1.09,us,us6000k9y1,2023-07-15T22:10:03.040Z,"1 km WNW of Cepitá, Colombia",earthquake,7.81,7.896,0.082,43.0,reviewed,us,us
2023-05-05T18:34:52.103Z,6.8252,-73.0964,154.889,4.3,mb,22.0,105.0,0.927,0.61,us,us6000kavv,2023-07-15T22:10:26.040Z,"10 km N of Jordán, Colombia",earthquake,6.96,3.119,0.153,12.0,reviewed,us,us
2023-05-05T17:25:52.488Z,6.9456,-73.1785,143.778,4.3,mb,26.0,122.0,1.05,0.5,us,us6000kavr,2023-07-15T22:10:26.040Z,"12 km ENE of Betulia, Colombia",earthquake,7.25,10.965,0.126,18.0,reviewed,us,us
2023-05-05T00:10:51.978Z,10.133,-60.2736,10.0,4.2,mb,28.0,117.0,2.405,0.7,us,us6000kav1,2023-07-15T22:10:24.040Z,Trinidad,earthquake,8.24,1.928,0.158,11.0,reviewed,us,us
2023-04-30T04:59:17.552Z,9.3074,-69.804,10.0,4.6,mb,65.0,67.0,0.913,0.89,us,us7000jx45,2023-07-15T22:10:34.040Z,"Lara - Portuguesa region, Venezuela",earthquake,3.69,1.829,0.089,38.0,reviewed,us,us
2023-04-27T18:18:20.997Z,10.1348,-62.9908,10.106,4.6,mb,29.0,132.0,2.38,0.83,us,us7000jxtv,2023-07-11T01:44:58.040Z,"12 km ENE of Caripito, Venezuela",earthquake,9.98,5.454,0.141,15.0,reviewed,us,us
2023-04-24T13:38:38.230Z,10.6549,-62.2962,89.96,4.6,mb,70.0,107.0,1.598,0.84,us,us6000k6rv,2023-07-11T01:45:31.040Z,near the coast of Venezuela,earthquake,8.91,7.16,0.077,50.0,reviewed,us,us
2023-04-19T15:10:41.000Z,6.9849,-72.0921,41.722,4.3,mb,27.0,84.0,1.466,0.6,us,us7000jw25,2023-07-03T02:47:08.040Z,"2 km SSE of Cubará, Colombia",earthquake,3.47,8.214,0.147,13.0,reviewed,us,us
2023-04-18T18:51:21.373Z,6.8783,-73.1335,152.061,4.2,mb,24.0,116.0,0.981,0.71,us,us6000k5cn,2023-07-03T02:47:15.040Z,"15 km SW of Piedecuesta, Colombia",earthquake,4.1,7.817,0.159,11.0,reviewed,us,us
2023-04-07T22:09:32.105Z,6.8355,-72.9739,152.736,4.4,mb,70.0,43.0,0.943,0.54,us,us6000k2ru,2023-06-13T03:12:28.040Z,"8 km N of Cepitá, Colombia",earthquake,7.85,5.295,0.05,118.0,reviewed,us,us
2023-04-01T15:35:03.444Z,6.8743,-73.063,153.178,4.3,mb,25.0,121.0,0.976,1.05,us,us6000k2d7,2023-06-03T22:06:21.040Z,"12 km S of Piedecuesta, Colombia",earthquake,8.66,7.999,0.16,11.0,reviewed,us,us
2023-03-28T17:13:40.874Z,12.6167,-70.9912,47.638,4.5,mb,154.0,54.0,1.336,0.59,us,us6000k0e4,2023-06-03T22:06:03.040Z,near the coast of Venezuela,earthquake,7.87,6.413,0.04,188.0,reviewed,us,us
2023-03-27T22:08:57.857Z,6.8433,-73.0951,152.713,4.4,mb,53.0,71.0,0.945,0.64,us,us6000k059,2023-06-03T22:06:02.040Z,"12 km N of Jordán, Colombia",earthquake,3.13,6.878,0.091,35.0,reviewed,us,us
2023-03-26T23:00:41.400Z,6.8516,-73.1229,156.193,4.3,mb,29.0,67.0,0.954,0.88,us,us7000jmx9,2023-06-03T22:06:25.040Z,"13 km NNW of Jordán, Colombia",earthquake,7.08,3.882,0.201,7.0,reviewed,us,us
2023-03-25T01:42:13.233Z,13.0339,-61.1761,10.0,3.4,ml,9.0,121.0,1.01,0.46,us,us7000jmmd,2023-05-26T21:54:19.040Z,"6 km ENE of Port Elizabeth, Saint Vincent and the Grenadines",earthquake,4.91,1.995,0.088,18.0,reviewed,us,us
2023-03-19T17:42:00.076Z,11.6448,-72.3136,65.712,4.3,mb,38.0,68.0,0.319,0.47,us,us7000jlb3,2023-05-26T21:54:06.040Z,"9 km SW of Uribia, Colombia",earthquake,4.85,5.436,0.108,24.0,reviewed,us,us
2023-03-14T05:06:59.998Z,6.8028,-72.9977,157.397,4.5,mb,62.0,38.0,0.908,0.65,us,us7000jjrd,2023-05-20T23:20:22.040Z,"5 km NNW of Cepitá, Colombia",earthquake,7.43,6.699,0.041,178.0,reviewed,us,us
2023-03-12T20:26:44.696Z,6.8364,-73.0707,146.381,4.2,mb,49.0,118.0,0.938,0.83,us,us7000jjdu,2023-05-20T23:20:18.040Z,"11 km NNE of Jordán, Colombia",earthquake,7.92,8.125,0.098,29.0,reviewed,us,us
2023-03-11T05:11:59.326Z,6.893,-73.1444,146.285,4.3,mb,23.0,125.0,0.996,0.49,us,us7000jj2g,2023-05-15T02:49:16.040Z,"14 km SW of Piedecuesta, Colombia",earthquake,5.66,10.651,0.161,11.0,reviewed,us,us
2023-03-10T09:18:40.733Z,6.7308,-73.027,160.432,5.4,mww,244.0,43.0,0.835,0.5,us,us7000jirz,2024-10-09T14:45:06.235Z,"4 km NNW of Aratoca, Colombia",earthquake,7.94,4.934,0.06,27.0,reviewed,us,us
2023-03-07T01:32:41.615Z,6.8238,-73.0726,155.436,4.3,mb,43.0,36.0,0.925,0.76,us,us7000jhsj,2023-05-15T02:50:24.040Z,"Santander, Colombia",earthquake,7.83,5.953,0.116,21.0,reviewed,us,us
2023-03-04T07:20:02.788Z,6.8798,-73.1083,149.739,4.4,mb,34.0,96.0,0.981,0.76,us,us7000jhah,2023-05-08T02:00:44.040Z,northern Colombia,earthquake,7.26,9.034,0.107,25.0,reviewed,us,us
2023-03-03T20:10:19.597Z,8.2866,-72.2121,13.978,4.6,mb,82.0,81.0,1.67,0.57,us,us7000jh60,2023-05-08T02:00:39.040Z,"8 km NNE of La Fría, Venezuela",earthquake,2.49,3.805,0.068,72.0,reviewed,us,us
2023-03-02T20:38:15.605Z,6.7351,-73.0147,156.85,4.5,mb,33.0,136.0,0.84,0.85,us,us7000jihp,2023-05-08T02:00:26.040Z,"4 km N of Aratoca, Colombia",earthquake,9.39,7.258,0.145,14.0,reviewed,us,us
2023-02-22T13:02:59.298Z,10.7137,-62.3421,117.467,4.3,mb,25.0,154.0,1.563,0.35,us,us7000jgtz,2023-04-29T21:57:26.040Z,"15 km NNW of Güiria, Venezuela",earthquake,11.36,6.129,0.148,13.0,reviewed,us,us
2023-02-15T13:04:09.720Z,6.7659,-73.0236,158.822,5.2,mb,270.0,37.0,0.87,0.52,us,us6000jp3b,2023-04-22T21:33:11.040Z,"5 km WNW of Cepitá, Colombia",earthquake,7.01,5.671,0.022,673.0,reviewed,us,us
2023-02-07T02:56:17.992Z,6.8089,-73.0222,159.15,4.6,mb,128.0,35.0,0.912,0.57,us,us6000jm59,2023-04-15T21:39:42.040Z,northern Colombia,earthquake,6.29,4.431,0.056,96.0,reviewed,us,us
2023-02-06T00:51:39.856Z,7.3231,-72.0272,53.458,4.4,mb,25.0,84.0,1.767,0.6,us,us6000jnr4,2023-04-15T21:39:59.040Z,"36 km NNE of Cubará, Colombia",earthquake,6.7,3.448,0.179,9.0,reviewed,us,us
2023-02-01T19:51:04.511Z,6.7763,-73.1251,154.167,4.6,mb,76.0,27.0,0.879,0.9,us,us6000jktm,2023-04-13T21:53:16.040Z,"5 km NW of Jordán, Colombia",earthquake,6.57,5.308,0.035,246.0,reviewed,us,us
2023-01-26T09:38:21.148Z,6.85,-73.1106,144.034,4.2,mb,40.0,116.0,0.952,0.71,us,us6000jlzd,2023-04-11T18:51:46.040Z,northern Colombia,earthquake,7.17,8.18,0.118,21.0,reviewed,us,us
2023-01-14T18:18:29.987Z,6.8355,-73.1176,151.159,4.5,mb,131.0,117.0,0.937,0.83,us,us7000j4es,2023-03-20T06:03:42.040Z,northern Colombia,earthquake,3.67,5.123,0.049,126.0,reviewed,us,us
2023-01-13T16:41:41.660Z,6.8346,-73.0505,152.595,4.5,mb,41.0,43.0,0.937,0.72,us,us7000j47t,2023-03-20T06:03:36.040Z,"12 km NW of Cepitá, Colombia",earthquake,7.48,6.23,0.093,34.0,reviewed,us,us
2023-01-13T07:21:53.883Z,6.7854,-73.0766,155.374,4.6,mb,89.0,94.0,0.887,0.66,us,us7000j430,2023-03-20T06:03:34.040Z,"6 km NNE of Jordán, Colombia",earthquake,3.4,8.036,0.062,77.0,reviewed,us,us
2023-01-12T02:54:20.701Z,6.7855,-73.0545,152.774,4.3,mb,58.0,36.0,0.888,0.79,us,us7000j3t1,2023-03-20T06:03:25.040Z,"7 km NE of Jordán, Colombia",earthquake,4.52,4.734,0.101,28.0,reviewed,us,us
2023-01-05T11:03:59.462Z,6.7877,-73.0479,153.901,4.4,mb,37.0,73.0,0.89,0.72,us,us7000j4qq,2023-03-11T22:51:50.040Z,"8 km NE of Jordán, Colombia",earthquake,3.34,5.421,0.126,18.0,reviewed,us,us
2023-01-02T18:08:00.212Z,9.7528,-69.6309,10.0,4.5,mb,53.0,72.0,1.306,1.09,us,us7000j1mr,2023-03-11T22:51:33.040Z,"18 km ESE of El Tocuyo, Venezuela",earthquake,7.42,1.856,0.089,37.0,reviewed,us,us
2023-01-02T02:14:44.802Z,10.5549,-62.3692,89.663,4.4,mb,65.0,92.0,1.717,0.62,us,us7000j43p,2023-03-11T22:51:46.040Z,"8 km WSW of Güiria, Venezuela",earthquake,8.7,6.501,0.088,37.0,reviewed,us,us
2023-01-02T00:22:05.645Z,6.8279,-73.0877,153.952,4.3,mb,14.0,59.0,0.929,0.92,us,us7000j43n,2023-03-11T22:51:46.040Z,"10 km N of Jordán, Colombia",earthquake,7.15,9.255,0.218,6.0,reviewed,us,us
2022-12-27T06:56:57.794Z,10.6144,-62.5748,99.273,4.3,mb,32.0,105.0,1.758,0.35,us,us7000j35c,2024-01-18T19:06:11.334Z,"27 km E of Yaguaraparo, Venezuela",earthquake,10.06,8.14,0.109,24.0,reviewed,us,us
2022-12-14T06:36:56.178Z,6.7855,-73.04,154.45,4.5,mb,70.0,38.0,0.888,0.81,us,us6000j95b,2023-02-18T22:04:09.040Z,"8 km WNW of Cepitá, Colombia",earthquake,6.41,3.877,0.043,160.0,reviewed,us,us
2022-12-02T23:09:22.099Z,8.0925,-72.5631,10.0,4.4,mwr,70.0,37.0,2.064,0.61,us,us6000j6gr,2023-02-05T23:26:11.040Z,"17 km SW of La Esperanza, Colombia",earthquake,5.56,1.873,0.075,17.0,reviewed,us,us
2022-12-02T13:24:00.291Z,6.795,-72.9223,156.937,4.1,mb,33.0,120.0,0.911,0.64,us,us6000j6ai,2023-02-05T23:26:04.040Z,"7 km NE of Cepitá, Colombia",earthquake,8.61,8.017,0.145,13.0,reviewed,us,us
2022-11-30T02:21:12.477Z,10.5912,-62.5791,97.273,4.7,mb,134.0,91.0,1.78,0.69,us,us6000j5ns,2023-02-05T23:25:25.040Z,"30 km W of Güiria, Venezuela",earthquake,9.13,7.132,0.051,116.0,reviewed,us,us
2022-11-27T16:47:02.911Z,7.503,-73.2225,139.778,4.4,mb,18.0,84.0,1.606,0.45,us,us6000j63p,2023-02-05T23:24:22.040Z,"4 km NNW of El Playón, Colombia",earthquake,7.78,7.999,0.203,7.0,reviewed,us,us
2022-11-20T05:02:15.566Z,6.844,-73.0742,152.394,4.2,mb,22.0,72.0,0.945,0.53,us,us7000is4g,2023-01-30T06:00:19.040Z,"12 km N of Jordán, Colombia",earthquake,7.53,3.782,0.176,13.0,reviewed,us,us
2022-11-13T12:13:21.065Z,7.3492,-71.8699,10.0,4.6,mb,53.0,63.0,1.883,0.72,us,us7000ipgi,2023-01-28T19:58:11.040Z,"46 km NE of Cubará, Colombia",earthquake,7.74,1.884,0.089,38.0,reviewed,us,us
2022-10-24T20:04:57.873Z,11.9472,-62.1935,140.349,4.5,mb,34.0,74.0,0.559,0.46,us,us7000ikyd,2023-01-03T15:23:45.040Z,"49 km WSW of Saint George's, Grenada",earthquake,5.79,5.63,0.151,13.0,reviewed,us,us
2022-10-18T07:17:09.599Z,6.7912,-73.0398,161.151,4.7,mb,82.0,30.0,0.894,0.86,us,us6000iuha,2022-12-31T23:03:37.040Z,"8 km WNW of Cepitá, Colombia",earthquake,6.18,5.757,0.026,455.0,reviewed,us,us
2022-10-15T17:29:46.927Z,6.877,-73.0918,150.275,4.4,mb,63.0,96.0,0.978,0.82,us,us6000itz5,2022-12-31T23:03:33.040Z,"13 km SSW of Piedecuesta, Colombia",earthquake,6.76,8.109,0.067,66.0,reviewed,us,us
2022-10-12T09:09:35.502Z,6.895,-73.0863,147.754,4.4,mb,38.0,74.0,0.996,0.78,us,us6000iujm,2022-12-17T22:54:19.040Z,"11 km SSW of Piedecuesta, Colombia",earthquake,7.43,8.964,0.107,25.0,reviewed,us,us
2022-10-10T17:08:24.729Z,11.0168,-71.1066,46.589,4.3,mb,37.0,61.0,1.104,0.82,us,us6000isir,2022-12-17T22:53:50.040Z,"67 km NE of Maracaibo, Venezuela",earthquake,5.93,3.47,0.201,7.0,reviewed,us,us
2022-10-09T22:18:07.942Z,10.7138,-62.3349,99.368,4.7,mb,57.0,92.0,1.56,0.59,us,us6000iscy,2022-12-17T22:53:47.040Z,"15 km NNW of Güiria, Venezuela",earthquake,10.35,7.843,0.053,107.0,reviewed,us,us
2022-09-19T06:12:41.227Z,6.6815,-72.995,158.846,4.9,mb,110.0,43.0,0.789,0.74,us,us7000i97s,2022-11-26T20:57:41.040Z,"2 km ESE of Aratoca, Colombia",earthquake,7.45,4.309,0.022,650.0,reviewed,us,us
2022-09-18T15:32:50.802Z,6.8579,-73.104,150.256,4.2,mb,61.0,126.0,0.959,0.34,us,us7000iah9,2022-11-26T20:57:58.040Z,"13 km N of Jordán, Colombia",earthquake,7.5,6.945,0.076,49.0,reviewed,us,us
2022-09-18T02:11:43.003Z,9.1934,-69.994,10.0,4.3,mb,25.0,119.0,0.695,1.11,us,us7000i8yr,2022-11-26T20:57:36.040Z,"32 km WNW of Guanare, Venezuela",earthquake,6.66,1.935,0.216,6.0,reviewed,us,us
2022-09-17T06:12:44.959Z,7.4207,-73.7203,108.926,4.3,mb,38.0,92.0,1.645,0.59,us,us7000i8rt,2022-11-26T20:57:32.040Z,"20 km ENE of Puerto Wilches, Colombia",earthquake,6.97,5.76,0.148,13.0,reviewed,us,us
2022-09-14T09:01:47.425Z,10.4425,-62.5188,99.403,4.4,mb,26.0,184.0,1.882,0.71,us,us7000i9ws,2022-11-19T23:03:46.040Z,"28 km WSW of Güiria, Venezuela",earthquake,12.41,7.725,0.19,8.0,reviewed,us,us
2022-09-13T14:14:01.239Z,10.4844,-65.2776,6.358,4.7,mb,84.0,26.0,3.913,0.51,us,us7000i7nn,2022-11-19T23:02:56.040Z,"75 km WNW of Barcelona, Venezuela",earthquake,6.57,3.527,0.045,151.0,reviewed,us,us
2022-09-01T04:57:05.410Z,6.7234,-73.0693,162.621,4.4,mb,62.0,32.0,0.826,0.87,us,us7000i47m,2022-11-06T04:36:35.040Z,northern Colombia,earthquake,8.4,5.268,0.041,168.0,reviewed,us,us
2022-08-22T21:52:44.167Z,6.7699,-73.0547,156.746,4.4,mb,57.0,35.0,0.872,0.64,us,us6000icw1,2022-11-01T15:12:54.040Z,"6 km NE of Jordán, Colombia",earthquake,8.12,5.96,0.054,97.0,reviewed,us,us
2022-08-20T05:17:03.026Z,11.1418,-62.4177,130.261,4.4,mb,49.0,88.0,1.236,0.83,us,us6000icbb,2022-11-01T15:12:31.040Z,"63 km NNW of Güiria, Venezuela",earthquake,11.55,10.06,0.088,37.0,reviewed,us,us
2022-08-15T03:44:02.857Z,6.8682,-73.0414,151.179,4.1,mb,35.0,113.0,0.97,0.56,us,us6000iax3,2022-10-28T02:26:02.040Z,"13 km S of Piedecuesta, Colombia",earthquake,7.3,9.519,0.105,25.0,reviewed,us,us
2022-08-13T13:02:01.435Z,6.9068,-72.9904,150.758,4.6,mb,53.0,53.0,1.012,1.15,us,us6000iaij,2022-10-28T02:25:38.040Z,"11 km SE of Piedecuesta, Colombia",earthquake,8.36,7.341,0.028,378.0,reviewed,us,us
2022-08-13T12:20:48.392Z,6.8811,-73.0954,157.36,4.2,mb,16.0,166.0,0.982,0.59,us,us6000id49,2022-10-28T02:27:16.040Z,"12 km SSW of Piedecuesta, Colombia",earthquake,9.79,8.28,0.236,5.0,reviewed,us,us
2022-08-13T07:10:07.001Z,8.6338,-71.524,10.0,4.4,mb,32.0,114.0,3.083,0.66,us,us6000iaha,2022-10-28T02:25:36.040Z,"14 km E of El Vigía, Venezuela",earthquake,8.9,2.0,0.269,4.0,reviewed,us,us
2022-07-25T03:58:53.873Z,10.2603,-62.1655,10.271,4.4,mb,71.0,84.0,1.927,0.76,us,us7000ht8v,2022-10-01T22:09:49.040Z,"37 km SSE of Güiria, Venezuela",earthquake,6.67,2.863,0.068,62.0,reviewed,us,us
2022-07-22T04:42:44.785Z,6.7709,-73.067,155.483,4.1,mb,29.0,132.0,0.873,0.86,us,us6000i76m,2022-09-27T16:57:06.040Z,"5 km NE of Jordán, Colombia",earthquake,6.64,5.691,0.103,26.0,reviewed,us,us
2022-07-19T20:04:09.546Z,6.8944,-73.1666,149.374,4.3,mb,14.0,123.0,0.999,0.62,us,us6000i676,2022-09-27T16:57:04.040Z,"12 km E of Betulia, Colombia",earthquake,7.21,8.738,0.377,2.0,reviewed,us,us
2022-07-14T19:16:58.990Z,10.7317,-62.6013,107.65,5.3,mww,132.0,31.0,1.673,0.97,us,us6000i2g9,2022-09-24T21:25:37.040Z,"37 km WNW of Güiria, Venezuela",earthquake,7.8,4.4,0.054,33.0,reviewed,us,us
2022-07-08T00:50:32.197Z,6.8134,-73.0292,153.68,4.3,mb,27.0,104.0,0.916,0.73,us,us6000i2nk,2022-09-13T06:26:16.040Z,"8 km NW of Cepitá, Colombia",earthquake,3.9,6.5,0.188,8.0,reviewed,us,us
2022-07-07T23:44:24.163Z,6.8663,-73.0722,142.05,4.0,mb,16.0,130.0,0.967,0.45,us,us6000i246,2022-09-13T06:26:13.040Z,"13 km S of Piedecuesta, Colombia",earthquake,8.0,10.4,0.258,4.0,reviewed,us,us
2022-07-07T08:57:41.304Z,6.8925,-73.1057,143.63,4.2,mb,52.0,96.0,0.993,0.51,us,us6000i23h,2024-01-18T16:39:21.699Z,"12 km SSW of Piedecuesta, Colombia",earthquake,4.1,9.2,0.075,49.0,reviewed,us,us
2022-07-07T02:34:33.050Z,10.0669,-70.7265,10.0,4.3,mb,24.0,144.0,1.179,0.76,us,us6000i23b,2022-09-13T06:26:03.040Z,"58 km E of Lagunillas, Venezuela",earthquake,5.1,1.824,0.154,12.0,reviewed,us,us
2022-07-04T13:22:38.388Z,7.5791,-72.115,44.12,4.1,mb,19.0,122.0,1.931,0.93,us,us6000i0vh,2022-09-13T06:24:39.040Z,"24 km SSE of San Cristóbal, Venezuela",earthquake,7.5,9.2,0.197,7.0,reviewed,us,us
2022-07-04T08:26:53.761Z,10.4451,-62.4282,59.571,4.2,mb,50.0,87.0,1.841,0.34,us,us6000i0uz,2022-09-13T06:24:34.040Z,near the coast of Venezuela,earthquake,5.54,9.517,0.132,16.0,reviewed,us,us
2022-07-01T08:37:57.875Z,6.8015,-73.0028,151.46,4.3,mb,36.0,84.0,0.906,0.42,us,us6000i0a8,2022-09-03T21:03:30.040Z,"6 km NNW of Cepitá, Colombia",earthquake,7.9,7.9,0.113,22.0,reviewed,us,us
2022-07-01T02:13:57.207Z,6.8389,-73.0269,146.56,4.2,mb,43.0,119.0,0.941,0.96,us,us6000hz0g,2022-09-03T21:03:24.040Z,"11 km NNW of Cepitá, Colombia",earthquake,7.9,5.3,0.088,36.0,reviewed,us,us
2022-06-24T03:03:35.937Z,6.8663,-73.0524,143.55,4.3,mb,45.0,71.0,0.967,1.2,us,us7000hjtj,2022-08-28T03:20:51.040Z,"13 km S of Piedecuesta, Colombia",earthquake,5.6,5.9,0.103,27.0,reviewed,us,us
2022-06-19T07:45:21.702Z,6.9376,-73.133,139.72,4.2,mb,18.0,121.0,1.039,0.34,us,us7000hjmu,2022-08-28T03:18:39.040Z,"10 km WSW of Piedecuesta, Colombia",earthquake,4.8,8.3,0.199,7.0,reviewed,us,us
2022-06-18T16:26:27.157Z,6.8826,-73.0661,149.42,4.5,mb,42.0,61.0,0.983,0.92,us,us7000hie8,2022-08-28T03:18:28.040Z,"11 km S of Piedecuesta, Colombia",earthquake,7.3,7.1,0.04,181.0,reviewed,us,us
2022-06-16T14:16:03.256Z,6.903,-73.131,141.53,4.3,mb,19.0,69.0,1.005,0.75,us,us7000hj15,2022-08-21T00:17:55.040Z,northern Colombia,earthquake,8.0,8.4,0.217,6.0,reviewed,us,us
2022-06-12T09:00:17.716Z,4.3462,-73.5652,50.96,4.4,mb,53.0,125.0,0.901,0.49,us,us7000hhvl,2022-08-21T00:16:23.040Z,"9 km N of Restrepo, Colombia",earthquake,5.5,7.7,0.092,34.0,reviewed,us,us
2022-06-08T04:39:19.425Z,8.6017,-71.4059,10.0,4.5,mb,48.0,30.0,0.812,0.47,us,us7000hftl,2022-08-13T21:53:17.040Z,"Merida, Venezuela",earthquake,5.1,1.8,0.06,82.0,reviewed,us,us
2022-06-05T16:31:25.199Z,6.8882,-73.069,147.18,4.2,mb,17.0,128.0,0.989,0.48,us,us7000hg8m,2022-08-13T21:51:48.040Z,"11 km S of Piedecuesta, Colombia",earthquake,6.1,8.4,0.186,9.0,reviewed,us,us
2022-06-01T04:20:25.077Z,6.8568,-73.0358,145.81,4.3,mb,48.0,36.0,0.959,0.77,us,us7000he04,2022-08-06T22:13:12.040Z,"13 km NNW of Cepitá, Colombia",earthquake,7.2,6.0,0.052,103.0,reviewed,us,us
2022-05-31T20:49:09.658Z,6.8655,-73.1145,154.171,4.1,mb,32.0,73.0,0.967,0.98,us,us7000hdxz,2022-08-06T22:13:11.040Z,"14 km N of Jordán, Colombia",earthquake,6.11,6.221,0.185,9.0,reviewed,us,us
2022-05-30T01:23:25.370Z,6.8191,-73.056,146.23,4.5,mb,77.0,66.0,0.921,1.01,us,us7000hdii,2022-08-06T22:13:05.040Z,"10 km NNE of Jordán, Colombia",earthquake,7.1,6.3,0.039,191.0,reviewed,us,us
2022-05-29T02:26:02.891Z,6.9374,-73.1291,136.93,4.2,mb,32.0,126.0,1.039,0.99,us,us7000hdcz,2022-08-06T22:13:03.040Z,"10 km WSW of Piedecuesta, Colombia",earthquake,7.9,9.0,0.152,13.0,reviewed,us,us
2022-05-28T03:01:19.115Z,6.8281,-73.0753,149.97,4.3,mb,35.0,71.0,0.929,0.85,us,us7000hd7k,2022-08-06T22:13:00.040Z,"10 km NNE of Jordán, Colombia",earthquake,3.3,7.2,0.07,60.0,reviewed,us,us
2022-05-21T15:33:01.013Z,6.9515,-73.138,140.07,4.3,mb,30.0,125.0,1.053,0.9,us,us6000hmxa,2022-08-02T19:50:38.040Z,"10 km WSW of Piedecuesta, Colombia",earthquake,7.7,5.5,0.066,65.0,reviewed,us,us
2022-05-16T11:25:56.202Z,6.8748,-73.099,147.84,4.3,mb,98.0,107.0,0.976,0.88,us,us6000hlfw,2022-07-24T02:39:06.040Z,"13 km SSW of Piedecuesta, Colombia",earthquake,7.4,6.4,0.039,186.0,reviewed,us,us
2022-05-14T13:10:43.487Z,6.9193,-73.1647,143.27,4.2,mb,35.0,124.0,1.023,1.01,us,us6000hl48,2022-07-24T02:38:31.040Z,"13 km E of Betulia, Colombia",earthquake,8.6,7.1,0.052,102.0,reviewed,us,us
2022-04-29T23:47:47.572Z,6.9193,-73.1481,142.64,4.1,mb,26.0,112.0,1.022,0.81,us,us7000h5y8,2022-07-05T03:42:15.040Z,"13 km SW of Piedecuesta, Colombia",earthquake,6.8,8.0,0.158,11.0,reviewed,us,us
2022-04-29T10:11:59.279Z,9.6447,-69.457,10.0,4.2,mb,88.0,41.0,1.386,0.36,us,us7000h5tj,2022-07-05T03:41:56.040Z,"24 km WNW of Araure, Venezuela",earthquake,3.5,1.9,0.08,46.0,reviewed,us,us
2022-04-27T21:35:18.531Z,10.7984,-62.2547,95.73,4.7,mb,119.0,31.0,1.45,0.58,us,us7000h5h9,2022-07-05T03:41:28.040Z,"24 km N of Güiria, Venezuela",earthquake,8.4,6.6,0.06,84.0,reviewed,us,us
2022-04-26T14:35:08.382Z,10.5707,-62.6103,84.4,4.3,mb,45.0,69.0,1.813,0.5,us,us7000h6nz,2022-07-05T03:40:57.040Z,"34 km W of Güiria, Venezuela",earthquake,6.1,8.0,0.097,30.0,reviewed,us,us
2022-04-25T05:48:45.474Z,6.8799,-73.1434,151.78,4.0,mb,16.0,97.0,0.982,0.43,us,us7000h6md,2022-07-05T03:40:30.040Z,"15 km ENE of Zapatoca, Colombia",earthquake,7.5,8.9,0.3,3.0,reviewed,us,us
2022-04-20T07:48:53.462Z,10.2784,-62.6279,40.2,4.3,mb,,131.0,2.075,1.02,us,us7000h6g4,2022-06-26T01:19:59.040Z,near the coast of Venezuela,earthquake,9.7,10.7,0.147,13.0,reviewed,us,us
2022-04-13T13:18:37.131Z,6.8718,-73.1367,138.53,4.1,mb,,126.0,0.974,0.59,us,us7000h3d8,2022-06-20T22:08:36.040Z,"15 km ENE of Zapatoca, Colombia",earthquake,7.8,10.4,0.1,27.0,reviewed,us,us
2022-04-09T21:34:57.981Z,6.851,-73.0487,150.58,4.4,mb,,30.0,0.952,0.99,us,us7000h0yx,2022-06-20T22:07:37.040Z,"13 km NW of Cepitá, Colombia",earthquake,7.0,4.7,0.083,42.0,reviewed,us,us
2022-04-06T09:22:15.978Z,10.8337,-62.7585,106.98,4.9,mb,,65.0,1.684,0.76,us,us7000h046,2022-08-06T07:01:11.041Z,"57 km ENE of Carúpano, Venezuela",earthquake,6.5,6.5,0.045,156.0,reviewed,us,us
2022-04-05T13:49:44.129Z,6.843,-73.0655,148.39,4.3,mb,,82.0,0.944,0.64,us,us7000h0qr,2022-06-11T20:21:16.040Z,"12 km NNE of Jordán, Colombia",earthquake,7.3,7.0,0.153,12.0,reviewed,us,us
2022-04-01T18:39:00.317Z,6.8993,-73.0593,145.03,4.5,mb,,71.0,1.0,1.06,us,us7000gz2y,2022-06-04T20:42:36.040Z,"9 km S of Piedecuesta, Colombia",earthquake,6.3,6.0,0.063,79.0,reviewed,us,us
2022-03-26T10:15:17.319Z,6.9022,-73.1458,144.17,4.4,mb,,120.0,1.005,0.45,us,us7000gyqt,2022-06-04T20:42:06.040Z,"14 km SW of Piedecuesta, Colombia",earthquake,7.2,7.0,0.203,8.0,reviewed,us,us
2022-03-19T22:22:52.414Z,6.8581,-73.1023,146.73,4.5,mb,,47.0,0.959,0.67,us,us6000h63b,2022-05-28T18:35:19.040Z,"13 km N of Jordán, Colombia",earthquake,6.4,5.4,0.113,23.0,reviewed,us,us
2022-03-15T17:06:47.299Z,9.1959,-66.6151,10.0,4.5,mb,,73.0,3.973,0.94,us,us6000h4s0,2022-05-27T14:55:27.040Z,"66 km W of Valle de La Pascua, Venezuela",earthquake,5.7,1.8,0.082,46.0,reviewed,us,us
2022-03-14T08:49:23.208Z,12.1292,-62.1445,153.42,4.3,mb,,63.0,0.479,0.56,us,us6000h5rm,2022-05-27T14:55:37.040Z,"43 km W of Saint George's, Grenada",earthquake,10.1,6.6,0.138,15.0,reviewed,us,us
2022-03-07T18:34:28.862Z,6.7994,-72.9917,151.42,4.9,mb,,52.0,0.905,0.94,us,us6000h2un,2022-05-14T21:52:21.040Z,"5 km NNW of Cepitá, Colombia",earthquake,6.7,5.5,0.025,518.0,reviewed,us,us
2022-03-03T04:49:58.887Z,11.3317,-62.2397,130.11,4.3,mb,,62.0,0.98,0.85,us,us6000h1mp,2022-05-07T21:32:45.040Z,"83 km N of Güiria, Venezuela",earthquake,9.2,6.5,0.148,13.0,reviewed,us,us
2022-03-01T17:28:48.418Z,8.9759,-71.0695,23.02,4.4,mb,,71.0,0.439,0.96,us,us6000h247,2022-05-07T21:32:53.040Z,"43 km NNE of Mérida, Venezuela",earthquake,6.0,5.0,0.098,31.0,reviewed,us,us
2022-03-01T14:09:02.940Z,6.7961,-73.078,148.31,4.3,mb,,63.0,0.897,0.46,us,us6000h24a,2022-05-07T21:32:53.040Z,"7 km NNE of Jordán, Colombia",earthquake,7.6,6.7,0.1,28.0,reviewed,us,us
2022-03-01T07:59:12.702Z,9.0401,-71.1107,10.0,4.2,mb,,46.0,0.495,1.16,us,us6000h23x,2022-05-07T21:32:52.040Z,"50 km N of Mérida, Venezuela",earthquake,5.4,1.9,0.14,14.0,reviewed,us,us
2022-02-20T18:35:07.326Z,6.9148,-73.0374,148.24,4.3,mb,,60.0,1.016,0.67,us,us7000gmgp,2022-05-04T13:39:00.040Z,"8 km S of Piedecuesta, Colombia",earthquake,8.6,4.2,0.114,22.0,reviewed,us,us
2022-02-18T06:42:12.497Z,6.8903,-72.9916,143.24,4.4,mb,,154.0,0.995,0.6,us,us7000gn7i,2022-04-30T14:18:25.040Z,"12 km SSE of Piedecuesta, Colombia",earthquake,9.8,11.2,0.149,13.0,reviewed,us,us
2022-02-06T07:13:18.004Z,10.5803,-73.2201,69.23,4.7,mww,,28.0,1.144,0.47,us,us7000gie4,2022-04-19T17:38:44.040Z,"13 km NNE of Valledupar, Colombia",earthquake,6.1,4.4,0.069,20.0,reviewed,us,us
2022-01-29T13:40:09.222Z,10.9829,-61.0599,25.86,5.1,mww,,37.0,1.282,1.1,us,us7000gg80,2022-07-14T19:39:20.218Z,"41 km WSW of Scarborough, Trinidad and Tobago",earthquake,7.3,4.1,0.08,15.0,reviewed,us,us
2022-01-26T06:52:51.335Z,6.964,-72.9927,142.58,4.3,mb,,154.0,1.068,0.39,us,us7000ghc0,2022-04-09T20:19:06.040Z,"6 km ESE of Piedecuesta, Colombia",earthquake,7.9,6.0,0.265,4.0,reviewed,us,us
2022-01-26T03:41:56.388Z,10.0879,-59.6608,10.0,4.6,mb,,44.0,2.82,0.72,us,us7000gf6j,2022-04-09T20:19:05.040Z,"167 km E of Rio Claro, Trinidad and Tobago",earthquake,8.0,1.9,0.04,184.0,reviewed,us,us
2022-01-26T01:19:49.149Z,6.9341,-73.114,146.2,4.2,mb,,159.0,1.035,1.05,us,us7000ghbu,2022-04-09T20:19:04.040Z,"9 km SW of Piedecuesta, Colombia",earthquake,6.2,8.7,0.199,7.0,reviewed,us,us
2022-01-25T20:08:49.479Z,6.8946,-72.993,147.93,4.2,mb,,154.0,0.999,0.91,us,us7000gh0d,2022-04-09T20:19:03.040Z,"12 km SSE of Piedecuesta, Colombia",earthquake,4.2,8.3,0.176,9.0,reviewed,us,us
2022-01-25T02:14:31.875Z,9.9182,-59.8929,10.0,5.2,mww,,30.0,2.798,0.68,us,us7000gese,2022-08-06T12:49:46.874Z,"146 km ESE of Rio Claro, Trinidad and Tobago",earthquake,7.8,1.8,0.066,22.0,reviewed,us,us
2022-01-24T04:07:21.738Z,11.2837,-62.1048,135.11,4.1,mb,,112.0,0.952,1.31,us,us7000ggqn,2022-04-09T20:18:56.040Z,"80 km NNE of Güiria, Venezuela",earthquake,10.9,8.6,0.146,13.0,reviewed,us,us
2022-01-19T08:08:08.910Z,10.4457,-63.244,52.24,4.3,mb,,73.0,2.289,0.88,us,us7000gfkk,2022-04-01T17:40:35.040Z,"24 km S of Carúpano, Venezuela",earthquake,8.8,11.7,0.267,4.0,reviewed,us,us
2022-01-19T04:25:47.723Z,5.3986,-72.5392,10.0,4.6,mb,,35.0,0.73,0.49,us,us7000gd37,2022-08-06T13:30:47.280Z,"17 km WNW of Yopal, Colombia",earthquake,3.9,1.8,0.059,86.0,reviewed,us,us
2022-01-19T02:59:47.979Z,11.0525,-62.3631,96.77,4.8,mb,,62.0,1.278,0.58,us,us7000gd2r,2022-04-01T17:40:18.040Z,"53 km N of Güiria, Venezuela",earthquake,7.7,6.0,0.051,122.0,reviewed,us,us
2022-01-15T06:12:18.216Z,10.596,-62.3556,74.73,4.1,mb,,38.0,3.728,0.75,us,us7000gc6y,2022-04-01T17:40:10.040Z,"6 km WNW of Güiria, Venezuela",earthquake,9.3,7.1,0.14,14.0,reviewed,us,us
2021-12-31T16:07:00.431Z,8.6345,-60.4069,14.99,4.6,mb,,72.0,3.686,1.04,us,us7000gazb,2022-03-05T23:11:13.040Z,"83 km NW of Mabaruma, Guyana",earthquake,6.6,4.9,0.119,22.0,reviewed,us,us
2021-12-20T04:20:40.937Z,6.8648,-72.9781,149.82,4.4,mb,,53.0,0.971,1.03,us,us6000gdr7,2022-03-01T16:38:07.040Z,"12 km N of Cepitá, Colombia",earthquake,7.8,5.4,0.061,77.0,reviewed,us,us
2021-12-09T23:14:40.346Z,6.8146,-72.9486,153.37,4.8,mb,,30.0,0.925,0.85,us,us6000gb0x,2022-02-12T23:07:23.040Z,"7 km NNE of Cepitá, Colombia",earthquake,7.2,6.3,0.028,397.0,reviewed,us,us
2021-12-09T00:07:17.507Z,4.4212,-73.6567,35.97,4.6,mb,,67.0,0.784,0.58,us,us6000gasf,2022-08-06T17:45:21.410Z,"9 km NE of El Calvario, Colombia",earthquake,6.0,7.8,0.081,46.0,reviewed,us,us
2021-12-07T19:43:48.426Z,10.4172,-62.3496,10.0,5.1,mb,,22.0,1.836,0.59,us,us6000ga6a,2022-02-12T23:06:27.040Z,"18 km SSW of Güiria, Venezuela",earthquake,6.9,1.8,0.037,232.0,reviewed,us,us
2021-12-07T17:15:56.594Z,10.4133,-62.3345,10.0,5.1,mww,,24.0,1.834,0.79,us,us6000ga4p,2022-02-12T23:06:26.040Z,"18 km SSW of Güiria, Venezuela",earthquake,7.2,1.7,0.093,11.0,reviewed,us,us
2021-11-26T03:20:30.248Z,6.851,-73.001,152.05,4.4,mb,,31.0,0.955,1.17,us,us7000fx5d,2022-02-05T23:04:11.040Z,"11 km NNW of Cepitá, Colombia",earthquake,8.0,4.7,0.088,37.0,reviewed,us,us
2021-11-15T07:23:26.016Z,6.7552,-71.64,10.0,4.3,mb,,60.0,1.671,0.75,us,us7000fvgp,2022-01-22T20:52:08.040Z,"15 km ESE of Fortul, Colombia",earthquake,4.7,1.8,0.079,47.0,reviewed,us,us
2021-11-09T15:17:15.454Z,6.9146,-72.9885,141.22,4.3,mb,,77.0,1.019,0.55,us,us7000fsq4,2022-01-15T20:51:43.040Z,"10 km SE of Piedecuesta, Colombia",earthquake,7.8,6.5,0.065,71.0,reviewed,us,us
2021-11-02T19:08:15.281Z,6.963,-73.0158,147.45,4.0,mb,,120.0,1.065,1.11,us,us7000frsj,2022-01-14T17:59:05.040Z,"4 km SE of Piedecuesta, Colombia",earthquake,7.3,13.2,0.299,3.0,reviewed,us,us
2021-10-29T05:50:59.898Z,6.9536,-73.0577,135.42,4.3,mb,,72.0,1.054,0.56,us,us7000fpnb,2022-01-14T17:58:41.040Z,"3 km SSW of Piedecuesta, Colombia",earthquake,5.4,14.2,0.267,6.0,reviewed,us,us
2021-10-26T17:32:17.503Z,6.9354,-73.0916,143.36,4.6,mb,,167.0,1.036,0.9,us,us7000fptx,2022-01-08T17:43:47.040Z,"7 km SW of Piedecuesta, Colombia",earthquake,7.7,7.0,0.129,20.0,reviewed,us,us
2021-10-17T15:51:35.992Z,6.3622,-73.4851,119.01,4.5,mb,,87.0,0.614,0.53,us,us6000fwgx,2021-12-25T22:58:57.040Z,"8 km N of Contratación, Colombia",earthquake,6.1,6.3,0.106,26.0,reviewed,us,us
2021-10-16T07:07:44.959Z,11.5925,-60.0979,44.27,4.9,mb,,61.0,1.615,0.51,us,us6000fv5y,2021-12-25T22:58:37.040Z,"83 km ENE of Scarborough, Trinidad and Tobago",earthquake,8.2,8.4,0.051,121.0,reviewed,us,us
2021-10-12T04:51:47.707Z,6.8198,-72.9919,151.95,5.0,mb,,68.0,0.925,0.97,us,us6000ftws,2021-12-18T19:58:57.040Z,"7 km NNW of Cepitá, Colombia",earthquake,7.7,5.8,0.024,552.0,reviewed,us,us
2021-10-11T08:30:08.506Z,6.0015,-73.3101,173.75,4.0,mb,,63.0,0.25,0.57,us,us6000ftnd,2021-12-18T19:58:51.040Z,"7 km NNE of Gámbita, Colombia",earthquake,7.3,4.9,0.097,30.0,reviewed,us,us
2021-10-05T19:37:47.920Z,6.9037,-72.9739,149.94,4.7,mb,,47.0,1.01,1.16,us,us6000fs0z,2021-12-10T21:14:12.040Z,"12 km SW of Santa Bárbara, Colombia",earthquake,6.0,4.8,0.027,430.0,reviewed,us,us
2021-09-27T00:59:39.372Z,7.5736,-72.2207,10.0,4.2,mb,,84.0,1.877,0.66,us,us6000fqqk,2021-12-04T14:28:41.040Z,"20 km SE of Rubio, Venezuela",earthquake,7.3,1.9,0.105,25.0,reviewed,us,us
2021-09-25T16:39:45.080Z,10.243,-69.6961,19.94,4.6,mb,,44.0,2.681,1.1,us,us7000feed,2021-12-04T14:29:34.040Z,"35 km NNW of Quíbor, Venezuela",earthquake,7.0,4.3,0.055,99.0,reviewed,us,us
2021-09-25T01:18:57.757Z,6.8914,-72.9662,144.48,4.2,mb,,98.0,0.999,0.67,us,us7000fe9m,2021-12-04T14:29:26.040Z,"12 km W of Guaca, Colombia",earthquake,8.1,6.6,0.101,29.0,reviewed,us,us
2021-09-07T06:13:54.981Z,6.8762,-73.0522,153.61,4.3,mb,,76.0,0.977,0.51,us,us7000f8sd,2021-11-17T17:26:42.040Z,"12 km S of Piedecuesta, Colombia",earthquake,7.8,8.8,0.039,183.0,reviewed,us,us
2021-08-30T16:16:43.509Z,10.6047,-62.3321,76.62,4.9,mb,,68.0,1.657,0.79,us,us7000f5qr,2021-11-06T20:28:45.040Z,"4 km NW of Güiria, Venezuela",earthquake,6.1,6.1,0.03,342.0,reviewed,us,us
2021-08-28T12:37:21.469Z,6.8607,-73.0284,149.08,4.5,mb,,79.0,0.963,0.35,us,us7000f57u,2021-11-06T20:28:55.040Z,"13 km NNW of Cepitá, Colombia",earthquake,8.1,7.2,0.064,72.0,reviewed,us,us
2021-08-26T01:40:50.614Z,9.588,-69.2393,10.0,4.8,mww,,26.0,3.426,0.76,us,us7000f3zf,2021-11-02T14:55:21.040Z,"0 km N of Araure, Venezuela",earthquake,6.7,1.8,0.071,19.0,reviewed,us,us
2021-08-23T16:00:13.213Z,11.4317,-62.5258,45.28,4.5,mb,,128.0,1.101,1.29,us,us7000f734,2021-11-02T14:56:15.040Z,"97 km NNW of Güiria, Venezuela",earthquake,8.4,7.7,0.221,9.0,reviewed,us,us
2021-08-13T02:33:47.757Z,10.7836,-62.1884,82.8,4.4,mb,,108.0,1.439,0.74,us,us7000f329,2021-10-29T14:46:35.040Z,"25 km NNE of Güiria, Venezuela",earthquake,11.1,9.8,0.169,10.0,reviewed,us,us
2021-08-12T12:08:33.564Z,5.6461,-73.9576,122.74,4.3,mb,,62.0,0.874,0.69,us,us6000f4h9,2021-10-23T15:46:09.040Z,"3 km ESE of Pauna, Colombia",earthquake,4.1,6.1,0.067,63.0,reviewed,us,us
2021-08-09T22:50:22.478Z,6.9103,-73.0035,142.09,4.1,mb,,59.0,1.014,0.97,us,us6000f3qf,2021-10-23T15:45:59.040Z,"9 km SSE of Piedecuesta, Colombia",earthquake,8.1,7.4,0.112,22.0,reviewed,us,us
2021-07-31T00:48:51.247Z,6.9039,-72.9706,145.88,4.4,mb,,59.0,1.011,0.98,us,us6000f0v5,2021-10-14T01:04:05.040Z,"11 km SW of Santa Bárbara, Colombia",earthquake,7.4,6.5,0.064,71.0,reviewed,us,us
2021-07-30T10:24:54.463Z,11.8913,-72.6685,45.65,4.3,mb,,71.0,0.687,0.49,us,us6000f2q7,2021-10-14T01:08:02.040Z,near the north coast of Colombia,earthquake,6.9,1.8,0.1,28.0,reviewed,us,us
2021-07-28T11:38:35.719Z,7.2538,-72.8955,165.68,4.3,mb,,45.0,1.365,0.7,us,us6000ezsk,2021-10-03T05:22:42.040Z,"6 km SSW of Vetas, Colombia",earthquake,8.0,9.1,0.04,181.0,reviewed,us,us
2021-07-27T17:51:24.567Z,6.7676,-72.0311,10.0,4.0,mb,,83.0,1.359,0.82,us,us6000f1jj,2021-10-03T05:24:22.040Z,"27 km SSE of Cubará, Colombia",earthquake,5.1,1.8,0.367,2.0,reviewed,us,us
2021-07-27T11:02:43.101Z,6.9326,-73.0044,142.03,4.2,mb,,78.0,1.036,0.56,us,us6000f1j7,2021-10-03T05:24:20.040Z,"7 km SE of Piedecuesta, Colombia",earthquake,5.0,9.7,0.187,8.0,reviewed,us,us
2021-07-21T16:44:14.693Z,6.9569,-73.0289,140.93,4.2,mb,,152.0,1.058,1.05,us,us6000expn,2021-09-25T21:08:28.040Z,"4 km SSE of Piedecuesta, Colombia",earthquake,5.1,7.2,0.115,21.0,reviewed,us,us
2021-07-19T15:29:59.545Z,6.8374,-73.0921,145.75,4.3,mb,,118.0,0.938,0.47,us,us7000enfm,2021-09-25T21:08:12.040Z,"11 km N of Jordán, Colombia",earthquake,8.2,7.7,0.077,47.0,reviewed,us,us
2021-07-16T09:26:16.536Z,8.8365,-70.5486,16.68,4.4,mb,,124.0,0.091,0.57,us,us7000emgk,2021-09-25T21:07:48.040Z,"17 km WNW of Barinitas, Venezuela",earthquake,4.9,2.7,0.112,23.0,reviewed,us,us
2021-07-10T23:38:00.184Z,6.9115,-73.102,139.72,4.3,mb,,96.0,1.012,0.77,us,us7000em7i,2021-09-17T22:50:48.040Z,"10 km SW of Piedecuesta, Colombia",earthquake,8.0,9.7,0.111,23.0,reviewed,us,us
2021-07-10T10:52:06.688Z,12.6101,-59.3581,33.24,4.5,mb,,277.0,0.565,0.51,us,us6000eu36,2021-09-17T22:49:20.040Z,"54 km SSE of Oistins, Barbados",earthquake,15.3,12.4,0.088,42.0,reviewed,us,us
2021-07-06T11:41:27.346Z,6.8865,-73.064,146.21,4.6,mb,,48.0,0.987,0.7,us,us7000ej2x,2021-09-10T20:08:16.040Z,"11 km S of Piedecuesta, Colombia",earthquake,6.2,4.9,0.035,243.0,reviewed,us,us
2021-07-06T02:57:24.423Z,6.8036,-73.0454,151.82,4.2,mb,,48.0,0.905,0.95,us,us7000ej0c,2021-09-10T20:08:16.040Z,"9 km NW of Cepitá, Colombia",earthquake,6.5,4.1,0.051,109.0,reviewed,us,us
2021-07-01T14:07:41.149Z,6.9212,-73.1343,142.32,4.5,mb,,126.0,1.023,0.87,us,us7000ei04,2021-09-09T22:06:28.040Z,"11 km SW of Piedecuesta, Colombia",earthquake,8.7,10.5,0.051,114.0,reviewed,us,us
2021-06-30T12:15:03.653Z,6.8959,-73.0946,143.46,4.4,mb,,117.0,0.996,0.68,us,us6000er3h,2021-09-09T22:06:07.040Z,"11 km SSW of Piedecuesta, Colombia",earthquake,7.4,7.9,0.045,142.0,reviewed,us,us
2021-06-27T03:34:23.207Z,6.8763,-73.0865,152.51,4.1,mb,,94.0,0.977,1.1,us,us7000ei68,2021-09-09T22:06:35.040Z,"13 km SSW of Piedecuesta, Colombia",earthquake,8.1,4.6,0.261,4.0,reviewed,us,us
2021-06-18T20:24:15.425Z,6.9061,-73.1082,146.42,4.3,mb,,127.0,1.007,1.19,us,us6000ep4d,2021-08-27T18:57:25.040Z,"11 km SW of Piedecuesta, Colombia",earthquake,6.2,7.8,0.177,9.0,reviewed,us,us
2021-06-14T20:05:24.265Z,6.809,-73.0231,159.33,4.5,mb,,66.0,0.912,0.89,us,us7000ed1w,2021-08-26T21:59:20.040Z,"8 km NW of Cepitá, Colombia",earthquake,2.4,6.4,0.041,173.0,reviewed,us,us
2021-06-14T16:25:35.061Z,6.8245,-73.0833,154.37,4.5,mb,,48.0,0.925,0.77,us,us7000ed00,2021-08-26T21:59:19.040Z,"10 km N of Jordán, Colombia",earthquake,6.7,5.8,0.036,224.0,reviewed,us,us
2021-06-12T06:18:28.328Z,10.4856,-62.7686,10.0,5.0,mb,,29.0,1.968,0.74,us,us7000eccd,2021-08-26T21:59:09.040Z,"52 km W of Güiria, Venezuela",earthquake,5.4,1.9,0.079,51.0,reviewed,us,us
2021-06-03T17:17:32.180Z,9.9933,-70.0634,10.0,5.1,mb,,26.0,1.232,0.57,us,us7000e9hi,2025-12-22T19:01:50.158Z,"19 km S of Carora, Venezuela",earthquake,4.9,1.8,0.024,592.0,reviewed,us,us
2021-05-31T02:36:21.827Z,6.8076,-73.064,147.27,4.1,mb,,59.0,0.909,0.82,us,us7000e9gq,2021-08-07T22:06:27.040Z,"8 km NNE of Jordán, Colombia",earthquake,7.5,8.1,0.079,44.0,reviewed,us,us
2021-05-28T16:10:43.587Z,6.7826,-73.0743,154.11,4.7,mb,,60.0,0.884,1.1,us,us6000efla,2021-08-07T22:05:45.040Z,"5 km NNE of Jordán, Colombia",earthquake,6.1,6.1,0.027,409.0,reviewed,us,us
2021-05-24T22:52:12.122Z,7.4309,-71.9647,10.0,4.4,mb,,75.0,1.889,0.74,us,us6000efit,2021-07-31T22:09:24.040Z,"46 km SE of San Cristóbal, Venezuela",earthquake,6.8,1.8,0.084,41.0,reviewed,us,us
2021-05-17T18:52:32.764Z,6.8907,-73.2411,148.04,4.3,mb,,119.0,1.004,0.73,us,us7000e52q,2021-07-24T21:07:41.040Z,"4 km ESE of Betulia, Colombia",earthquake,5.6,9.2,0.266,4.0,reviewed,us,us
2021-05-13T23:55:24.860Z,6.7359,-72.9762,156.36,4.3,mb,,70.0,0.844,0.89,us,us7000e2xc,2021-07-23T18:08:41.040Z,"2 km S of Cepitá, Colombia",earthquake,8.1,7.4,0.169,10.0,reviewed,us,us
2021-05-12T22:10:26.120Z,6.8993,-73.0977,148.15,4.1,mb,,128.0,1.0,0.57,us,us7000e4e8,2021-07-23T18:08:49.040Z,"11 km SSW of Piedecuesta, Colombia",earthquake,7.4,6.8,0.262,4.0,reviewed,us,us
2021-05-10T12:04:40.125Z,6.9105,-73.168,147.66,4.2,mb,,123.0,1.014,1.03,us,us7000e3t3,2021-07-23T18:08:45.040Z,"12 km E of Betulia, Colombia",earthquake,8.8,10.0,0.159,11.0,reviewed,us,us
2021-05-09T19:28:33.611Z,3.9981,-71.5392,16.47,4.5,mb,,74.0,2.43,0.55,us,us7000e1s3,2021-07-23T18:08:28.040Z,"69 km ESE of Puerto Gaitán, Colombia",earthquake,9.0,4.5,0.07,60.0,reviewed,us,us
2021-05-08T02:31:25.368Z,12.0497,-59.8704,10.0,4.4,mb,,112.0,1.128,1.26,us,us7000e18i,2021-07-23T18:08:19.040Z,"118 km SSW of Oistins, Barbados",earthquake,5.7,1.9,0.114,22.0,reviewed,us,us
2021-05-04T16:07:49.410Z,6.8578,-73.1141,147.49,4.2,mb,,102.0,0.959,0.68,us,us7000e22n,2021-07-10T20:16:06.040Z,"13 km N of Jordán, Colombia",earthquake,7.9,7.7,0.105,25.0,reviewed,us,us
2021-05-01T06:36:35.562Z,11.867,-73.9181,10.0,4.5,mb,,76.0,0.76,0.53,us,us7000dz7e,2021-07-10T20:14:49.040Z,"75 km NNE of Santa Marta, Colombia",earthquake,5.2,1.9,0.082,43.0,reviewed,us,us
2021-04-29T04:43:56.426Z,12.4864,-66.2603,15.02,4.2,mb,,56.0,4.515,0.79,us,us7000dyfl,2021-07-07T18:37:31.040Z,"217 km NNE of Caraballeda, Venezuela",earthquake,4.1,6.0,0.199,7.0,reviewed,us,us
2021-04-26T08:49:14.439Z,6.8169,-72.9781,153.46,4.1,mb,,131.0,0.924,0.74,us,us7000dyzw,2021-07-07T18:35:21.040Z,"6 km N of Cepitá, Colombia",earthquake,8.7,8.1,0.082,41.0,reviewed,us,us
2021-04-23T17:05:32.811Z,6.9124,-73.1087,146.54,4.0,mb,,127.0,1.013,0.73,us,us7000dyke,2021-07-07T18:34:00.040Z,"10 km SW of Piedecuesta, Colombia",earthquake,7.3,8.5,0.196,8.0,reviewed,us,us
2021-04-22T11:51:47.945Z,6.826,-73.08,149.95,4.3,mb,,71.0,0.927,0.81,us,us7000dy9f,2021-07-03T16:50:03.040Z,"10 km N of Jordán, Colombia",earthquake,4.2,8.3,0.238,5.0,reviewed,us,us
2021-04-17T09:17:13.360Z,6.7812,-73.0701,155.7,4.3,mb,,66.0,0.883,0.88,us,us6000e2cb,2021-07-03T16:47:49.040Z,"6 km NNE of Jordán, Colombia",earthquake,7.4,8.0,0.101,28.0,reviewed,us,us
2021-04-14T00:19:11.366Z,7.2025,-72.9353,166.8,4.1,mb,,115.0,1.309,1.05,us,us6000e396,2021-06-19T21:26:19.040Z,"3 km E of Tona, Colombia",earthquake,8.1,8.7,0.157,11.0,reviewed,us,us
2021-04-11T13:17:40.915Z,9.3468,-69.7044,7.59,4.4,mb,,57.0,1.026,0.57,us,us6000e25b,2021-06-19T21:26:05.040Z,"33 km N of Guanare, Venezuela",earthquake,4.2,5.0,0.105,26.0,reviewed,us,us
2021-03-31T01:17:23.664Z,6.8986,-73.0525,143.44,4.4,mb,,128.0,1.0,0.75,us,us6000dxst,2021-06-08T17:59:19.040Z,"9 km S of Piedecuesta, Colombia",earthquake,7.4,6.5,0.148,13.0,reviewed,us,us
2021-03-29T03:00:07.666Z,5.215,-72.8784,10.0,4.4,mb,,75.0,0.703,0.84,us,us6000dzmr,2021-06-08T18:00:00.040Z,"0 km W of Chámeza, Colombia",earthquake,6.7,1.6,0.077,49.0,reviewed,us,us
2021-03-28T15:01:15.392Z,5.0712,-72.8726,9.15,4.6,mb,,71.0,0.842,0.61,us,us6000dx6m,2021-06-08T17:58:55.040Z,"15 km WNW of Tauramena, Colombia",earthquake,5.5,5.7,0.04,187.0,reviewed,us,us
2021-03-26T15:57:43.602Z,2.6841,-59.6123,10.0,4.8,mb,,67.0,0.953,1.02,us,us6000dwr1,2021-06-08T17:58:35.040Z,"80 km SSE of Lethem, Guyana",earthquake,4.4,1.9,0.1,31.0,reviewed,us,us
2021-03-25T06:48:17.836Z,10.5215,-62.8521,10.0,4.4,mb,,53.0,1.985,0.77,us,us6000dw98,2021-06-02T15:22:47.040Z,"46 km ESE of Carúpano, Venezuela",earthquake,5.1,2.0,0.24,5.0,reviewed,us,us
2021-03-25T01:57:28.780Z,6.8553,-72.9767,144.38,4.4,mb,,78.0,0.962,0.49,us,us6000dw7r,2021-06-02T15:22:44.040Z,"11 km N of Cepitá, Colombia",earthquake,8.3,8.1,0.041,176.0,reviewed,us,us
2021-03-24T13:07:32.261Z,4.0468,-71.3204,10.0,4.1,mb,,90.0,2.538,0.59,us,us6000dxz7,2021-06-02T15:23:31.040Z,Colombia,earthquake,8.9,2.0,0.261,4.0,reviewed,us,us
2021-03-24T02:11:33.237Z,2.7007,-59.5843,11.11,4.1,mb,,68.0,0.985,0.83,us,us6000dvxw,2021-06-02T15:22:28.040Z,"79 km SSE of Lethem, Guyana",earthquake,4.3,5.5,0.165,10.0,reviewed,us,us
2021-03-23T02:48:43.676Z,7.4372,-71.9324,30.0,4.4,mwr,,92.0,1.913,0.67,us,us6000dvlv,2021-06-02T15:22:17.040Z,"48 km SE of San Cristóbal, Venezuela",earthquake,6.0,4.0,0.086,13.0,reviewed,us,us
2021-03-22T05:55:56.144Z,4.0455,-71.2743,10.0,4.4,mb,,80.0,2.571,1.12,us,us6000dxmb,2021-06-02T15:23:19.040Z,"82 km S of Orocué, Colombia",earthquake,7.5,2.0,0.144,14.0,reviewed,us,us
2021-03-22T04:37:41.986Z,3.9157,-71.3594,10.0,5.0,mww,,31.0,2.608,0.87,us,us7000dliw,2025-12-22T18:54:59.314Z,"91 km ESE of Puerto Gaitán, Colombia",earthquake,6.7,1.8,0.046,45.0,reviewed,us,us
2021-03-21T16:44:41.252Z,6.7799,-72.9547,148.07,4.3,mb,,78.0,0.89,0.64,us,us6000dxfr,2021-06-02T15:23:15.040Z,"3 km NE of Cepitá, Colombia",earthquake,9.1,7.8,0.129,17.0,reviewed,us,us
2021-03-21T15:22:59.969Z,3.943,-71.3508,10.0,4.4,mb,,88.0,2.594,0.34,us,us6000dxfw,2021-06-02T15:23:16.040Z,"90 km ESE of Puerto Gaitán, Colombia",earthquake,8.7,1.9,0.11,24.0,reviewed,us,us
2021-03-21T10:36:02.540Z,6.8481,-72.9508,148.73,4.3,mb,,79.0,0.958,0.77,us,us6000dxf9,2021-06-02T15:23:12.040Z,"10 km NNE of Cepitá, Colombia",earthquake,8.3,9.8,0.218,6.0,reviewed,us,us
2021-03-20T23:46:01.381Z,3.9648,-71.414,15.3,4.9,mb,,57.0,2.536,0.71,us,us7000dlc1,2025-12-22T18:00:28.588Z,"83 km ESE of Puerto Gaitán, Colombia",earthquake,7.7,3.9,0.049,130.0,reviewed,us,us
2021-03-20T17:10:57.985Z,10.2173,-62.6252,30.11,4.3,mb,,96.0,2.128,0.58,us,us6000dwsx,2021-06-02T15:23:07.040Z,"53 km SW of Güiria, Venezuela",earthquake,6.7,8.5,0.143,14.0,reviewed,us,us
2021-03-18T13:07:11.664Z,4.0071,-71.3188,10.0,4.4,mb,,110.0,2.568,0.76,us,us6000dwn7,2021-05-26T22:08:55.040Z,"86 km S of Orocué, Colombia",earthquake,8.3,1.9,0.108,25.0,reviewed,us,us
2021-03-09T08:01:16.518Z,6.879,-72.969,146.4,4.3,mb,,78.0,0.986,0.78,us,us7000dhdg,2021-05-21T19:48:42.040Z,"12 km W of Guaca, Colombia",earthquake,8.8,10.1,0.068,62.0,reviewed,us,us
2021-03-03T06:45:17.990Z,6.8353,-73.0135,149.97,4.4,mb,,37.0,0.939,0.88,us,us7000df2q,2021-05-13T22:41:44.040Z,"9 km NNW of Cepitá, Colombia",earthquake,7.4,7.9,0.048,129.0,reviewed,us,us
2021-02-27T20:16:17.174Z,6.8501,-73.0533,143.81,4.4,mb,,59.0,0.951,0.72,us,us7000dfik,2021-05-13T22:36:50.040Z,"13 km NW of Cepitá, Colombia",earthquake,6.7,7.6,0.134,16.0,reviewed,us,us
2021-02-27T08:30:17.942Z,7.5998,-73.4299,111.0,4.4,mb,,57.0,1.73,1.3,us,us7000dfic,2021-05-13T22:36:17.040Z,"18 km SSW of San Alberto, Colombia",earthquake,5.9,8.7,0.134,16.0,reviewed,us,us
2021-02-23T14:27:39.875Z,6.9172,-73.133,140.54,4.4,mb,,120.0,1.019,0.6,us,us7000ddy0,2021-05-04T14:16:35.040Z,"12 km SW of Piedecuesta, Colombia",earthquake,5.9,8.9,0.061,77.0,reviewed,us,us
2021-02-22T18:00:15.159Z,2.6309,-59.5911,10.67,4.4,mb,,114.0,0.959,1.06,us,us7000ddvx,2021-05-04T14:16:22.040Z,"86 km SSE of Lethem, Guyana",earthquake,4.5,5.5,0.162,11.0,reviewed,us,us
2021-02-22T07:29:56.832Z,6.8919,-73.1569,145.44,4.5,mb,,44.0,0.995,0.69,us,us6000dk12,2021-05-04T14:16:12.040Z,"14 km E of Betulia, Colombia",earthquake,6.9,8.8,0.067,67.0,reviewed,us,us
2021-02-19T18:28:14.842Z,2.7687,-59.6306,15.47,4.1,mb,,113.0,0.965,0.54,us,us6000dks4,2021-05-04T14:15:02.040Z,"70 km SSE of Lethem, Guyana",earthquake,6.5,7.2,0.525,1.0,reviewed,us,us
2021-02-19T04:13:18.273Z,6.605,-73.499,117.51,4.2,mb,,98.0,0.819,0.54,us,us6000dkqy,2021-05-04T14:14:45.040Z,"10 km S of El Carmen de Chucurí, Colombia",earthquake,8.0,5.1,0.16,11.0,reviewed,us,us
2021-02-12T01:57:26.949Z,6.8531,-73.0407,147.02,4.5,mb,,70.0,0.955,1.13,us,us6000dgv4,2021-04-23T21:04:21.040Z,"13 km NW of Cepitá, Colombia",earthquake,8.0,7.1,0.118,21.0,reviewed,us,us
2021-02-11T05:39:36.975Z,6.8276,-73.0564,145.13,4.1,mb,,59.0,0.929,0.56,us,us6000dj4s,2021-04-22T21:53:10.040Z,"11 km NNE of Jordán, Colombia",earthquake,4.7,8.9,0.096,30.0,reviewed,us,us
2021-02-07T22:40:46.836Z,2.6154,-59.5583,10.0,4.3,mb,,41.0,0.987,0.91,us,us6000dh2e,2021-04-22T21:51:13.040Z,"89 km SSE of Lethem, Guyana",earthquake,5.7,1.9,0.177,9.0,reviewed,us,us
2021-02-05T07:53:34.702Z,6.8018,-73.0451,156.28,4.4,mb,,43.0,0.904,1.21,us,us6000dem5,2021-04-22T21:50:19.040Z,"9 km NW of Cepitá, Colombia",earthquake,7.1,7.3,0.097,31.0,reviewed,us,us
2021-02-02T04:26:31.107Z,2.6015,-59.4799,10.0,4.1,mb,,92.0,1.061,0.68,us,us6000dfzd,2021-04-16T19:03:55.040Z,"93 km SSE of Lethem, Guyana",earthquake,6.7,2.0,0.214,6.0,reviewed,us,us
2021-02-01T18:26:19.298Z,12.7969,-71.7962,10.0,4.5,mb,,85.0,1.105,1.13,us,us6000dfw8,2021-04-16T19:03:53.040Z,"130 km NNE of Uribia, Colombia",earthquake,6.2,1.8,0.163,11.0,reviewed,us,us
2021-01-31T19:05:14.367Z,2.6675,-59.5879,5.21,5.5,mww,,25.0,0.972,0.54,us,us6000ddge,2025-12-22T18:49:11.950Z,"82 km SSE of Lethem, Guyana",earthquake,6.2,3.4,0.066,22.0,reviewed,us,us
2021-01-30T05:44:53.501Z,10.5898,-62.5292,103.81,4.6,mb,,136.0,1.756,0.84,us,us6000derm,2021-04-16T19:03:37.040Z,"25 km W of Güiria, Venezuela",earthquake,8.7,14.9,0.192,8.0,reviewed,us,us
2021-01-29T19:23:38.754Z,7.0716,-72.0803,24.39,4.6,mb,,63.0,1.538,0.63,us,us6000dd2a,2021-04-16T19:02:21.040Z,"7 km NNE of Cubará, Colombia",earthquake,2.6,5.5,0.074,57.0,reviewed,us,us
2021-01-19T14:51:18.043Z,6.8519,-73.1146,146.2,4.4,mb,,127.0,0.953,0.62,us,us7000d3qv,2021-03-27T21:06:26.040Z,"13 km N of Jordán, Colombia",earthquake,3.4,8.0,0.154,13.0,reviewed,us,us
2021-01-19T04:29:59.564Z,7.0221,-73.1158,150.93,4.1,mb,,86.0,1.122,0.78,us,us7000d3qi,2021-03-27T21:06:24.040Z,"5 km SW of Floridablanca, Colombia",earthquake,7.5,4.1,0.234,5.0,reviewed,us,us
2021-01-18T17:15:23.244Z,6.8733,-73.0737,154.12,4.3,mb,,82.0,2.366,0.82,us,us7000d3pp,2021-03-27T21:06:21.040Z,"12 km SSW of Piedecuesta, Colombia",earthquake,7.5,8.2,0.118,20.0,reviewed,us,us
2021-01-14T14:45:11.461Z,10.6076,-62.7629,110.14,4.6,mb,,130.0,4.39,0.9,us,us7000d2e5,2021-03-20T21:25:40.040Z,"50 km W of Güiria, Venezuela",earthquake,9.3,6.2,0.068,64.0,reviewed,us,us
2021-01-09T18:34:54.562Z,5.3231,-73.7168,158.64,4.1,mb,,66.0,0.766,1.1,us,us7000d154,2021-03-20T21:23:24.040Z,"1 km NNW of Lenguazaque, Colombia",earthquake,4.1,4.8,0.303,3.0,reviewed,us,us
2021-01-07T04:37:35.909Z,6.8167,-73.0503,149.56,4.6,mb,,40.0,0.918,0.95,us,us6000d6cd,2021-03-13T22:59:42.040Z,"10 km NNE of Jordán, Colombia",earthquake,5.8,5.4,0.032,287.0,reviewed,us,us
2021-01-06T02:35:44.784Z,10.5119,-62.5656,10.0,4.4,mb,,92.0,1.842,1.2,us,us6000d5yt,2021-03-13T22:59:28.040Z,"30 km WSW of Güiria, Venezuela",earthquake,10.2,1.9,0.1,29.0,reviewed,us,us
2020-12-19T06:48:11.622Z,8.5995,-70.5689,11.9,4.7,mb,,65.0,0.289,0.92,us,us7000csd9,2021-02-27T23:26:05.040Z,"24 km SW of Barinitas, Venezuela",earthquake,5.0,4.8,0.076,53.0,reviewed,us,us
2020-12-16T23:32:30.193Z,6.7841,-73.0438,153.59,4.9,mb,,26.0,0.886,0.9,us,us7000crpn,2021-02-27T23:25:04.040Z,"8 km NE of Jordán, Colombia",earthquake,6.2,5.1,0.059,91.0,reviewed,us,us
2020-12-12T01:07:29.133Z,7.9108,-72.6334,187.26,4.5,mb,,37.0,2.054,1.0,us,us7000cqgi,2021-02-20T16:11:24.040Z,"3 km NNW of San Cayetano, Colombia",earthquake,7.5,3.9,0.028,374.0,reviewed,us,us
2020-12-07T22:40:36.876Z,6.8728,-73.095,144.94,4.0,mb,,71.0,0.974,0.87,us,us7000cpv9,2021-02-12T22:41:05.040Z,"13 km SSW of Piedecuesta, Colombia",earthquake,6.9,9.1,0.138,14.0,reviewed,us,us
2020-11-24T14:48:48.464Z,9.7238,-59.8452,10.0,4.5,mb,,117.0,2.98,0.77,us,us7000ckdn,2021-02-03T17:50:08.040Z,"159 km ESE of Rio Claro, Trinidad and Tobago",earthquake,9.2,1.9,0.118,23.0,reviewed,us,us
2020-11-20T23:58:22.546Z,10.4901,-69.1557,10.0,4.6,mb,,38.0,2.154,0.89,us,us6000cr3g,2021-02-03T17:49:48.040Z,"45 km N of Yaritagua, Venezuela",earthquake,6.5,1.8,0.04,188.0,reviewed,us,us
2020-11-20T01:03:50.614Z,6.8537,-73.0993,145.96,4.1,mb,,118.0,0.955,0.98,us,us6000cs0r,2021-02-03T17:50:24.040Z,"13 km N of Jordán, Colombia",earthquake,5.3,6.8,0.116,21.0,reviewed,us,us
2020-11-20T00:57:00.461Z,6.8332,-73.0682,148.74,4.7,mb,,35.0,0.934,0.76,us,us6000cqlc,2021-02-03T17:50:24.040Z,"11 km NNE of Jordán, Colombia",earthquake,6.2,5.5,0.03,346.0,reviewed,us,us
2020-11-16T23:19:53.836Z,6.885,-73.1113,147.53,4.6,mb,,96.0,0.986,0.79,us,us6000cqfa,2021-01-27T17:28:25.040Z,"13 km SSW of Piedecuesta, Colombia",earthquake,7.2,7.4,0.173,10.0,reviewed,us,us
2020-11-06T10:22:48.718Z,6.917,-73.0665,145.81,4.3,mb,,135.0,1.017,0.65,us,us7000cba1,2021-01-23T22:25:31.040Z,"8 km SSW of Piedecuesta, Colombia",earthquake,9.1,9.0,0.066,67.0,reviewed,us,us
2020-11-01T22:18:10.610Z,7.0238,-72.9871,171.26,4.4,mb,,58.0,1.128,0.75,us,us7000cb94,2021-01-18T23:01:58.040Z,"7 km ENE of Piedecuesta, Colombia",earthquake,7.2,7.4,0.218,6.0,reviewed,us,us
2020-10-29T17:39:48.059Z,6.8712,-73.1354,144.54,4.3,mb,,126.0,0.973,0.79,us,us7000c7m3,2021-01-18T23:01:43.040Z,"15 km ENE of Zapatoca, Colombia",earthquake,7.5,7.4,0.094,32.0,reviewed,us,us
2020-10-29T03:57:39.412Z,6.7952,-73.0287,143.71,4.3,mb,,44.0,0.898,0.69,us,us7000c7d3,2021-01-18T23:01:40.040Z,"7 km NW of Cepitá, Colombia",earthquake,6.5,6.2,0.062,73.0,reviewed,us,us
2020-10-22T15:39:13.203Z,6.9731,-73.1719,142.47,4.4,mb,,122.0,1.077,1.19,us,us7000c71b,2021-01-09T20:05:38.040Z,"10 km S of Girón, Colombia",earthquake,6.8,4.9,0.31,3.0,reviewed,us,us
2020-10-17T10:46:12.433Z,10.8341,-63.8009,10.0,4.5,mb,,56.0,4.597,0.41,us,us6000c8z7,2020-12-29T23:07:31.040Z,"15 km SSE of Porlamar, Venezuela",earthquake,8.3,1.9,0.15,13.0,reviewed,us,us
2020-10-13T11:54:17.481Z,10.7936,-63.869,10.0,4.4,mb,,77.0,4.602,1.1,us,us6000c843,2020-12-19T17:22:52.040Z,"18 km S of Porlamar, Venezuela",earthquake,7.7,1.9,0.139,15.0,reviewed,us,us
2020-10-11T13:15:04.213Z,6.7857,-72.9701,153.14,4.8,mb,,59.0,2.35,0.82,us,us6000c8ij,2020-12-19T17:22:54.040Z,"3 km N of Cepitá, Colombia",earthquake,5.1,7.8,0.109,26.0,reviewed,us,us
2020-10-05T06:54:22.066Z,6.8449,-73.0339,148.35,4.2,mb,,99.0,0.947,0.96,us,us6000c71t,2020-12-12T22:28:49.040Z,"11 km NNW of Cepitá, Colombia",earthquake,9.3,8.6,0.124,18.0,reviewed,us,us
2020-10-04T21:32:02.527Z,4.0701,-71.3508,16.69,4.6,mb,,50.0,2.501,0.61,us,us6000c5jq,2020-12-12T22:28:39.040Z,"79 km S of Orocué, Colombia",earthquake,3.1,4.2,0.098,31.0,reviewed,us,us
2020-10-04T19:12:15.585Z,10.9857,-61.5455,55.23,4.8,mb,,84.0,1.144,1.01,us,us6000c5ip,2020-12-12T22:28:39.040Z,"31 km N of Petit Valley, Trinidad and Tobago",earthquake,7.8,5.9,0.035,259.0,reviewed,us,us
2020-09-29T22:05:39.109Z,4.0316,-71.4695,25.25,4.4,mb,,62.0,2.955,0.75,us,us6000c2xu,2020-12-05T21:03:08.040Z,"74 km ESE of Puerto Gaitán, Colombia",earthquake,8.3,4.9,0.072,56.0,reviewed,us,us
2020-09-27T14:21:58.605Z,6.6236,-72.7907,171.49,4.2,mb,,177.0,2.332,0.39,us,us6000c40q,2020-12-05T21:03:10.040Z,"5 km SSE of Molagavita, Colombia",earthquake,11.0,10.7,0.078,46.0,reviewed,us,us
2020-09-19T12:42:26.715Z,6.7621,-72.9752,164.54,4.1,mb,,76.0,2.328,0.31,us,us6000c0hz,2020-11-28T21:31:54.040Z,"0 km N of Cepitá, Colombia",earthquake,9.6,12.1,0.184,8.0,reviewed,us,us
2020-09-13T06:02:15.916Z,6.8111,-73.0107,153.1,4.4,mb,,60.0,2.348,0.6,us,us7000bpfk,2020-11-21T20:10:46.040Z,"7 km NNW of Cepitá, Colombia",earthquake,7.3,8.7,0.088,37.0,reviewed,us,us
2020-09-05T00:57:43.673Z,10.6633,-62.1478,50.17,4.7,mwr,,32.0,1.538,0.95,us,us7000bi87,2020-11-17T19:44:37.040Z,near the coast of Venezuela,earthquake,6.7,4.7,0.075,17.0,reviewed,us,us
2020-09-04T04:58:19.712Z,6.7707,-73.026,157.95,4.4,mb,,41.0,2.306,0.98,us,us7000bhmn,2020-11-17T19:44:33.040Z,"5 km WNW of Cepitá, Colombia",earthquake,7.7,5.8,0.052,105.0,reviewed,us,us
2020-08-22T22:38:23.371Z,6.7594,-72.948,160.93,4.0,mb,,61.0,2.341,1.05,us,us7000be93,2020-10-31T19:06:34.040Z,"2 km E of Cepitá, Colombia",earthquake,7.4,7.2,0.156,11.0,reviewed,us,us
2020-08-17T15:33:34.317Z,10.8245,-62.2776,85.0,4.5,mb,,71.0,1.436,0.81,us,us6000bfzg,2020-10-24T20:08:59.040Z,"27 km N of Güiria, Venezuela",earthquake,5.9,6.7,0.108,25.0,reviewed,us,us
2020-08-15T17:34:12.687Z,6.7766,-73.0629,155.66,4.3,mb,,98.0,2.291,0.82,us,us6000bhr5,2020-10-24T20:09:09.040Z,"6 km NE of Jordán, Colombia",earthquake,8.9,8.9,0.122,19.0,reviewed,us,us
2020-08-15T04:34:02.238Z,6.7784,-73.0629,158.9,4.3,mb,,92.0,2.292,0.92,us,us6000bhqf,2020-10-24T20:09:08.040Z,"6 km NE of Jordán, Colombia",earthquake,9.9,10.4,0.142,14.0,reviewed,us,us
2020-08-14T02:34:37.500Z,4.2369,-73.6232,10.0,4.4,mb,,73.0,0.921,0.97,us,us6000beig,2021-01-23T21:56:25.260Z,"7 km WSW of Restrepo, Colombia",earthquake,5.3,1.8,0.108,25.0,reviewed,us,us
2020-08-11T20:57:08.383Z,6.7127,-72.9893,154.38,4.3,mb,,107.0,2.28,1.03,us,us6000bg1q,2020-10-21T22:04:15.040Z,"3 km ENE of Aratoca, Colombia",earthquake,7.8,5.8,0.108,25.0,reviewed,us,us
2020-08-03T04:28:34.203Z,6.7679,-72.9421,158.46,4.3,mb,,107.0,2.352,1.19,us,us6000bakj,2020-10-10T17:11:19.040Z,"3 km ENE of Cepitá, Colombia",earthquake,8.7,7.2,0.093,33.0,reviewed,us,us
2020-08-02T00:03:45.958Z,10.7529,-62.5634,92.2,4.9,mww,,28.0,1.635,0.78,us,us6000b885,2026-02-28T13:17:19.775Z,"34 km NW of Güiria, Venezuela",earthquake,7.3,3.7,0.075,17.0,reviewed,us,us
2020-07-29T08:04:19.082Z,6.8524,-73.0498,153.81,4.3,mb,,104.0,2.361,0.7,us,us6000b97s,2020-10-10T17:11:14.040Z,"13 km NW of Cepitá, Colombia",earthquake,7.5,9.8,0.109,24.0,reviewed,us,us
2020-07-28T15:46:47.713Z,10.5412,-62.6486,10.0,4.6,mb,,47.0,1.858,1.07,us,us6000b5di,2020-10-03T17:32:29.040Z,"38 km W of Güiria, Venezuela",earthquake,5.5,1.9,0.072,57.0,reviewed,us,us
2020-07-26T09:20:51.515Z,7.851,-67.7659,10.0,4.3,mb,,62.0,3.011,0.41,us,us6000b6sv,2020-10-03T17:32:33.040Z,"32 km W of San Fernando de Apure, Venezuela",earthquake,7.5,2.0,0.267,4.0,reviewed,us,us
2020-07-22T19:21:57.282Z,6.7749,-73.0218,152.11,4.6,mb,,41.0,2.312,0.81,us,us6000b257,2020-10-03T17:32:15.040Z,"5 km WNW of Cepitá, Colombia",earthquake,7.8,6.0,0.029,362.0,reviewed,us,us
2020-07-22T03:16:36.285Z,11.0149,-72.4162,98.7,5.1,mww,,35.0,2.75,0.89,us,us7000assn,2025-12-22T18:38:29.657Z,"25 km SE of Albania, Colombia",earthquake,7.9,4.1,0.047,44.0,reviewed,us,us
2020-07-21T21:40:11.185Z,6.9523,-72.8355,173.3,4.6,mb,,47.0,2.562,1.11,us,us7000asp1,2020-09-26T16:58:44.040Z,"8 km NNE of Guaca, Colombia",earthquake,8.2,6.4,0.028,385.0,reviewed,us,us
2020-07-19T19:26:04.780Z,6.8045,-72.9999,160.01,4.6,mb,,59.0,2.349,1.25,us,us7000arb0,2020-09-26T16:58:39.040Z,"6 km NNW of Cepitá, Colombia",earthquake,8.4,6.3,0.028,378.0,reviewed,us,us
2020-07-13T08:42:09.097Z,9.3742,-69.8594,10.0,4.6,mb,,45.0,0.906,0.71,us,us7000amnl,2020-09-19T20:58:16.040Z,"38 km NNW of Guanare, Venezuela",earthquake,6.8,1.8,0.042,173.0,reviewed,us,us
2020-07-13T01:41:21.084Z,6.8861,-73.1059,151.07,4.2,mb,,155.0,2.36,0.82,us,us7000arnz,2020-09-19T20:58:32.040Z,"12 km SSW of Piedecuesta, Colombia",earthquake,12.2,10.5,0.096,30.0,reviewed,us,us
2020-07-12T15:08:49.349Z,9.4142,-69.8602,10.0,5.1,mww,,43.0,0.928,0.67,us,us7000amar,2025-12-22T18:37:54.989Z,"41 km S of El Tocuyo, Venezuela",earthquake,6.8,1.9,0.083,14.0,reviewed,us,us
2020-07-12T13:36:56.060Z,6.8703,-73.0943,156.06,4.2,mb,,124.0,2.353,0.75,us,us7000aqeq,2020-09-19T20:58:31.040Z,"13 km SSW of Piedecuesta, Colombia",earthquake,9.5,6.8,0.098,29.0,reviewed,us,us
2020-07-11T20:26:43.599Z,6.829,-73.079,151.9,4.6,mb,,48.0,2.326,0.87,us,us7000am18,2020-09-19T20:58:09.040Z,"10 km N of Jordán, Colombia",earthquake,3.2,6.7,0.065,73.0,reviewed,us,us
2020-07-09T20:10:56.738Z,6.7795,-73.0182,156.12,4.3,mb,,59.0,2.318,0.79,us,us7000apit,2020-09-19T20:58:26.040Z,"5 km WNW of Cepitá, Colombia",earthquake,9.6,7.2,0.092,34.0,reviewed,us,us
2020-07-09T03:22:51.274Z,6.786,-72.9901,156.01,4.9,mb,,41.0,2.339,1.02,us,us7000akj8,2020-09-19T20:57:59.040Z,"3 km NNW of Cepitá, Colombia",earthquake,3.2,6.0,0.022,655.0,reviewed,us,us
2020-07-06T11:38:06.518Z,6.9035,-73.1327,152.47,4.2,mb,,71.0,2.362,0.59,us,us7000alf4,2020-09-11T22:14:20.040Z,"13 km SW of Piedecuesta, Colombia",earthquake,7.2,9.4,0.083,40.0,reviewed,us,us
2020-06-26T10:33:48.509Z,11.3321,-70.7841,129.87,4.5,mb,,45.0,2.437,0.72,us,us7000ac0z,2020-09-05T17:35:23.040Z,"71 km WSW of Punta Cardón, Venezuela",earthquake,10.4,2.9,0.042,168.0,reviewed,us,us
2020-06-22T20:02:31.296Z,6.8021,-72.998,151.78,4.2,mb,,105.0,2.348,0.79,us,us7000acbg,2020-08-30T00:01:24.040Z,"5 km NNW of Cepitá, Colombia",earthquake,8.3,10.5,0.374,2.0,reviewed,us,us
2020-06-16T09:56:44.322Z,10.1147,-62.0395,41.56,4.4,mb,,88.0,2.04,0.58,us,us6000acqp,2020-08-22T19:14:56.040Z,"39 km W of Point Fortin, Trinidad and Tobago",earthquake,5.3,9.5,0.114,22.0,reviewed,us,us
2020-06-11T09:39:41.952Z,10.7896,-65.559,10.0,4.4,mb,,33.0,4.053,1.26,us,us6000a9uk,2020-08-22T19:14:44.040Z,"113 km ENE of Guatire, Venezuela",earthquake,4.6,1.7,0.111,23.0,reviewed,us,us
2020-06-09T06:18:28.889Z,6.9545,-73.162,138.61,4.2,mb,,156.0,2.392,0.74,us,us6000acxc,2020-08-18T17:59:09.040Z,"12 km S of Girón, Colombia",earthquake,12.4,20.2,0.265,4.0,reviewed,us,us
2020-05-28T08:52:53.546Z,6.7503,-72.9388,155.03,4.2,mb,,62.0,2.339,1.1,us,us6000a5zr,2020-08-15T20:19:42.040Z,"3 km E of Cepitá, Colombia",earthquake,8.1,7.7,0.159,11.0,reviewed,us,us
2020-05-19T15:04:29.237Z,6.7759,-72.954,163.78,4.2,mb,,59.0,2.351,0.44,us,us6000a01z,2020-08-02T00:28:09.040Z,"3 km NE of Cepitá, Colombia",earthquake,6.1,5.6,0.073,52.0,reviewed,us,us
2020-05-16T19:36:30.779Z,6.705,-72.9513,161.75,4.5,mb,,82.0,2.296,0.89,us,us70009ic3,2020-08-02T00:29:56.040Z,"6 km SSE of Cepitá, Colombia",earthquake,4.1,6.4,0.076,50.0,reviewed,us,us
2020-05-14T18:40:54.018Z,6.9785,-73.1839,149.86,4.2,mb,,126.0,2.402,1.04,us,us70009mjb,2020-08-02T00:31:59.040Z,"10 km S of Girón, Colombia",earthquake,10.6,8.9,0.303,3.0,reviewed,us,us
2020-05-12T15:55:05.640Z,11.6572,-60.7293,45.19,4.1,mb,,119.0,1.02,0.85,us,us70009er2,2020-07-29T22:14:39.040Z,"52 km N of Scarborough, Trinidad and Tobago",earthquake,7.2,5.7,0.26,4.0,reviewed,us,us
2020-05-12T06:48:40.445Z,6.7365,-73.0246,156.4,4.4,mb,,62.0,2.279,0.81,us,us70009el5,2020-07-29T22:14:38.040Z,"4 km N of Aratoca, Colombia",earthquake,8.1,6.4,0.039,189.0,reviewed,us,us
2020-05-09T13:30:07.012Z,10.5671,-62.5639,82.8,4.5,mb,,110.0,1.793,1.1,us,us70009dbc,2020-07-29T22:14:24.040Z,"29 km W of Güiria, Venezuela",earthquake,6.2,7.5,0.128,18.0,reviewed,us,us
2020-05-06T04:42:13.846Z,6.8426,-73.0651,150.7,4.0,mb,,90.0,2.345,0.53,us,us70009fec,2020-07-29T22:14:08.040Z,"12 km NNE of Jordán, Colombia",earthquake,9.4,8.2,0.144,13.0,reviewed,us,us
2020-05-05T16:28:11.641Z,6.8361,-73.0526,153.61,4.7,mb,,104.0,2.346,0.85,us,us70009ese,2020-07-18T21:57:48.040Z,"12 km NNE of Jordán, Colombia",earthquake,10.7,6.0,0.318,3.0,reviewed,us,us
2020-05-04T22:36:51.999Z,10.1513,-60.9651,35.0,4.4,mb,,220.0,2.081,0.69,us,us70009emb,2020-07-18T21:57:47.040Z,"28 km SE of Rio Claro, Trinidad and Tobago",earthquake,6.8,2.0,0.105,26.0,reviewed,us,us
2020-05-04T22:32:13.895Z,10.1568,-60.8916,37.96,4.9,mb,,32.0,2.101,1.21,us,us70009a5p,2020-07-18T21:57:35.040Z,"35 km ESE of Rio Claro, Trinidad and Tobago",earthquake,7.3,6.0,0.027,435.0,reviewed,us,us
2020-04-30T06:47:37.916Z,7.0761,-73.0361,156.35,4.3,mb,,55.0,2.558,0.78,us,us700097ct,2020-07-18T21:57:05.040Z,"5 km ENE of Floridablanca, Colombia",earthquake,8.1,5.0,0.074,52.0,reviewed,us,us
2020-04-26T03:29:34.006Z,4.8926,-72.7887,47.73,4.4,mb,,57.0,1.527,1.0,us,us700097nv,2020-07-11T22:19:27.040Z,"11 km E of Monterrey, Colombia",earthquake,5.3,6.9,0.112,23.0,reviewed,us,us
2020-04-25T15:30:54.918Z,5.0458,-72.6728,50.13,4.7,mb,,56.0,1.654,1.06,us,us60009c8u,2020-07-11T22:19:05.040Z,"8 km ENE of Tauramena, Colombia",earthquake,8.5,8.2,0.113,24.0,reviewed,us,us
2020-04-18T13:41:40.467Z,6.7158,-72.9119,163.06,4.4,mb,,62.0,2.328,0.81,us,us70008zdr,2020-07-09T14:31:25.040Z,"8 km ESE of Cepitá, Colombia",earthquake,3.2,10.4,0.053,103.0,reviewed,us,us
2020-04-12T13:02:43.272Z,8.8577,-72.4176,124.49,4.4,mb,,100.0,4.411,0.56,us,us70008ym1,2020-06-30T14:03:14.040Z,"42 km NE of Tibú, Colombia",earthquake,7.6,7.7,0.138,15.0,reviewed,us,us
2020-04-12T02:41:46.006Z,6.7502,-72.9651,163.67,4.6,mb,,62.0,2.324,1.28,us,us70008uic,2020-06-30T14:03:00.040Z,"1 km ESE of Cepitá, Colombia",earthquake,7.0,8.2,0.03,327.0,reviewed,us,us
2020-04-11T03:34:46.771Z,6.5113,-73.991,59.28,4.3,mb,,122.0,1.687,0.63,us,us70008yja,2020-06-30T14:03:13.040Z,"17 km SSE of Puerto Parra, Colombia",earthquake,10.2,4.3,0.169,10.0,reviewed,us,us
2020-04-10T01:11:56.787Z,6.7079,-72.9393,167.78,4.1,mb,,91.0,2.305,0.61,us,us70008ydx,2020-06-30T14:03:12.040Z,"6 km SE of Cepitá, Colombia",earthquake,11.1,9.4,0.131,16.0,reviewed,us,us
2020-04-07T12:40:45.551Z,6.7669,-73.0082,166.43,4.0,mb,,64.0,2.313,0.89,us,us70008wmh,2020-06-21T00:55:17.040Z,"3 km WNW of Cepitá, Colombia",earthquake,10.1,6.6,0.15,12.0,reviewed,us,us
2020-04-07T03:29:53.210Z,6.8873,-72.9804,151.53,4.5,mb,,128.0,2.428,0.67,us,us70008qd0,2020-06-21T00:55:14.040Z,"13 km SE of Piedecuesta, Colombia",earthquake,15.1,11.3,0.065,69.0,reviewed,us,us
2020-04-07T03:26:51.175Z,11.6591,-61.1271,20.13,5.0,mww,,37.0,0.698,0.7,us,us70008qcr,2025-12-22T18:32:12.144Z,"67 km NW of Scarborough, Trinidad and Tobago",earthquake,6.8,4.2,0.078,16.0,reviewed,us,us
2020-03-31T14:16:28.847Z,6.6873,-72.9791,162.39,4.2,mb,,77.0,2.265,0.4,us,us70008mt2,2020-06-13T18:44:38.040Z,"4 km E of Aratoca, Colombia",earthquake,8.7,8.6,0.096,30.0,reviewed,us,us
2020-03-30T21:32:15.092Z,6.737,-72.9452,161.04,4.2,mb,,108.0,2.325,0.66,us,us70008mnx,2020-06-13T18:44:38.040Z,"3 km ESE of Cepitá, Colombia",earthquake,9.9,7.6,0.141,14.0,reviewed,us,us
2020-03-28T05:55:09.624Z,6.7999,-73.0549,155.01,4.9,mb,,75.0,2.315,1.22,us,us70008hq3,2020-06-13T18:44:38.040Z,"8 km NNE of Jordán, Colombia",earthquake,8.8,7.2,0.077,53.0,reviewed,us,us
2020-03-17T12:52:38.636Z,5.9215,-73.5391,135.52,4.1,mb,,122.0,1.323,0.4,us,us70008gya,2020-05-30T22:17:25.040Z,"3 km WSW of Togüí, Colombia",earthquake,11.9,6.1,0.112,22.0,reviewed,us,us
2020-03-17T02:54:47.709Z,6.7596,-72.9509,156.88,4.3,mb,,46.0,2.34,0.52,us,us70008gxz,2020-05-30T22:17:25.040Z,"2 km ENE of Cepitá, Colombia",earthquake,6.1,6.4,0.16,11.0,reviewed,us,us
2020-03-16T00:09:13.571Z,10.3725,-62.608,27.54,4.9,mb,,31.0,1.983,0.99,us,us60008g99,2020-05-30T22:17:12.040Z,"40 km SW of Güiria, Venezuela",earthquake,6.8,4.1,0.025,516.0,reviewed,us,us
2020-03-15T18:33:38.048Z,0.362,-69.0619,12.64,4.4,mb,,59.0,6.886,1.24,us,us60008g51,2020-05-30T22:17:11.040Z,"163 km SE of Mitú, Colombia",earthquake,8.0,5.1,0.103,30.0,reviewed,us,us
2020-03-06T02:44:51.074Z,10.9573,-62.3295,98.66,4.7,mww,,31.0,1.342,1.08,us,us60008asl,2020-05-23T22:03:21.040Z,"42 km N of Güiria, Venezuela",earthquake,7.3,5.2,0.098,10.0,reviewed,us,us
2020-03-06T02:38:56.633Z,6.7766,-72.9332,160.52,4.6,mb,,38.0,2.364,1.36,us,us60008ask,2020-05-23T22:03:27.040Z,"5 km ENE of Cepitá, Colombia",earthquake,7.7,5.6,0.098,31.0,reviewed,us,us
2020-02-29T02:25:21.428Z,10.5945,-62.4825,94.11,4.6,mb,,66.0,1.73,1.04,us,us600086p9,2020-05-19T22:14:11.040Z,near the coast of Venezuela,earthquake,6.8,6.9,0.062,77.0,reviewed,us,us
2020-02-28T04:48:30.169Z,6.699,-72.9774,158.91,4.2,mb,,47.0,2.276,1.06,us,us600085uj,2020-05-19T22:14:04.040Z,"4 km E of Aratoca, Colombia",earthquake,7.4,7.8,0.078,46.0,reviewed,us,us
2020-02-27T00:49:48.476Z,5.183,-73.5712,155.06,4.1,mb,,80.0,0.819,0.84,us,us600089jg,2020-05-19T22:14:27.040Z,"4 km SE of Villapinzón, Colombia",earthquake,7.2,7.9,0.213,6.0,reviewed,us,us
2020-02-22T10:14:30.853Z,6.2994,-72.0945,10.0,4.5,mb,,79.0,2.645,0.6,us,us70007uqn,2020-05-09T21:41:11.040Z,"27 km NE of Sácama, Colombia",earthquake,8.4,1.9,0.074,53.0,reviewed,us,us
2020-02-21T12:35:45.268Z,6.7795,-72.9879,162.22,4.5,mb,,62.0,2.335,0.83,us,us70007u4y,2020-05-09T21:41:07.040Z,"3 km NNW of Cepitá, Colombia",earthquake,5.0,8.8,0.034,260.0,reviewed,us,us
2020-02-14T01:29:41.493Z,5.5129,-73.3156,5.06,4.5,mb,,65.0,1.201,0.84,us,us70007pt2,2020-05-02T22:09:47.040Z,"2 km NE of Soracá, Colombia",earthquake,7.0,6.1,0.115,22.0,reviewed,us,us
2020-02-12T12:52:28.277Z,12.587,-59.5336,48.56,4.4,mb,,139.0,0.553,0.83,us,us70007t1h,2020-05-02T22:10:26.040Z,"53 km S of Oistins, Barbados",earthquake,9.1,12.7,0.309,3.0,reviewed,us,us
2020-02-09T02:41:12.337Z,6.7729,-72.9888,159.2,4.2,mb,,106.0,2.329,0.77,us,us70007q7d,2020-04-25T22:19:45.040Z,"2 km NW of Cepitá, Colombia",earthquake,4.5,9.6,0.136,15.0,reviewed,us,us
2020-02-04T21:24:55.021Z,10.6582,-61.8575,10.0,3.9,mb,,156.0,1.478,0.92,us,us70007irk,2020-04-18T22:10:26.040Z,"34 km W of Petit Valley, Trinidad and Tobago",earthquake,5.9,2.0,0.364,2.0,reviewed,us,us
2020-02-01T10:26:51.495Z,6.7604,-72.9662,155.42,4.5,mb,,62.0,2.332,0.74,us,us60007m2t,2020-04-18T22:10:09.040Z,"1 km NE of Cepitá, Colombia",earthquake,9.0,9.1,0.036,224.0,reviewed,us,us
2020-01-30T06:33:44.146Z,6.7813,-72.9965,162.56,4.6,mb,,46.0,2.331,1.0,us,us60007jud,2020-04-18T22:09:55.040Z,"3 km NW of Cepitá, Colombia",earthquake,3.8,8.9,0.059,84.0,reviewed,us,us
2020-01-28T04:24:08.365Z,10.2821,-62.2086,39.99,4.8,mb,,62.0,1.917,0.65,us,us60007hxa,2020-04-11T18:21:00.040Z,"34 km SSE of Güiria, Venezuela",earthquake,7.2,5.5,0.033,277.0,reviewed,us,us
2020-01-26T11:05:54.626Z,10.671,-65.4201,10.0,4.0,mb,,52.0,3.968,0.87,us,us60007gv0,2020-04-11T18:20:54.040Z,"99 km NW of Barcelona, Venezuela",earthquake,8.0,2.0,0.298,3.0,reviewed,us,us
2020-01-21T13:05:42.508Z,10.8062,-59.9001,33.63,4.3,mb,,142.0,2.166,0.29,us,us60007lg4,2020-04-08T19:40:06.040Z,"100 km ESE of Scarborough, Trinidad and Tobago",earthquake,10.0,8.1,0.188,8.0,reviewed,us,us
2020-01-14T17:57:08.678Z,6.8007,-73.0241,157.09,4.8,mb,,49.0,2.332,0.84,us,us70006zqu,2020-04-02T21:28:32.040Z,"7 km NW of Cepitá, Colombia",earthquake,7.3,5.4,0.029,362.0,reviewed,us,us
2020-01-12T23:31:10.615Z,6.7526,-73.0103,158.18,4.5,mb,,42.0,2.3,1.26,us,us60007eu4,2020-04-02T21:27:35.040Z,"3 km W of Cepitá, Colombia",earthquake,6.8,3.9,0.078,48.0,reviewed,us,us
2020-01-04T13:52:56.648Z,6.7808,-72.9851,164.34,4.7,mb,,95.0,2.337,0.93,us,us70006upb,2020-03-21T17:13:35.040Z,northern Colombia,earthquake,9.8,7.8,0.03,347.0,reviewed,us,us
2019-12-27T03:20:39.716Z,3.4594,-73.9925,10.0,4.6,mb,,78.0,1.414,1.08,us,us70006rer,2020-03-14T22:24:18.040Z,"8 km SSE of Lejanías, Colombia",earthquake,7.5,1.8,0.056,95.0,reviewed,us,us
2019-12-26T05:03:56.849Z,3.4785,-73.9698,10.0,4.3,mb,,103.0,1.401,0.91,us,us70006xq1,2020-03-14T22:24:36.040Z,"8 km SE of Lejanías, Colombia",earthquake,6.7,2.0,0.201,7.0,reviewed,us,us
2019-12-25T04:28:44.138Z,6.8126,-72.9562,156.27,4.5,mb,,83.0,2.38,0.93,us,us70006xsb,2020-03-14T22:25:01.040Z,"6 km NNE of Cepitá, Colombia",earthquake,9.4,9.4,0.118,21.0,reviewed,us,us
2019-12-25T02:11:23.210Z,3.419,-73.9867,10.0,5.0,mb,,65.0,1.455,0.78,us,us70006qsp,2020-03-14T22:25:05.040Z,"7 km ENE of Mesetas, Colombia",earthquake,6.4,1.8,0.048,142.0,reviewed,us,us
2019-12-24T19:11:01.700Z,3.542,-73.9247,10.0,5.1,mb,,54.0,1.353,0.94,us,us70006x57,2025-12-22T19:05:21.825Z,"11 km E of Lejanías, Colombia",earthquake,8.1,1.8,0.082,55.0,reviewed,us,us
2019-12-21T15:45:23.608Z,6.7991,-73.0086,153.68,4.2,mb,,60.0,0.903,1.25,us,us70006x1b,2020-03-07T17:48:03.040Z,"6 km NW of Cepitá, Colombia",earthquake,6.6,8.0,0.264,4.0,reviewed,us,us
2019-12-08T04:39:58.262Z,6.7551,-72.9621,150.42,4.3,mb,,71.0,0.865,1.05,us,us60006r9u,2020-02-29T19:52:59.040Z,"1 km E of Cepitá, Colombia",earthquake,8.1,7.4,0.201,7.0,reviewed,us,us
2019-11-28T00:54:24.273Z,10.6519,-62.5714,108.93,4.4,mb,,86.0,1.724,0.85,us,us60006pda,2020-02-19T18:57:55.040Z,"30 km WNW of Güiria, Venezuela",earthquake,9.5,8.4,0.148,13.0,reviewed,us,us
2019-11-22T15:05:09.491Z,10.8756,-71.3001,10.0,3.6,ml,,166.0,2.085,0.61,us,us70006c3w,2020-02-14T22:02:14.040Z,"41 km NE of Maracaibo, Venezuela",earthquake,7.7,2.0,0.181,4.0,reviewed,us,us
2019-11-19T00:10:45.953Z,12.4069,-60.2615,58.19,4.7,mb,,114.0,1.002,0.51,us,us700069ps,2020-02-14T22:02:04.040Z,"104 km SW of Bridgetown, Barbados",earthquake,5.6,7.9,0.038,207.0,reviewed,us,us
2019-11-13T16:07:36.636Z,10.963,-61.9952,81.01,4.2,mb,,92.0,1.209,0.97,us,us70006aji,2020-02-07T20:20:39.040Z,"54 km NE of Güiria, Venezuela",earthquake,10.0,9.2,0.372,2.0,reviewed,us,us
2019-11-08T08:11:17.773Z,10.6489,-62.0307,51.04,4.6,mb,,81.0,1.519,1.0,us,us60006924,2020-02-01T23:21:56.040Z,"30 km ENE of Güiria, Venezuela",earthquake,7.3,8.4,0.111,24.0,reviewed,us,us
2019-11-05T16:04:50.773Z,6.7317,-73.0004,155.0,4.3,mb,,91.0,0.837,0.56,us,us700063ei,2020-02-01T23:21:37.040Z,"3 km SW of Cepitá, Colombia",earthquake,5.9,5.7,0.103,27.0,reviewed,us,us
2019-10-23T12:29:14.754Z,6.8341,-73.0033,151.29,4.4,mb,,35.0,0.938,0.96,us,us70005xmv,2020-01-11T21:26:28.040Z,"9 km NNW of Cepitá, Colombia",earthquake,6.7,5.6,0.045,140.0,reviewed,us,us
2019-10-14T19:28:19.427Z,10.5098,-62.4466,92.9,4.9,mb,,137.0,1.79,0.76,us,us70005u58,2019-12-28T20:46:02.040Z,"17 km WSW of Güiria, Venezuela",earthquake,8.5,7.9,0.103,30.0,reviewed,us,us
2019-10-09T03:14:02.291Z,6.7757,-72.9948,155.82,4.3,mb,,77.0,0.881,0.67,us,us70005sf9,2019-12-28T20:45:56.040Z,"3 km NW of Cepitá, Colombia",earthquake,7.9,6.2,0.076,49.0,reviewed,us,us
2019-09-29T11:19:59.671Z,11.9723,-73.6923,10.0,4.9,mww,,68.0,0.958,1.2,us,us70005ngk,2019-12-20T19:03:43.040Z,"87 km NNW of Dibulla, Colombia",earthquake,6.0,1.9,0.075,17.0,reviewed,us,us
2019-09-22T00:36:45.031Z,6.7979,-73.0169,157.95,4.9,mb,,35.0,0.901,0.86,us,us60005lvz,2019-12-10T17:27:02.040Z,"6 km NW of Cepitá, Colombia",earthquake,6.6,7.1,0.053,111.0,reviewed,us,us
2019-09-14T04:06:22.079Z,6.7638,-72.9877,153.57,4.2,mb,,66.0,0.87,0.63,us,us70005g8v,2019-12-05T18:31:04.040Z,"1 km NW of Cepitá, Colombia",earthquake,8.2,8.8,0.07,58.0,reviewed,us,us
2019-09-11T17:44:27.448Z,6.859,-73.0785,147.99,4.2,mb,,78.0,0.96,0.74,us,us60005l0w,2019-12-05T18:30:50.040Z,"14 km N of Jordán, Colombia",earthquake,5.7,9.4,0.236,7.0,reviewed,us,us
2019-09-09T18:05:17.123Z,10.5125,-64.4206,10.0,5.4,mww,,29.0,3.154,0.71,us,us70005drn,2025-12-22T18:16:11.834Z,"26 km WNW of Cumaná, Venezuela",earthquake,6.9,1.8,0.047,44.0,reviewed,us,us
2019-08-28T01:35:41.595Z,10.2358,-67.8911,17.75,4.4,mb,,50.0,1.292,1.05,us,us700058zw,2019-11-15T17:19:00.040Z,"1 km NW of Guacara, Venezuela",earthquake,6.2,5.3,0.149,13.0,reviewed,us,us
2019-08-24T15:49:23.704Z,10.3733,-69.2849,10.0,4.1,mb,,57.0,1.876,1.34,us,us700057v3,2019-11-08T22:13:46.040Z,"35 km NNE of Barquisimeto, Venezuela",earthquake,3.9,2.0,0.213,6.0,reviewed,us,us
2019-08-19T10:45:31.651Z,10.4978,-62.6845,10.0,4.6,mb,,86.0,1.913,0.91,us,us600056xy,2019-11-02T15:26:17.040Z,"43 km WSW of Güiria, Venezuela",earthquake,7.8,1.9,0.091,36.0,reviewed,us,us
2019-08-18T13:45:56.569Z,6.8157,-72.9968,160.89,4.2,mb,,106.0,0.921,0.73,us,us700058g4,2019-11-02T15:26:24.040Z,"7 km NNW of Cepitá, Colombia",earthquake,7.9,8.8,0.167,10.0,reviewed,us,us
2019-08-17T11:02:26.066Z,8.6771,-61.132,10.0,4.3,mb,,93.0,3.471,0.96,us,us600056e5,2019-11-02T15:26:11.040Z,"109 km ESE of Tucupita, Venezuela",earthquake,8.1,1.9,0.129,17.0,reviewed,us,us
2019-08-11T11:00:09.768Z,6.7753,-72.976,149.39,4.5,mb,,66.0,0.883,0.75,us,us600053pi,2019-10-29T20:33:59.040Z,"2 km N of Cepitá, Colombia",earthquake,8.4,8.3,0.096,32.0,reviewed,us,us
2019-08-07T20:39:05.213Z,6.8251,-73.0014,154.03,4.3,mb,,119.0,0.93,0.9,us,us600055gq,2019-10-29T20:33:41.040Z,"8 km NNW of Cepitá, Colombia",earthquake,9.3,7.7,0.533,1.0,reviewed,us,us
2019-08-04T16:46:49.003Z,6.8016,-72.9363,149.53,4.5,mb,,81.0,0.914,0.79,us,us600050kq,2019-10-19T21:42:10.040Z,"6 km NE of Cepitá, Colombia",earthquake,8.5,6.8,0.072,56.0,reviewed,us,us
2019-08-03T11:06:16.644Z,6.7475,-72.963,158.92,4.1,mb,,91.0,0.857,0.8,us,us6000504r,2019-10-19T21:42:07.040Z,"1 km ESE of Cepitá, Colombia",earthquake,6.0,8.6,0.117,20.0,reviewed,us,us
2019-08-02T00:07:43.705Z,6.8896,-73.0482,141.75,4.3,mb,,108.0,0.991,0.78,us,us600052u6,2019-10-19T21:42:19.040Z,"10 km S of Piedecuesta, Colombia",earthquake,7.0,8.7,0.104,26.0,reviewed,us,us
2019-08-01T18:12:10.979Z,6.7727,-72.9539,156.19,4.2,mb,,102.0,0.883,0.58,us,us60004ypr,2019-10-19T21:42:03.040Z,"3 km NE of Cepitá, Colombia",earthquake,9.1,8.7,0.093,32.0,reviewed,us,us
2019-07-22T10:00:33.012Z,8.7571,-71.3161,33.29,4.4,mb,,62.0,0.685,1.36,us,us70004qeu,2019-10-04T16:37:36.040Z,"24 km NNW of Ejido, Venezuela",earthquake,3.3,6.0,0.078,47.0,reviewed,us,us
2019-07-15T03:49:54.119Z,6.815,-73.012,148.53,4.4,mb,,44.0,0.919,0.96,us,us70004kbz,2019-09-28T20:01:24.040Z,"7 km NNW of Cepitá, Colombia",earthquake,3.5,6.6,0.046,139.0,reviewed,us,us
2019-07-14T16:21:42.415Z,6.043,-73.1646,175.58,4.3,mb,,86.0,0.17,0.63,us,us70004k4j,2019-09-28T20:01:23.040Z,"12 km SW of Encino, Colombia",earthquake,8.8,4.5,0.046,135.0,reviewed,us,us
2019-07-13T02:39:02.626Z,10.0982,-73.132,130.36,4.6,mb,,72.0,1.508,1.31,us,us70004jg6,2019-09-28T20:01:17.040Z,"13 km ENE of Agustín Codazzi, Colombia",earthquake,7.9,7.3,0.033,284.0,reviewed,us,us
2019-07-03T07:40:08.833Z,6.8198,-73.106,153.8,4.5,mb,,63.0,0.921,1.19,us,us7000494j,2019-09-26T14:30:05.040Z,"9 km N of Jordán, Colombia",earthquake,8.4,8.2,0.034,249.0,reviewed,us,us
2019-06-24T00:30:41.412Z,8.7699,-73.3396,126.4,4.4,mb,,139.0,2.676,1.03,us,us600044z0,2019-09-11T15:19:39.040Z,"31 km NNE of El Carmen, Colombia",earthquake,14.5,11.6,0.077,49.0,reviewed,us,us
2019-06-18T11:28:23.210Z,10.8382,-62.4158,77.61,4.4,mb,,117.0,1.487,0.96,us,us600042e3,2019-09-11T15:19:07.040Z,"31 km NNW of Güiria, Venezuela",earthquake,7.6,6.0,0.084,41.0,reviewed,us,us
2019-06-16T16:18:35.241Z,6.7518,-72.9741,154.59,4.2,mb,,62.0,0.86,0.58,us,us600041eu,2019-09-06T14:25:14.040Z,"0 km S of Cepitá, Colombia",earthquake,7.7,7.5,0.059,80.0,reviewed,us,us
2019-06-09T19:43:17.036Z,6.8764,-73.0401,135.34,4.7,mb,,64.0,0.978,1.09,us,us70003xh9,2019-08-27T17:48:01.040Z,"12 km S of Piedecuesta, Colombia",earthquake,8.5,6.7,0.048,131.0,reviewed,us,us
2019-06-07T10:59:07.448Z,6.5335,-73.0598,185.75,4.1,mb,,88.0,2.095,0.71,us,us70003wnm,2019-08-27T17:47:46.040Z,"7 km S of Curití, Colombia",earthquake,13.9,7.4,0.052,100.0,reviewed,us,us
2019-05-31T19:29:07.979Z,10.6905,-62.5334,67.6,4.6,mb,,132.0,1.672,0.65,us,us70003tvh,2019-08-24T21:17:40.040Z,"28 km WNW of Güiria, Venezuela",earthquake,9.4,7.8,0.194,8.0,reviewed,us,us
2019-05-25T15:13:36.186Z,6.8325,-73.0636,151.32,4.2,mb,,83.0,0.934,1.29,us,us60003s3s,2019-08-13T14:30:36.040Z,"11 km NNE of Jordán, Colombia",earthquake,8.8,9.5,0.079,45.0,reviewed,us,us
2019-05-14T08:00:10.484Z,10.9719,-72.3079,102.51,4.4,mb,,66.0,1.891,0.83,us,us70003kuu,2019-08-07T22:03:33.040Z,"37 km SE of Albania, Colombia",earthquake,7.3,7.2,0.053,104.0,reviewed,us,us
2019-05-12T07:28:08.579Z,3.9341,-73.9292,10.0,4.5,mb,,65.0,0.985,1.14,us,us70003jzm,2019-08-01T17:15:13.040Z,"18 km NNW of Cubarral, Colombia",earthquake,5.7,1.9,0.087,39.0,reviewed,us,us
2019-05-11T09:56:46.040Z,6.8258,-72.9874,147.27,4.3,mb,,74.0,0.932,0.66,us,us70003mm5,2019-08-01T17:15:22.040Z,"8 km N of Cepitá, Colombia",earthquake,7.7,10.0,0.153,12.0,reviewed,us,us
2019-05-06T14:32:28.397Z,7.1364,-72.1693,36.16,4.5,mb,,101.0,1.533,0.54,us,us70003llx,2019-07-25T18:54:26.040Z,"16 km NNW of Cubará, Colombia",earthquake,6.7,8.8,0.108,25.0,reviewed,us,us
2019-04-30T13:11:27.942Z,6.7377,-72.9229,160.23,4.3,mb,,64.0,0.854,0.58,us,us70003ekn,2019-07-25T18:54:02.040Z,"5 km ESE of Cepitá, Colombia",earthquake,9.2,6.6,0.051,107.0,reviewed,us,us
2019-04-29T02:44:20.622Z,6.8466,-72.9779,145.68,4.1,mb,,58.0,0.953,0.73,us,us70003dpn,2019-07-13T18:42:50.040Z,"10 km N of Cepitá, Colombia",earthquake,5.9,6.4,0.077,46.0,reviewed,us,us
2019-04-28T17:48:22.052Z,9.305,-63.0678,23.34,4.9,mww,,80.0,3.134,1.2,us,us70003dgt,2019-07-13T18:42:49.040Z,"50 km SSE of Maturín, Venezuela",earthquake,3.5,4.3,0.089,12.0,reviewed,us,us
2019-04-27T06:49:50.341Z,6.8591,-73.0333,154.61,4.5,mb,,133.0,0.961,0.53,us,us70003cw3,2019-07-13T18:42:43.040Z,"13 km NNW of Cepitá, Colombia",earthquake,11.5,12.9,0.075,52.0,reviewed,us,us
2019-04-17T10:23:56.778Z,5.2349,-73.5971,158.21,4.2,mb,,87.0,0.818,1.19,us,us70003cd0,2019-06-26T20:54:47.040Z,"2 km N of Villapinzón, Colombia",earthquake,5.0,6.4,0.186,9.0,reviewed,us,us
2019-04-16T08:40:48.043Z,10.246,-67.9409,10.0,3.5,mb_lg,,78.0,1.298,0.7,us,us700036xr,2019-06-26T20:54:42.040Z,"7 km WNW of Guacara, Venezuela",earthquake,4.6,2.0,0.255,4.0,reviewed,us,us
2019-04-15T08:55:14.135Z,6.8341,-73.0238,150.87,4.1,mb,,92.0,0.937,0.75,us,us70003bdb,2019-06-20T19:03:41.040Z,"10 km NNW of Cepitá, Colombia",earthquake,7.7,4.7,0.075,48.0,reviewed,us,us
2019-04-08T02:07:34.647Z,6.8088,-73.0399,151.76,4.4,mb,,42.0,0.911,1.03,us,us2000kc2d,2019-06-18T15:50:50.040Z,"9 km NW of Cepitá, Colombia",earthquake,3.1,5.8,0.042,164.0,reviewed,us,us
2019-03-21T18:38:57.208Z,6.8116,-72.8719,151.62,4.3,mb,,96.0,0.936,0.48,us,us1000jjx4,2019-06-06T18:54:12.040Z,"2 km W of San Andrés, Colombia",earthquake,9.8,7.6,0.168,10.0,reviewed,us,us
2019-03-17T07:49:11.557Z,10.0494,-72.5531,153.18,4.3,mb,,63.0,1.981,1.0,us,us1000jhcf,2019-06-01T21:24:21.040Z,"1 km S of Machiques, Venezuela",earthquake,7.5,8.5,0.044,143.0,reviewed,us,us
2019-03-09T23:33:42.340Z,4.9707,-73.0395,10.0,4.4,mb,,66.0,0.917,0.99,us,us1000jif9,2019-05-24T21:21:42.040Z,"9 km SE of Campohermoso, Colombia",earthquake,5.1,1.8,0.179,9.0,reviewed,us,us
2019-03-09T16:28:20.620Z,12.2611,-69.9253,10.0,2.9,mb_lg,,100.0,0.949,0.78,us,us1000jdca,2019-05-24T21:21:28.040Z,"69 km NNE of Punto Fijo, Venezuela",earthquake,3.1,2.0,0.255,4.0,reviewed,us,us
2019-03-08T04:32:03.670Z,6.8063,-73.0291,150.05,4.3,mb,,77.0,0.908,1.33,us,us1000jgmj,2019-05-24T21:21:40.040Z,"8 km NW of Cepitá, Colombia",earthquake,8.8,5.6,0.147,13.0,reviewed,us,us
2019-03-06T00:12:15.950Z,10.7306,-61.3813,52.78,4.4,mb,,52.0,1.418,1.06,us,us1000jb23,2019-05-24T21:21:07.040Z,"8 km N of Tunapuna, Trinidad and Tobago",earthquake,3.3,8.0,0.07,59.0,reviewed,us,us
2019-03-05T17:52:34.670Z,6.6645,-72.911,163.72,4.4,mb,,90.0,0.785,1.03,us,us1000jfj4,2019-05-24T21:21:36.040Z,northern Colombia,earthquake,8.8,7.1,0.13,17.0,reviewed,us,us
2019-02-27T05:13:14.490Z,12.8366,-60.6748,70.08,4.4,mb,,46.0,1.129,0.94,us,us2000jpe2,2019-05-14T18:36:32.040Z,"63 km ESE of Port Elizabeth, Saint Vincent and the Grenadines",earthquake,4.9,7.6,0.11,24.0,reviewed,us,us
2019-02-10T22:52:53.750Z,10.24,-62.3438,10.0,4.6,mb,,103.0,1.998,0.89,us,us2000jg41,2019-04-25T15:32:06.040Z,"37 km S of Güiria, Venezuela",earthquake,6.6,1.9,0.069,63.0,reviewed,us,us
2019-02-06T00:34:22.470Z,6.8571,-72.9948,149.88,4.4,mb,,76.0,0.961,0.87,us,us2000jdz7,2022-08-08T12:02:43.541Z,"11 km N of Cepitá, Colombia",earthquake,8.6,6.5,0.051,111.0,reviewed,us,us
2019-01-29T07:33:23.340Z,10.2713,-67.9453,18.55,4.1,mb,,81.0,1.323,0.56,us,us2000jhd3,2019-04-18T19:09:40.040Z,"9 km WNW of Guacara, Venezuela",earthquake,6.1,5.4,0.368,2.0,reviewed,us,us
2019-01-24T03:04:57.770Z,6.7506,-73.0062,159.2,5.2,mb,,62.0,2.301,0.69,us,us2000j832,2019-04-12T17:14:29.040Z,"3 km W of Cepitá, Colombia",earthquake,7.5,6.5,0.028,433.0,reviewed,us,us
2019-01-23T10:44:48.800Z,10.6804,-62.9008,107.78,4.5,mb,,92.0,1.891,0.76,us,us2000j7rh,2019-04-12T17:14:13.040Z,"38 km E of Carúpano, Venezuela",earthquake,8.3,7.6,0.135,16.0,reviewed,us,us
2019-01-22T15:00:49.430Z,6.7852,-72.9828,157.0,4.4,mb,,101.0,0.891,0.64,us,us2000je34,2019-04-12T17:16:26.040Z,"3 km NNW of Cepitá, Colombia",earthquake,9.5,8.6,0.155,12.0,reviewed,us,us
2019-01-22T11:10:32.160Z,6.7516,-72.9118,163.39,4.4,mb,,86.0,2.356,0.67,us,us2000j76k,2019-04-12T17:13:53.040Z,"6 km E of Cepitá, Colombia",earthquake,5.5,8.7,0.044,149.0,reviewed,us,us
2019-01-15T06:25:53.000Z,10.4999,-63.1354,10.0,4.5,mb,,64.0,2.177,0.62,us,us2000j41e,2019-04-05T21:40:58.040Z,"22 km SE of Carúpano, Venezuela",earthquake,6.4,1.9,0.059,84.0,reviewed,us,us
2019-01-15T04:59:24.250Z,10.4753,-63.0995,10.0,4.9,mb,,64.0,2.173,0.5,us,us2000j40z,2019-04-05T21:40:58.040Z,"26 km SE of Carúpano, Venezuela",earthquake,7.9,1.9,0.04,194.0,reviewed,us,us
2019-01-10T02:04:22.540Z,8.4648,-73.3433,128.95,4.6,mb,,78.0,2.568,0.94,us,us2000j8tk,2019-04-02T20:53:25.040Z,"9 km NNE of González, Colombia",earthquake,4.9,9.4,0.122,20.0,reviewed,us,us
2019-01-07T17:41:46.230Z,10.4629,-63.0537,10.0,4.8,mb,,71.0,2.153,0.56,us,us2000j15k,2019-03-08T17:50:19.040Z,"31 km SE of Carúpano, Venezuela",earthquake,5.3,1.9,0.068,66.0,reviewed,us,us
2019-01-07T17:39:51.220Z,10.4078,-63.1155,10.0,4.3,mb,,76.0,2.234,0.64,us,us2000j8ay,2019-03-08T17:50:23.040Z,"32 km SSE of Carúpano, Venezuela",earthquake,5.7,1.9,0.267,4.0,reviewed,us,us
2019-01-07T10:21:14.580Z,10.5128,-63.2327,10.0,4.4,mb,,118.0,2.233,1.22,us,us2000j11v,2019-03-08T17:50:18.040Z,"17 km S of Carúpano, Venezuela",earthquake,3.7,2.0,0.112,23.0,reviewed,us,us
2019-01-07T05:08:04.910Z,10.4888,-63.164,20.48,4.6,mb,,64.0,2.204,1.06,us,us2000j0zl,2019-03-08T17:50:18.040Z,"21 km SSE of Carúpano, Venezuela",earthquake,5.9,5.2,0.056,96.0,reviewed,us,us
2019-01-04T14:32:57.510Z,10.9342,-61.37,10.0,4.9,ml,,84.0,1.222,1.26,us,us2000j0qg,2019-03-08T17:50:17.040Z,"31 km N of Paradise, Trinidad and Tobago",earthquake,5.4,2.0,0.256,2.0,reviewed,us,us
2018-12-28T08:51:32.530Z,6.6657,-72.931,162.42,4.5,mb,,62.0,0.782,0.64,us,us2000iykc,2019-03-05T17:46:36.040Z,"10 km ESE of Aratoca, Colombia",earthquake,8.8,8.0,0.08,46.0,reviewed,us,us
2018-12-27T09:24:20.600Z,10.2521,-67.9488,10.0,4.9,mb,,35.0,1.303,0.7,us,us2000iy16,2023-03-11T02:15:33.291Z,"8 km WNW of Guacara, Venezuela",earthquake,7.2,1.9,0.039,212.0,reviewed,us,us
2018-12-27T09:13:00.040Z,10.3201,-67.8486,10.0,4.2,mb,,94.0,1.381,0.29,us,us2000j44m,2019-03-05T17:46:35.040Z,"8 km NW of San Joaquín, Venezuela",earthquake,4.9,2.0,0.237,5.0,reviewed,us,us
2018-12-27T08:59:11.240Z,10.2636,-67.9035,8.0,5.4,mww,,58.0,1.318,0.65,us,us2000iy0q,2022-05-03T19:42:59.914Z,"5 km NW of Guacara, Venezuela",earthquake,5.7,1.8,0.045,47.0,reviewed,us,us
2018-12-24T19:08:21.200Z,10.3076,-62.6054,10.0,4.5,mb,,71.0,2.039,0.46,us,us2000ix7i,2019-03-05T17:46:32.040Z,"44 km SW of Güiria, Venezuela",earthquake,7.6,1.9,0.077,49.0,reviewed,us,us
2018-12-21T15:48:08.160Z,6.6876,-72.8824,193.8,4.5,mb,,79.0,2.323,0.71,us,us2000j20z,2019-02-23T20:23:19.040Z,"8 km W of Molagavita, Colombia",earthquake,9.2,12.2,0.192,8.0,reviewed,us,us
2018-12-20T09:16:51.020Z,4.5507,-73.3727,10.0,4.5,mb,,67.0,0.989,1.37,us,us2000ivat,2019-02-23T20:21:40.040Z,"5 km NNW of Medina, Colombia",earthquake,6.6,2.0,0.164,11.0,reviewed,us,us
2018-12-14T12:41:21.340Z,10.6072,-69.4305,10.0,4.6,mb,,70.0,1.63,0.61,us,us2000ivch,2019-02-16T22:29:08.040Z,"60 km N of Barquisimeto, Venezuela",earthquake,6.4,1.9,0.151,13.0,reviewed,us,us
2018-12-13T09:28:17.900Z,5.018,-73.0393,10.0,4.8,mb,,40.0,1.288,1.17,us,us2000it6l,2022-05-03T19:41:15.576Z,"7 km ESE of Campohermoso, Colombia",earthquake,7.5,1.9,0.043,164.0,reviewed,us,us
2018-12-05T09:33:01.410Z,10.5035,-68.6432,10.0,4.7,mb,,40.0,1.659,0.79,us,us1000i2ms,2019-02-16T19:52:22.040Z,"21 km NNE of San Felipe, Venezuela",earthquake,5.3,1.8,0.063,76.0,reviewed,us,us
2018-11-29T05:31:55.740Z,6.7467,-72.9588,162.65,4.6,mb,,62.0,2.325,0.72,us,us1000hxs5,2019-02-09T19:02:11.040Z,"1 km ESE of Cepitá, Colombia",earthquake,8.5,9.4,0.035,239.0,reviewed,us,us
2018-11-28T15:00:06.820Z,9.3617,-70.6608,7.46,4.6,mb,,46.0,0.475,0.98,us,us1000hxfy,2022-08-08T10:21:50.972Z,"7 km NW of Valera, Venezuela",earthquake,5.2,3.2,0.069,62.0,reviewed,us,us
2018-11-27T13:10:54.460Z,6.8501,-72.5916,170.71,4.3,mb,,110.0,1.069,0.4,us,us1000hyei,2019-02-09T19:02:12.040Z,"11 km E of Cerrito, Colombia",earthquake,10.8,11.3,0.237,5.0,reviewed,us,us
2018-11-24T20:41:13.360Z,9.3095,-70.6681,18.92,5.2,mww,,22.0,0.424,0.78,us,us1000hw7f,2022-05-03T19:39:40.369Z,"7 km W of Valera, Venezuela",earthquake,5.5,3.2,0.046,45.0,reviewed,us,us
2018-11-22T15:11:28.230Z,10.3417,-62.182,24.57,4.7,mb,,85.0,1.853,0.71,us,us1000hvfd,2019-02-02T20:02:28.040Z,"29 km SSE of Güiria, Venezuela",earthquake,7.7,6.5,0.082,46.0,reviewed,us,us
2018-11-20T16:55:22.150Z,6.7308,-72.9062,164.6,4.1,mb,,69.0,2.343,0.56,us,us1000hx42,2019-02-02T20:02:31.040Z,"7 km ESE of Cepitá, Colombia",earthquake,9.2,8.9,0.112,22.0,reviewed,us,us
2018-11-20T12:37:45.640Z,11.2634,-70.593,10.0,4.4,mb,,70.0,1.359,0.67,us,us1000hx3v,2019-02-02T20:02:31.040Z,"60 km SW of Punta Cardón, Venezuela",earthquake,3.9,1.9,0.084,41.0,reviewed,us,us
2018-11-17T20:13:45.800Z,8.5209,-71.9439,10.0,4.1,mb,,91.0,1.344,0.98,us,us1000hvv6,2019-01-30T18:36:28.040Z,"33 km WSW of El Vigía, Venezuela",earthquake,7.1,1.9,0.185,8.0,reviewed,us,us
2018-11-15T02:51:22.300Z,6.7828,-73.0085,159.16,4.1,mb,,66.0,2.326,0.62,us,us1000hvgw,2019-01-30T18:36:27.040Z,"4 km NW of Cepitá, Colombia",earthquake,9.6,9.6,0.093,32.0,reviewed,us,us
2018-11-09T11:11:59.230Z,6.4397,-72.668,190.13,4.3,mb,,101.0,2.284,1.0,us,us1000hsrb,2019-01-21T16:42:53.040Z,"3 km NE of Tipacoque, Colombia",earthquake,8.9,10.5,0.1,28.0,reviewed,us,us
2018-11-03T01:13:37.980Z,10.327,-62.1736,23.62,4.5,mb,,50.0,1.865,1.05,us,us2000i69x,2019-01-21T14:29:45.040Z,"30 km SSE of Güiria, Venezuela",earthquake,7.3,6.7,0.131,17.0,reviewed,us,us
2018-10-30T23:32:38.700Z,10.2026,-62.3772,42.95,4.4,mb,,146.0,2.044,0.86,us,us2000i7kv,2019-01-21T14:29:40.040Z,"42 km SSW of Güiria, Venezuela",earthquake,8.9,11.3,0.079,46.0,reviewed,us,us
2018-10-28T22:58:08.090Z,10.2472,-69.0842,20.33,4.4,mb,,75.0,1.654,0.85,us,us1000hibg,2022-08-08T09:34:01.211Z,"18 km NNE of Yaritagua, Venezuela",earthquake,3.3,9.4,0.378,2.0,reviewed,us,us
2018-10-28T15:36:11.340Z,10.8595,-62.3144,85.26,4.6,mb,,118.0,1.421,0.64,us,us1000hi8l,2019-01-10T17:18:41.040Z,"31 km N of Güiria, Venezuela",earthquake,8.6,8.1,0.119,21.0,reviewed,us,us
2018-10-25T15:56:59.550Z,10.2813,-62.3909,10.0,4.9,mww,,47.0,1.976,0.93,us,us1000hh4e,2019-01-10T17:18:37.040Z,"34 km SSW of Güiria, Venezuela",earthquake,7.4,1.9,0.093,11.0,reviewed,us,us
2018-10-25T05:25:59.840Z,5.1271,-72.5868,47.89,4.4,mb,,69.0,4.205,0.77,us,us1000hgvg,2019-01-10T17:18:35.040Z,"6 km SW of Aguazul, Colombia",earthquake,8.3,11.5,0.086,39.0,reviewed,us,us
2018-10-23T10:43:41.130Z,6.7716,-72.9271,162.13,4.4,mb,,62.0,2.363,0.82,us,us1000hg2l,2019-01-10T17:18:34.040Z,"5 km ENE of Cepitá, Colombia",earthquake,8.1,7.4,0.045,140.0,reviewed,us,us
2018-10-23T03:37:11.590Z,10.1339,-62.4101,24.3,4.6,mb,,74.0,2.12,0.85,us,us1000hh3s,2019-01-10T17:18:36.040Z,"50 km SSW of Güiria, Venezuela",earthquake,8.6,8.1,0.088,38.0,reviewed,us,us
2018-10-23T03:32:58.600Z,10.2624,-62.4297,23.89,4.9,mb,,49.0,2.008,0.79,us,us1000hfxj,2019-01-10T17:18:34.040Z,near the coast of Venezuela,earthquake,5.9,4.1,0.027,441.0,reviewed,us,us
2018-10-21T16:35:11.680Z,11.3071,-59.8631,22.27,5.1,mww,,40.0,1.849,0.89,us,us1000hfaa,2025-12-22T17:51:44.850Z,"96 km E of Scarborough, Trinidad and Tobago",earthquake,4.9,4.1,0.066,22.0,reviewed,us,us
2018-10-12T04:56:51.120Z,6.7486,-73.025,162.03,4.5,mb,,70.0,2.289,1.01,us,us1000haxx,2018-12-21T21:15:50.040Z,"5 km W of Cepitá, Colombia",earthquake,8.8,9.7,0.037,210.0,reviewed,us,us
2018-10-08T14:45:44.670Z,6.5258,-72.7411,172.7,4.1,mb,,115.0,2.293,0.28,us,us1000hb5v,2018-12-21T21:15:51.040Z,"2 km NNW of Covarachía, Colombia",earthquake,12.2,13.2,0.198,7.0,reviewed,us,us
2018-10-02T10:37:23.600Z,7.0175,-72.272,10.0,4.4,mb,,87.0,1.378,0.72,us,us1000h9fu,2018-12-14T20:32:44.040Z,"18 km W of Cubará, Colombia",earthquake,7.3,1.9,0.068,63.0,reviewed,us,us
2018-09-25T16:28:10.840Z,7.4492,-73.0569,155.27,4.4,mb,,90.0,2.79,0.4,us,us1000h54i,2018-12-01T16:43:48.040Z,"12 km NW of Suratá, Colombia",earthquake,11.6,12.5,0.161,11.0,reviewed,us,us
2018-09-20T07:38:14.640Z,6.736,-73.0257,161.11,4.3,mb,,66.0,2.278,0.64,us,us1000h3aa,2018-11-27T15:51:55.040Z,"4 km N of Aratoca, Colombia",earthquake,8.3,8.8,0.137,15.0,reviewed,us,us
2018-09-16T17:43:41.550Z,6.7762,-72.9383,167.86,4.2,mb,,65.0,2.36,0.78,us,us2000hfi3,2022-08-08T08:14:20.644Z,"4 km ENE of Cepitá, Colombia",earthquake,9.5,7.1,0.077,47.0,reviewed,us,us
2018-09-11T06:20:26.040Z,6.7218,-72.9768,150.58,4.1,mb,,67.0,2.294,1.1,us,us2000hcfu,2022-08-08T09:02:21.909Z,"3 km S of Cepitá, Colombia",earthquake,9.0,11.4,0.184,8.0,reviewed,us,us
2018-09-10T03:34:09.600Z,10.4126,-61.5883,10.0,3.6,mb,,136.0,3.363,0.96,us,us2000hc3i,2022-08-08T07:58:59.584Z,"13 km W of Couva, Trinidad and Tobago",earthquake,9.1,2.0,0.354,2.0,reviewed,us,us
2018-09-06T05:08:04.560Z,10.6568,-62.882,113.23,4.2,mb,,82.0,4.084,0.69,us,us2000hgk1,2018-11-14T17:40:14.040Z,near the coast of Venezuela,earthquake,7.3,10.8,0.167,10.0,reviewed,us,us
2018-09-02T02:20:36.440Z,10.6658,-62.8875,107.02,4.4,mb,,82.0,1.894,0.81,us,us2000hcjh,2018-11-07T18:37:12.040Z,"40 km E of Carúpano, Venezuela",earthquake,7.7,7.3,0.061,77.0,reviewed,us,us
2018-09-01T08:30:16.640Z,10.6588,-62.9105,98.69,4.2,mb,,65.0,4.105,0.86,us,us2000hag5,2018-11-07T18:37:12.040Z,"37 km E of Carúpano, Venezuela",earthquake,9.5,12.8,0.167,10.0,reviewed,us,us
2018-08-22T13:27:48.490Z,10.6593,-62.9288,108.0,5.8,mww,,32.0,1.925,0.9,us,us1000gfc8,2022-05-03T19:28:01.349Z,"35 km E of Carúpano, Venezuela",earthquake,7.1,1.9,0.044,50.0,reviewed,us,us
2018-08-21T21:31:47.600Z,10.7731,-62.9019,146.82,7.3,mww,,15.0,1.822,1.1,us,us1000gez7,2026-06-29T02:22:29.627Z,"40 km ENE of Carúpano, Venezuela",earthquake,7.5,3.4,0.033,88.0,reviewed,us,us
2018-08-21T21:31:40.270Z,10.6575,-62.8522,108.91,5.3,mb,,35.0,1.878,1.18,us,us1000gfdx,2022-05-03T19:27:54.260Z,"43 km E of Carúpano, Venezuela",earthquake,7.8,7.4,0.111,27.0,reviewed,us,us
2018-08-08T18:02:52.180Z,6.8586,-72.9701,148.36,4.3,mb,,66.0,2.41,0.79,us,us1000g8wc,2018-10-17T18:11:56.040Z,"11 km N of Cepitá, Colombia",earthquake,7.1,7.5,0.106,25.0,reviewed,us,us
2018-08-07T15:53:59.180Z,6.7814,-72.9952,146.36,5.3,mww,,30.0,2.332,0.79,us,us1000g4v6,2025-12-22T17:49:49.038Z,"3 km NW of Cepitá, Colombia",earthquake,6.7,4.5,0.055,32.0,reviewed,us,us
2018-08-05T11:04:26.010Z,7.5804,-73.6932,215.34,4.3,mb,,129.0,2.788,1.18,us,us1000g5t1,2018-10-16T15:34:15.040Z,"30 km NW of Sabana de Torres, Colombia",earthquake,5.9,12.0,0.169,10.0,reviewed,us,us
2018-07-24T20:15:58.570Z,4.2587,-73.662,49.03,4.3,mb,,81.0,0.878,1.33,us,us2000gf7t,2018-10-09T16:43:27.040Z,"11 km W of Restrepo, Colombia",earthquake,3.4,14.3,0.177,9.0,reviewed,us,us
2018-07-14T17:09:25.370Z,7.374,-73.8624,112.38,4.1,mb,,124.0,2.553,0.91,us,us2000g8uz,2018-10-02T16:40:45.040Z,"4 km NE of Puerto Wilches, Colombia",earthquake,9.2,7.8,0.106,24.0,reviewed,us,us
2018-07-08T17:44:01.710Z,10.6522,-62.5624,100.64,4.5,mb,,87.0,1.719,0.67,us,us2000g42s,2018-09-27T14:03:47.040Z,"30 km WNW of Güiria, Venezuela",earthquake,8.0,12.8,0.156,12.0,reviewed,us,us
2018-07-06T22:02:50.140Z,6.4556,-73.9347,99.64,4.0,mb,,127.0,1.645,0.7,us,us2000g2zl,2018-09-27T14:03:47.040Z,"15 km N of Cimitarra, Colombia",earthquake,7.5,10.4,0.212,6.0,reviewed,us,us
2018-06-23T01:54:40.710Z,10.7414,-62.6732,90.62,5.2,mww,,32.0,1.705,0.96,us,us1000ez9p,2025-12-22T17:48:31.327Z,"44 km WNW of Güiria, Venezuela",earthquake,6.8,4.3,0.048,41.0,reviewed,us,us
2018-06-19T16:27:06.350Z,6.7098,-73.0523,161.29,4.2,mb,,66.0,2.241,1.25,us,us1000eyr0,2018-09-19T15:15:54.040Z,"4 km WNW of Aratoca, Colombia",earthquake,4.0,10.5,0.132,16.0,reviewed,us,us
2018-06-11T09:19:58.480Z,9.9936,-59.644,10.0,4.4,mb,,137.0,2.9,1.21,us,us1000en9e,2018-09-07T17:46:59.040Z,"171 km ESE of Rio Claro, Trinidad and Tobago",earthquake,8.1,1.9,0.093,33.0,reviewed,us,us
2018-06-08T09:43:47.950Z,6.7417,-72.8204,163.27,4.1,mb,,80.0,2.404,0.7,us,us1000eq2m,2018-08-29T16:35:38.040Z,"7 km N of Molagavita, Colombia",earthquake,7.5,7.7,0.062,70.0,reviewed,us,us
2018-06-03T16:22:23.920Z,11.4804,-69.3907,16.83,4.4,mb,,139.0,0.814,0.93,us,us1000ekhv,2018-08-28T16:30:53.040Z,"31 km ENE of Coro, Venezuela",earthquake,6.8,5.8,0.149,13.0,reviewed,us,us
2018-05-31T03:02:11.150Z,6.7598,-72.934,160.29,4.6,mww,,60.0,2.35,0.73,us,us1000efau,2018-08-28T16:29:07.040Z,"4 km E of Cepitá, Colombia",earthquake,7.8,6.4,0.103,9.0,reviewed,us,us
2018-05-27T18:02:10.300Z,10.2375,-62.0663,47.5,4.7,mb,,102.0,1.926,0.82,us,us1000eczt,2018-08-21T21:23:54.040Z,"42 km W of Point Fortin, Trinidad and Tobago",earthquake,8.2,10.0,0.063,76.0,reviewed,us,us
2018-05-25T17:36:47.310Z,7.0283,-72.1113,46.66,4.3,mb,,85.0,2.353,1.07,us,us1000ec86,2018-08-21T21:23:51.040Z,"2 km NNW of Cubará, Colombia",earthquake,7.3,11.0,0.091,34.0,reviewed,us,us
2018-05-25T12:53:49.220Z,7.262,-73.4769,102.64,4.5,mb,,69.0,1.415,1.06,us,us1000ebyi,2018-08-21T21:23:50.040Z,"14 km S of Sabana de Torres, Colombia",earthquake,7.6,8.5,0.04,185.0,reviewed,us,us
2018-05-24T18:53:18.490Z,10.8789,-62.1195,106.06,4.2,mb,,73.0,1.326,0.62,us,us1000ebkm,2018-08-21T21:23:49.040Z,"38 km NNE of Güiria, Venezuela",earthquake,7.6,12.9,0.305,3.0,reviewed,us,us
2018-05-23T11:23:07.110Z,10.3278,-67.9604,10.0,4.2,mwr,,46.0,1.378,0.73,us,us1000eai5,2018-08-21T21:23:48.040Z,"14 km NW of Guacara, Venezuela",earthquake,6.1,1.9,,,reviewed,us,car
2018-05-23T09:20:31.070Z,10.1619,-60.4104,14.66,4.4,mb,,92.0,2.307,0.71,us,us1000eags,2018-08-21T21:23:48.040Z,"85 km E of Rio Claro, Trinidad and Tobago",earthquake,8.0,5.9,0.066,66.0,reviewed,us,us
2018-05-20T21:50:18.290Z,11.1108,-62.1993,114.5,4.5,mb,,88.0,1.147,0.72,us,us1000e93d,2018-08-15T19:47:00.040Z,"60 km N of Güiria, Venezuela",earthquake,8.1,7.4,0.105,27.0,reviewed,us,us
2018-05-20T11:17:41.600Z,6.7626,-72.966,160.16,4.5,mb,,47.0,2.334,1.0,us,us1000e8yh,2018-08-15T19:46:59.040Z,"1 km NE of Cepitá, Colombia",earthquake,2.5,6.2,0.044,151.0,reviewed,us,us
2018-05-13T22:41:11.870Z,12.2604,-69.9949,10.0,2.8,ml,,166.0,0.244,0.78,us,us1000e4ba,2018-08-08T15:21:46.040Z,"66 km NNE of Punto Fijo, Venezuela",earthquake,3.9,2.0,0.128,8.0,reviewed,us,us
2018-05-04T23:20:43.810Z,10.2861,-62.6807,10.0,4.1,mwr,,88.0,2.093,0.94,us,us1000e0c9,2018-07-27T20:20:44.040Z,"52 km SW of Güiria, Venezuela",earthquake,5.4,1.9,,,reviewed,us,car
2018-04-27T08:44:49.740Z,10.2896,-67.9854,10.0,4.7,mwr,,56.0,2.107,0.84,us,us1000dt7f,2020-07-10T15:45:26.197Z,"13 km WNW of Guacara, Venezuela",earthquake,6.7,1.9,,,reviewed,us,car
2018-04-25T04:13:08.810Z,10.7613,-60.2235,14.91,4.7,mb,,111.0,1.955,0.47,us,us1000drsz,2018-07-25T21:36:34.040Z,"72 km SE of Scarborough, Trinidad and Tobago",earthquake,7.4,6.0,0.075,53.0,reviewed,us,us
2018-04-23T23:28:56.760Z,6.7576,-73.0624,163.69,4.1,mb,,147.0,2.275,1.18,us,us1000dvzr,2018-07-25T21:36:12.040Z,"4 km NE of Jordán, Colombia",earthquake,9.2,12.7,0.234,5.0,reviewed,us,us
2018-04-23T06:49:34.250Z,7.3432,-73.0316,150.8,4.3,mb,,61.0,2.793,0.88,us,us1000dqiv,2018-07-25T21:35:57.040Z,"2 km NW of Matanza, Colombia",earthquake,7.9,7.8,0.052,102.0,reviewed,us,us
2018-04-23T01:45:43.070Z,6.7387,-72.8998,165.4,4.2,mb,,96.0,2.353,0.87,us,us1000dvyh,2018-07-25T21:35:53.040Z,"8 km ESE of Cepitá, Colombia",earthquake,11.8,13.6,0.121,19.0,reviewed,us,us
2018-04-15T02:41:28.910Z,6.7456,-72.9178,150.11,4.4,mb,,82.0,2.348,0.71,us,us2000e0h2,2018-07-07T02:25:23.040Z,"6 km E of Cepitá, Colombia",earthquake,9.5,10.2,0.154,12.0,reviewed,us,us
2018-04-03T09:41:27.350Z,8.3459,-71.7188,10.0,4.9,mb,,19.0,1.198,0.71,us,us1000ddjg,2022-05-03T19:09:02.472Z,"30 km SSW of El Vigía, Venezuela",earthquake,6.6,1.8,0.024,525.0,reviewed,us,us
2018-03-26T08:22:54.920Z,6.7888,-72.9836,149.1,4.1,mb,,43.0,3.122,0.58,us,us1000ddse,2018-06-22T21:32:09.040Z,"3 km NNW of Cepitá, Colombia",earthquake,9.4,9.5,0.046,129.0,reviewed,us,us
2018-03-20T16:16:49.390Z,6.5655,-72.7018,165.66,4.1,mb,,106.0,2.349,0.98,us,us1000d9nh,2018-06-19T01:35:45.040Z,"4 km N of Capitanejo, Colombia",earthquake,11.2,10.5,0.109,23.0,reviewed,us,us
2018-03-17T10:16:09.190Z,12.0428,-72.133,29.59,4.5,mb,,71.0,2.124,0.84,us,us1000d5ly,2018-06-11T21:53:49.040Z,"39 km NNE of Uribia, Colombia",earthquake,7.3,7.2,0.113,23.0,reviewed,us,us
2018-03-16T18:01:55.940Z,10.653,-62.0936,78.98,4.2,mb,,75.0,1.532,1.41,us,us1000d7xw,2018-06-11T21:53:48.040Z,"23 km ENE of Güiria, Venezuela",earthquake,5.6,10.4,0.236,7.0,reviewed,us,us
2018-03-16T02:49:51.230Z,10.8799,-62.1443,69.04,4.6,mwr,,45.0,1.334,0.78,us,us1000d53w,2018-06-11T21:53:47.040Z,"37 km NNE of Güiria, Venezuela",earthquake,6.8,8.0,,,reviewed,us,car
2018-03-01T10:26:43.730Z,6.8318,-72.9728,156.74,4.4,mb,,66.0,2.386,0.53,us,us2000d9nv,2018-05-27T01:06:07.040Z,"8 km N of Cepitá, Colombia",earthquake,5.2,9.6,0.123,19.0,reviewed,us,us
2018-02-25T00:38:05.840Z,6.5126,-73.3959,132.15,4.4,mb,,65.0,1.895,1.03,us,us2000d7jp,2022-08-08T00:36:28.141Z,"10 km NW of Simacota, Colombia",earthquake,7.5,7.2,0.098,30.0,reviewed,us,us
2018-02-12T02:01:34.120Z,11.5578,-60.4766,45.85,4.5,mb,,151.0,1.286,0.83,us,us2000d0qt,2018-05-15T06:29:02.040Z,"50 km NE of Scarborough, Trinidad and Tobago",earthquake,7.4,10.4,0.076,51.0,reviewed,us,us
2018-02-11T23:35:35.800Z,10.3347,-62.2811,21.63,4.3,mb,,148.0,1.889,0.85,us,us2000d5xu,2018-05-03T22:15:11.040Z,"26 km S of Güiria, Venezuela",earthquake,8.9,7.1,0.189,8.0,reviewed,us,us
2018-02-04T15:11:18.180Z,6.7188,-72.9886,169.81,4.5,mb,,81.0,2.285,0.72,us,us1000cfp3,2022-08-07T23:55:21.447Z,"4 km SSW of Cepitá, Colombia",earthquake,9.0,8.9,0.036,227.0,reviewed,us,us
2018-01-28T07:30:06.810Z,10.6123,-62.472,68.76,4.1,mwr,,118.0,1.71,0.47,us,us1000cdl3,2018-04-20T07:05:33.040Z,"19 km WNW of Güiria, Venezuela",earthquake,5.6,25.3,,,reviewed,us,car
2018-01-26T23:57:18.300Z,10.2863,-62.2747,10.0,4.3,mwr,,164.0,1.933,0.48,us,us2000cq7e,2018-04-20T07:05:28.040Z,"32 km S of Güiria, Venezuela",earthquake,10.2,2.0,,,reviewed,us,car
2018-01-26T22:05:22.130Z,10.1928,-62.1532,10.0,4.6,mb,,77.0,1.988,1.1,us,us2000cq4g,2018-04-20T07:05:27.040Z,"45 km SSE of Güiria, Venezuela",earthquake,2.9,1.9,0.103,28.0,reviewed,us,us
2018-01-26T20:30:32.630Z,10.2442,-62.2616,41.63,4.8,mb,,34.0,1.968,0.75,us,us2000cq1t,2022-08-07T23:33:30.014Z,"37 km S of Güiria, Venezuela",earthquake,6.3,4.0,0.042,172.0,reviewed,us,us
2018-01-26T14:47:25.310Z,10.0631,-62.0735,27.85,4.9,mb,,102.0,2.097,0.97,us,us2000cptd,2022-08-07T23:32:44.449Z,"44 km WSW of Point Fortin, Trinidad and Tobago",earthquake,5.5,8.1,0.169,11.0,reviewed,us,us
2018-01-26T14:40:21.960Z,10.2673,-62.2267,10.0,4.6,mb,,141.0,1.936,1.32,us,us2000cpt9,2018-04-20T07:05:26.040Z,"35 km SSE of Güiria, Venezuela",earthquake,8.0,1.9,0.117,22.0,reviewed,us,us
2018-01-24T13:53:48.050Z,9.4972,-69.8331,10.0,4.6,mwr,,84.0,0.998,1.42,us,us2000cnqk,2018-04-20T07:05:18.040Z,"32 km S of El Tocuyo, Venezuela",earthquake,2.7,1.9,,,reviewed,us,car
2018-01-21T17:51:58.320Z,6.8149,-72.9797,152.9,4.7,mb,,43.0,2.368,1.16,us,us2000cm5z,2022-08-07T23:21:21.062Z,"6 km N of Cepitá, Colombia",earthquake,8.0,6.5,0.036,238.0,reviewed,us,us
2018-01-17T01:49:23.730Z,10.9788,-62.3613,88.39,4.6,mb,,87.0,1.339,1.15,us,us2000ck7q,2018-04-10T01:11:43.040Z,"44 km N of Güiria, Venezuela",earthquake,8.0,7.8,0.043,162.0,reviewed,us,us
2018-01-16T01:01:51.730Z,6.8863,-73.0674,152.84,4.1,mb,,97.0,2.38,0.79,us,us2000cqx7,2018-04-10T01:11:41.040Z,"11 km S of Piedecuesta, Colombia",earthquake,6.5,15.2,0.234,5.0,reviewed,us,us
2018-01-08T12:58:27.190Z,6.7908,-72.9803,153.38,4.9,mww,,29.0,2.348,1.01,us,us1000c201,2025-12-22T17:29:49.261Z,"4 km N of Cepitá, Colombia",earthquake,6.8,4.8,0.083,14.0,reviewed,us,us
2018-01-06T07:32:13.770Z,6.7578,-73.0621,155.13,4.2,mb,,63.0,2.276,0.78,us,us1000c1dr,2018-03-23T23:16:52.040Z,"4 km NE of Jordán, Colombia",earthquake,9.6,12.0,0.146,13.0,reviewed,us,us
2017-12-28T06:58:32.150Z,10.72,-62.4364,76.47,4.2,mb,,138.0,1.599,0.55,us,us1000bx1p,2018-03-17T01:54:37.040Z,"21 km NW of Güiria, Venezuela",earthquake,9.8,14.9,0.147,13.0,reviewed,us,us
2017-12-20T04:13:36.520Z,11.6916,-61.1942,60.9,4.6,mb,,118.0,0.628,0.83,us,us1000btgv,2018-03-14T00:58:23.040Z,"65 km SE of Saint David’s, Grenada",earthquake,6.5,3.2,0.074,54.0,reviewed,us,us
2017-12-15T07:04:35.150Z,6.7093,-72.9882,160.29,4.1,mb,,66.0,2.278,0.65,us,us1000buhv,2018-03-06T00:49:42.040Z,"3 km ENE of Aratoca, Colombia",earthquake,9.0,5.9,0.114,21.0,reviewed,us,us
2017-12-11T11:18:04.630Z,6.7772,-73.0024,165.28,4.3,mb,,92.0,2.325,0.78,us,us2000c2tp,2018-03-06T00:49:36.040Z,"4 km NW of Cepitá, Colombia",earthquake,10.8,9.5,0.081,43.0,reviewed,us,us
2017-12-10T05:33:09.080Z,6.7699,-73.0058,150.71,4.3,mb,,67.0,2.317,0.84,us,us2000c2jb,2018-03-06T00:49:34.040Z,"3 km WNW of Cepitá, Colombia",earthquake,7.8,11.5,0.089,36.0,reviewed,us,us
2017-11-28T19:55:00.800Z,6.8214,-73.0132,175.72,4.0,mb,,75.0,2.355,1.17,us,us1000bmqu,2018-02-20T09:06:06.040Z,"8 km NNW of Cepitá, Colombia",earthquake,7.7,14.7,0.3,3.0,reviewed,us,us
2017-11-24T13:26:44.090Z,6.7846,-72.9665,161.53,4.1,mb,,67.0,2.351,0.77,us,us2000btx0,2018-02-14T02:01:13.040Z,"3 km NNE of Cepitá, Colombia",earthquake,8.8,10.8,0.087,36.0,reviewed,us,us
2017-11-22T20:42:08.070Z,11.1171,-62.1682,112.62,4.2,mwr,,70.0,1.127,0.68,us,us2000bt75,2018-02-14T02:01:11.040Z,"61 km NNE of Güiria, Venezuela",earthquake,9.4,7.1,,,reviewed,us,car
2017-11-18T05:54:58.270Z,8.376,-71.8069,31.65,4.9,mww,,52.0,1.264,0.89,us,us2000bqwx,2022-05-03T15:27:35.872Z,"31 km SSW of El Vigía, Venezuela",earthquake,6.8,5.1,0.066,22.0,reviewed,us,us
2017-11-12T23:34:28.600Z,9.4464,-63.4337,42.65,4.4,mb,,66.0,3.19,0.95,us,us2000bmg3,2018-02-06T02:45:30.040Z,"43 km SW of Maturín, Venezuela",earthquake,7.1,11.7,0.117,21.0,reviewed,us,us
2017-11-09T03:54:41.990Z,10.7423,-61.542,10.0,3.9,ml,,103.0,1.385,0.88,us,us2000bkq3,2018-01-31T03:04:44.040Z,"4 km N of Petit Valley, Trinidad and Tobago",earthquake,6.5,2.0,0.115,10.0,reviewed,us,us
2017-11-05T15:00:24.360Z,11.6719,-61.1784,47.22,5.5,mww,,120.0,0.652,0.82,us,us2000bivm,2022-05-03T18:39:50.857Z,"67 km SE of Saint David’s, Grenada",earthquake,6.6,3.6,0.068,21.0,reviewed,us,us
2017-11-04T23:57:23.000Z,6.769,-72.8931,154.55,4.2,mb,,70.0,2.381,0.5,us,us2000bna1,2018-01-24T01:25:10.040Z,"6 km SW of San Andrés, Colombia",earthquake,8.8,13.6,0.167,10.0,reviewed,us,us
2017-10-26T07:59:30.300Z,10.1361,-73.5644,86.02,4.8,mb,,54.0,3.147,0.76,us,us1000ax2t,2022-08-07T20:29:04.814Z,"37 km WNW of Agustín Codazzi, Colombia",earthquake,6.3,8.0,0.081,47.0,reviewed,us,us
2017-10-14T08:35:43.800Z,7.2692,-71.9426,33.43,5.1,mwr,,53.0,2.062,0.77,us,us1000as2n,2022-05-03T18:39:09.658Z,"34 km NNE of Cubará, Colombia",earthquake,7.2,5.6,,,reviewed,us,car
2017-10-02T12:08:34.700Z,13.2473,-61.2747,136.22,4.3,mb,,75.0,1.168,0.63,us,us2000axs4,2022-08-07T19:15:56.147Z,"1 km N of Barrouallie, Saint Vincent and the Grenadines",earthquake,8.0,7.8,0.137,15.0,reviewed,us,us
2017-10-01T01:35:25.240Z,7.5275,-73.148,128.61,5.1,mww,,30.0,2.83,0.9,us,us2000axct,2025-12-22T17:26:58.811Z,"8 km NE of El Playón, Colombia",earthquake,4.9,3.6,0.052,35.0,reviewed,us,us
2017-09-29T22:52:03.560Z,6.7514,-72.9693,162.39,4.3,mb,,43.0,2.323,0.9,us,us2000ax0h,2022-08-07T19:05:46.716Z,"0 km ESE of Cepitá, Colombia",earthquake,6.4,10.8,0.053,99.0,reviewed,us,us
2017-09-13T03:07:03.040Z,9.5423,-73.0706,125.15,4.7,mb,,55.0,2.492,0.98,us,us2000al90,2017-12-13T02:29:41.040Z,"29 km E of La Jagua de Ibirico, Colombia",earthquake,7.5,7.7,0.055,98.0,reviewed,us,us
2017-09-04T20:28:22.740Z,6.7475,-73.0026,155.72,4.9,mb,,38.0,0.852,1.02,us,us2000afmq,2022-08-07T16:27:37.312Z,"3 km WSW of Cepitá, Colombia",earthquake,6.9,4.9,0.031,335.0,reviewed,us,us
2017-08-31T18:47:04.470Z,6.6414,-72.9379,159.56,4.3,mb,,44.0,0.757,0.85,us,us2000adl4,2017-11-28T18:33:55.040Z,"10 km ESE of Aratoca, Colombia",earthquake,5.9,5.9,0.082,42.0,reviewed,us,us
2017-08-31T15:47:33.690Z,10.8822,-62.8391,90.06,4.8,mww,,39.0,1.7,0.82,us,us2000adhr,2017-11-28T18:33:55.040Z,"51 km ENE of Carúpano, Venezuela",earthquake,6.1,3.7,0.08,15.0,reviewed,us,us
2017-08-30T14:01:13.000Z,10.683,-66.4482,11.03,4.5,mwr,,38.0,2.335,0.81,us,us2000ad4r,2022-08-07T16:04:54.553Z,"25 km NNE of Guatire, Venezuela",earthquake,6.7,4.9,,,reviewed,us,car
2017-08-29T04:56:36.540Z,12.3243,-60.307,61.23,4.7,mb,,91.0,1.093,0.5,us,us2000acre,2022-08-07T15:56:17.537Z,"114 km SW of Bridgetown, Barbados",earthquake,7.8,8.3,0.05,122.0,reviewed,us,us
2017-08-24T22:22:20.640Z,3.9163,-73.5145,34.41,4.0,mb,,84.0,1.223,0.98,us,us2000acv8,2017-11-22T03:43:31.040Z,"21 km ENE of Castilla La Nueva, Colombia",earthquake,4.7,9.0,0.212,6.0,reviewed,us,us
2017-08-17T21:03:49.920Z,6.768,-72.9476,154.94,4.5,mb,,61.0,0.879,1.45,us,us2000aax0,2017-11-14T01:42:12.040Z,"3 km ENE of Cepitá, Colombia",earthquake,5.5,8.9,0.205,7.0,reviewed,us,us
2017-08-13T15:21:55.970Z,7.4513,-71.9832,47.72,4.5,mb,,61.0,1.951,0.61,us,us2000a7sx,2017-11-14T01:42:05.040Z,"43 km SE of San Cristóbal, Venezuela",earthquake,6.1,7.6,0.048,129.0,reviewed,us,us
2017-08-08T20:43:42.230Z,6.5362,-72.0903,49.06,5.1,mb,,56.0,2.742,0.87,us,us2000a62q,2022-08-07T14:12:32.233Z,"36 km ENE of Güicán, Colombia",earthquake,6.1,5.8,0.029,393.0,reviewed,us,us
2017-08-06T15:43:48.200Z,8.8395,-71.1073,32.25,4.5,mwr,,38.0,0.469,0.98,us,us2000a5d1,2017-10-25T00:38:00.040Z,"28 km N of Mérida, Venezuela",earthquake,4.8,5.1,,,reviewed,us,car
2017-07-26T14:39:29.630Z,6.721,-72.9232,163.31,4.3,mb,,91.0,2.325,0.5,us,us2000a19y,2017-10-14T00:19:41.040Z,"6 km ESE of Cepitá, Colombia",earthquake,9.3,10.7,0.119,20.0,reviewed,us,us
2017-07-24T13:25:03.430Z,6.7983,-72.9907,165.12,4.7,mb,,64.0,2.349,0.74,us,us2000a0ep,2022-08-07T12:48:44.277Z,"5 km NNW of Cepitá, Colombia",earthquake,8.7,7.4,0.032,289.0,reviewed,us,us
2017-07-19T18:56:53.620Z,6.9895,-71.6042,10.0,4.1,mwr,,113.0,1.829,0.79,us,us20009y9g,2017-10-11T01:03:57.040Z,"19 km WSW of Arauquita, Colombia",earthquake,6.6,2.0,,,reviewed,us,car
2017-07-09T05:56:30.720Z,6.9017,-73.075,136.75,4.4,mb,,55.0,2.389,0.95,us,us100098br,2017-10-06T23:56:10.040Z,"9 km SSW of Piedecuesta, Colombia",earthquake,8.0,11.3,0.064,71.0,reviewed,us,us
2017-07-08T22:23:35.820Z,6.8382,-73.0105,158.22,4.3,mb,,45.0,2.371,1.09,us,us1000989h,2017-10-03T00:47:56.040Z,"10 km NNW of Cepitá, Colombia",earthquake,7.7,8.9,0.086,38.0,reviewed,us,us
2017-07-02T19:26:28.710Z,3.5937,-73.9848,27.64,5.1,mb,,64.0,1.287,0.98,us,us1000969j,2022-05-03T18:32:38.292Z,"8 km NNE of Lejanías, Colombia",earthquake,6.5,4.2,0.028,429.0,reviewed,us,us
2017-06-19T16:13:13.880Z,8.4913,-73.4929,159.43,4.4,mb,,80.0,2.853,0.56,us,us20009pb3,2017-08-23T16:35:49.040Z,"5 km WSW of El Carmen, Colombia",earthquake,10.3,15.4,0.268,6.0,reviewed,us,us
2017-06-09T21:17:40.390Z,11.6675,-72.2633,54.77,4.9,mb,,42.0,2.355,0.87,us,us20009lmm,2022-05-03T18:31:36.305Z,"5 km S of Uribia, Colombia",earthquake,6.0,6.2,0.03,345.0,reviewed,us,us
2017-06-09T10:50:38.010Z,6.8434,-73.0518,143.54,4.2,mb,,63.0,0.944,0.97,us,us20009mr1,2017-08-16T02:42:21.040Z,"13 km NW of Cepitá, Colombia",earthquake,7.1,6.4,0.072,53.0,reviewed,us,us
2017-05-31T21:14:42.710Z,12.0713,-73.8903,10.0,4.4,mb,,30.0,3.816,1.34,us,us10008wyh,2017-08-15T02:26:49.040Z,"97 km NNE of Santa Marta, Colombia",earthquake,7.0,1.9,0.098,30.0,reviewed,us,us
2017-05-28T23:06:13.010Z,10.5609,-61.7602,41.19,3.5,ml,,108.0,1.565,1.0,us,us10008vyz,2017-08-15T02:26:44.040Z,"26 km WSW of Mucurapo, Trinidad and Tobago",earthquake,6.4,59.4,0.115,10.0,reviewed,us,us
2017-05-27T12:15:48.070Z,6.7984,-73.0164,155.49,4.7,mb,,39.0,0.901,0.87,us,us10008vse,2017-08-10T01:34:04.040Z,"6 km NW of Cepitá, Colombia",earthquake,7.6,8.0,0.043,168.0,reviewed,us,us
2017-05-24T02:15:59.390Z,6.831,-73.0859,150.12,4.4,mb,,42.0,0.931,1.21,us,us10008wmz,2017-08-10T01:34:00.040Z,"10 km N of Jordán, Colombia",earthquake,7.5,8.1,0.076,49.0,reviewed,us,us
2017-05-24T00:55:46.730Z,6.8156,-73.0095,155.0,4.3,mb,,54.0,0.919,1.06,us,us10008ujp,2017-08-10T01:34:00.040Z,"7 km NNW of Cepitá, Colombia",earthquake,7.3,5.8,0.061,76.0,reviewed,us,us
2017-05-17T10:04:23.560Z,10.9078,-62.1643,86.78,4.7,mb,,120.0,1.315,0.66,us,us10008szh,2017-08-05T03:32:09.040Z,"39 km NNE of Güiria, Venezuela",earthquake,4.7,9.9,0.1,30.0,reviewed,us,us
2017-05-07T02:10:07.670Z,6.8701,-73.0792,151.21,4.3,mb,,42.0,0.97,0.74,us,us10008q7n,2017-08-01T23:02:08.040Z,"13 km SSW of Piedecuesta, Colombia",earthquake,7.8,8.2,0.068,61.0,reviewed,us,us
2017-04-30T15:01:19.210Z,6.9336,-73.0095,146.12,4.3,mb,,32.0,1.036,0.81,us,us10008prv,2017-07-29T03:16:08.040Z,"7 km SE of Piedecuesta, Colombia",earthquake,7.1,7.7,0.119,20.0,reviewed,us,us
2017-04-28T02:34:20.340Z,7.8941,-72.8018,47.33,4.3,mb,,72.0,2.007,0.88,us,us10008p7w,2017-07-21T02:32:09.040Z,"0 km NNW of Gramalote, Colombia",earthquake,4.2,10.8,0.168,10.0,reviewed,us,us
2017-04-27T06:13:39.920Z,6.9549,-73.0223,146.22,4.1,mb,,56.0,2.462,0.99,us,us10008nts,2017-07-21T02:32:08.040Z,"4 km SE of Piedecuesta, Colombia",earthquake,5.6,11.0,0.233,5.0,reviewed,us,us
2017-04-23T01:52:20.040Z,10.8774,-62.3823,86.66,4.6,mb,,55.0,1.437,0.84,us,us10008jv5,2017-07-21T02:32:01.040Z,"34 km NNW of Güiria, Venezuela",earthquake,8.0,7.2,0.053,107.0,reviewed,us,us
2017-04-17T07:49:22.970Z,6.7429,-73.002,152.32,4.4,mb,,28.0,0.848,0.96,us,us10008ibd,2017-07-11T01:48:34.040Z,"3 km WSW of Cepitá, Colombia",earthquake,5.4,6.0,0.037,218.0,reviewed,us,us
2017-04-16T13:24:15.900Z,11.6535,-66.8191,13.09,4.5,mb,,32.0,2.157,0.77,us,us10008i48,2017-08-30T18:24:34.822Z,"115 km N of Caraballeda, Venezuela",earthquake,6.2,4.5,0.069,62.0,reviewed,us,us
2017-04-14T22:16:06.280Z,8.3585,-72.719,179.42,4.6,mb,,33.0,2.476,1.01,us,us10008hqe,2017-07-05T18:10:00.040Z,"31 km S of Tibú, Colombia",earthquake,7.1,6.7,0.03,336.0,reviewed,us,us
2017-04-12T11:28:02.910Z,7.1971,-72.8957,165.79,4.8,mb,,28.0,1.308,0.66,us,us10008gwg,2017-07-05T18:09:57.040Z,"7 km E of Tona, Colombia",earthquake,3.6,8.0,0.026,451.0,reviewed,us,us
2017-04-12T05:07:42.150Z,6.8208,-72.9632,148.07,4.0,mb,,43.0,0.929,0.48,us,us10008gv1,2017-07-05T18:09:57.040Z,"7 km N of Cepitá, Colombia",earthquake,7.2,7.6,0.119,19.0,reviewed,us,us
2017-04-07T21:45:33.890Z,12.3067,-60.3187,48.21,4.3,mb,,89.0,1.024,0.7,us,us10008fpt,2017-06-23T07:26:35.040Z,"116 km SW of Bridgetown, Barbados",earthquake,5.9,11.5,0.201,7.0,reviewed,us,us
2017-04-07T00:54:39.930Z,7.7414,-73.2421,118.58,4.2,mb,,72.0,1.843,1.44,us,us10008h72,2017-06-23T07:26:34.040Z,"16 km E of San Alberto, Colombia",earthquake,4.8,20.7,0.304,3.0,reviewed,us,us
2017-04-04T21:50:14.110Z,10.3156,-62.1535,10.0,4.4,mwr,,33.0,1.866,0.77,us,us10008eey,2017-06-23T07:26:30.040Z,"33 km SSE of Güiria, Venezuela",earthquake,1.6,1.8,,,reviewed,us,car
2017-04-04T15:09:05.280Z,10.3052,-72.6116,10.0,4.1,mb,,132.0,1.514,1.01,us,us10008gib,2017-06-23T07:26:30.040Z,"27 km NNW of Machiques, Venezuela",earthquake,8.5,2.0,0.303,3.0,reviewed,us,us
2017-04-01T22:52:44.220Z,6.8604,-73.0279,145.68,4.3,mb,,42.0,0.962,1.23,us,us10008dv4,2017-06-16T23:08:07.040Z,"13 km NNW of Cepitá, Colombia",earthquake,8.4,8.9,0.147,13.0,reviewed,us,us
2017-03-28T16:56:59.920Z,6.7392,-72.9569,162.2,4.3,mb,,80.0,0.85,0.37,us,us10008eb4,2017-06-16T23:08:00.040Z,"2 km SE of Cepitá, Colombia",earthquake,7.9,12.7,0.53,1.0,reviewed,us,us
2017-03-25T14:46:30.600Z,11.0975,-60.8,53.05,4.4,mb,,73.0,0.327,1.08,us,us20008ulj,2017-06-12T19:46:57.040Z,"11 km SW of Scarborough, Trinidad and Tobago",earthquake,8.0,9.0,0.12,20.0,reviewed,us,us
2017-03-22T01:50:07.150Z,6.5268,-72.7996,175.11,4.2,mb,,113.0,2.254,0.64,us,us20008vlw,2017-06-12T19:46:53.040Z,"7 km WNW of Covarachía, Colombia",earthquake,10.2,9.2,0.128,17.0,reviewed,us,us
2017-03-21T10:30:17.460Z,7.1088,-73.8618,86.17,4.7,mb,,37.0,2.295,0.96,us,us20008thx,2017-06-12T19:46:52.040Z,"4 km N of Barrancabermeja, Colombia",earthquake,7.6,5.6,0.034,269.0,reviewed,us,us
2017-03-20T19:01:48.050Z,11.1591,-60.8035,38.94,4.8,mb,,78.0,0.297,1.16,us,us20008tct,2020-06-07T16:44:07.512Z,"7 km WSW of Scarborough, Trinidad and Tobago",earthquake,6.4,5.2,0.06,85.0,reviewed,us,us
2017-03-17T18:35:11.460Z,10.8832,-68.9237,26.0,4.8,mb,,36.0,1.289,0.92,us,us20008stt,2022-05-03T18:12:56.695Z,"63 km NNW of San Felipe, Venezuela",earthquake,2.8,5.9,0.038,219.0,reviewed,us,us
2017-03-16T15:38:10.600Z,4.8928,-72.6021,17.47,5.2,mb,,42.0,1.102,1.01,us,us20008shs,2022-05-03T18:12:50.229Z,"17 km NNW of Ubalá, Colombia",earthquake,5.0,3.7,0.027,460.0,reviewed,us,us
2017-03-10T20:19:31.130Z,11.1637,-60.7439,38.63,4.4,mb,,45.0,0.244,1.01,us,us100088at,2020-06-04T20:03:41.597Z,"2 km SSW of Scarborough, Trinidad and Tobago",earthquake,4.7,8.1,0.083,42.0,reviewed,us,us
2017-03-10T13:46:40.400Z,11.9771,-69.5658,15.0,5.2,mww,,24.0,0.628,1.08,us,us1000885n,2022-05-03T18:12:25.548Z,"64 km N of Coro, Venezuela",earthquake,5.5,1.7,0.08,15.0,reviewed,us,us
2017-03-09T13:29:27.550Z,12.0603,-69.5985,19.44,4.8,mb,,25.0,0.598,0.99,us,us100087xb,2017-05-31T01:58:59.040Z,"73 km N of Coro, Venezuela",earthquake,4.1,4.0,0.053,112.0,reviewed,us,us
2017-03-07T17:11:13.900Z,7.2863,-71.9714,39.39,4.4,mb,,38.0,1.77,1.07,us,us100087hy,2017-05-31T01:58:57.040Z,"34 km NNE of Cubará, Colombia",earthquake,6.0,10.6,0.1,29.0,reviewed,us,us
2017-03-02T19:28:24.220Z,6.8048,-73.0026,154.71,4.2,mb,,54.0,0.909,0.62,us,us1000886z,2017-05-24T02:48:13.040Z,"6 km NNW of Cepitá, Colombia",earthquake,8.7,8.7,0.132,16.0,reviewed,us,us
2017-02-28T09:24:38.470Z,6.8309,-73.0154,153.64,4.2,mb,,81.0,0.934,0.94,us,us20008mwt,2017-05-24T02:48:10.040Z,"9 km NNW of Cepitá, Colombia",earthquake,7.0,5.7,0.055,92.0,reviewed,us,us
2017-02-24T10:54:15.260Z,6.8171,-73.0117,152.26,4.4,mb,,42.0,0.92,0.84,us,us20008m02,2017-05-17T01:19:38.040Z,"8 km NNW of Cepitá, Colombia",earthquake,7.8,8.3,0.038,200.0,reviewed,us,us
2017-02-23T13:25:21.910Z,10.1966,-62.9825,27.29,4.3,mb,,47.0,2.323,1.18,us,us20008lsd,2017-05-17T01:19:37.040Z,"54 km NNE of Maturín, Venezuela",earthquake,6.2,6.4,0.169,10.0,reviewed,us,us
2017-02-12T09:32:26.520Z,12.2926,-72.9907,7.37,5.2,mww,,23.0,1.142,1.15,us,us20008jbe,2025-12-22T16:52:08.519Z,"82 km NW of Manaure, Colombia",earthquake,6.3,3.3,0.083,14.0,reviewed,us,us
2017-02-01T00:18:25.480Z,6.8088,-72.9613,156.06,4.7,mb,,43.0,0.917,0.94,us,us10007wjr,2017-04-27T01:38:40.040Z,"6 km NNE of Cepitá, Colombia",earthquake,6.6,7.0,0.036,231.0,reviewed,us,us
2017-01-24T14:52:13.780Z,6.8107,-72.9933,152.04,4.3,mb,,74.0,0.916,0.86,us,us20008ih4,2017-04-19T18:30:58.040Z,"6 km NNW of Cepitá, Colombia",earthquake,8.6,8.5,0.074,52.0,reviewed,us,us
2017-01-14T03:34:32.750Z,10.6954,-62.3247,91.12,4.4,mb,,97.0,1.572,0.53,us,us10007t8p,2017-04-01T00:26:12.040Z,"13 km NNW of Güiria, Venezuela",earthquake,5.3,9.5,0.144,14.0,reviewed,us,us
2017-01-10T13:32:16.260Z,6.7894,-73.0015,153.52,4.1,mb,,68.0,0.894,0.72,us,us10007vk7,2017-04-01T00:26:07.040Z,"4 km NW of Cepitá, Colombia",earthquake,9.3,9.0,0.093,32.0,reviewed,us,us
2017-01-10T10:05:43.180Z,6.828,-72.9816,140.32,4.3,mb,,91.0,0.934,1.03,us,us10007vkb,2017-04-01T00:26:07.040Z,"8 km N of Cepitá, Colombia",earthquake,9.9,11.8,0.154,12.0,reviewed,us,us
2017-01-08T18:01:39.850Z,10.7067,-61.7168,43.87,3.9,mb,,109.0,1.3,1.23,us,us10007s0h,2017-04-01T00:26:05.040Z,"18 km W of Petit Valley, Trinidad and Tobago",earthquake,7.3,28.0,0.512,1.0,reviewed,us,us
2016-12-27T03:00:31.440Z,6.7541,-72.8891,155.6,4.4,mwr,,67.0,0.876,0.71,us,us10007myt,2017-03-23T22:52:04.040Z,"7 km SW of San Andrés, Colombia",earthquake,9.2,9.2,,,reviewed,us,rsnc
2016-12-26T08:47:55.160Z,6.7446,-72.912,157.41,4.0,mb,,66.0,0.863,0.86,us,us10007t1x,2017-03-23T22:52:03.040Z,"6 km E of Cepitá, Colombia",earthquake,8.8,9.1,0.072,52.0,reviewed,us,us
2016-12-24T11:46:41.380Z,6.8272,-72.9695,153.23,4.4,mb,,91.0,0.934,0.85,us,us10007ses,2017-03-23T22:52:01.040Z,"8 km N of Cepitá, Colombia",earthquake,9.8,10.2,0.127,18.0,reviewed,us,us
2016-12-19T21:02:08.470Z,7.495,-73.3608,123.28,4.5,mb,,36.0,1.615,1.42,us,us10007rdj,2017-03-16T02:31:30.040Z,"17 km W of El Playón, Colombia",earthquake,6.4,8.6,0.097,31.0,reviewed,us,us
2016-12-19T10:24:20.130Z,6.8093,-72.9854,158.85,4.6,mb,,64.0,0.915,0.85,us,us200082j5,2017-03-16T02:31:29.040Z,"6 km NNW of Cepitá, Colombia",earthquake,8.2,9.1,0.119,21.0,reviewed,us,us
2016-12-13T20:32:19.120Z,6.7816,-72.9809,152.5,4.3,mb,,65.0,0.888,0.99,us,us200080jj,2017-03-09T02:14:30.040Z,"3 km NNW of Cepitá, Colombia",earthquake,7.7,8.1,0.074,52.0,reviewed,us,us
2016-12-13T04:17:35.100Z,11.0667,-60.8638,47.51,4.7,mb,,71.0,0.396,0.65,us,us200080dz,2017-03-09T02:14:29.040Z,"18 km SW of Scarborough, Trinidad and Tobago",earthquake,7.0,10.6,0.173,10.0,reviewed,us,us
2016-12-12T22:36:09.010Z,6.7664,-72.9778,156.38,4.2,mwr,,70.0,0.874,0.88,us,us200080bv,2017-03-09T02:14:29.040Z,"1 km NNW of Cepitá, Colombia",earthquake,7.9,7.6,,,reviewed,us,rsnc
2016-12-10T23:50:14.830Z,6.764,-72.9395,152.16,4.4,mb,,72.0,0.877,0.6,us,us20007zve,2017-03-09T02:14:26.040Z,"4 km ENE of Cepitá, Colombia",earthquake,8.6,6.1,0.134,16.0,reviewed,us,us
2016-12-09T17:34:46.940Z,11.0438,-60.9413,49.79,4.4,mb,,67.0,0.472,0.81,us,us20007zkx,2017-03-09T02:14:24.040Z,"27 km SW of Scarborough, Trinidad and Tobago",earthquake,7.5,13.5,0.203,7.0,reviewed,us,us
2016-12-07T04:24:57.410Z,11.0605,-60.7878,35.0,4.6,mb,,79.0,0.342,0.75,us,us10007gjg,2017-03-03T07:06:06.040Z,"14 km SSW of Scarborough, Trinidad and Tobago",earthquake,6.5,2.0,0.137,16.0,reviewed,us,us
2016-12-07T03:38:10.840Z,11.0694,-60.7362,50.41,4.5,mb,,85.0,0.301,0.92,us,us10007gj6,2017-03-03T07:06:06.040Z,"12 km S of Scarborough, Trinidad and Tobago",earthquake,6.1,6.0,0.15,13.0,reviewed,us,us
2016-12-06T23:48:52.020Z,11.0856,-60.7613,44.6,4.3,mb,,79.0,0.306,0.64,us,us10007gih,2017-03-03T07:06:06.040Z,"11 km SSW of Scarborough, Trinidad and Tobago",earthquake,2.3,10.2,0.147,13.0,reviewed,us,us
2016-12-06T22:12:26.290Z,11.0839,-60.7841,37.31,4.3,mb,,77.0,0.324,0.66,us,us10007ghq,2017-03-03T07:06:05.040Z,"12 km SSW of Scarborough, Trinidad and Tobago",earthquake,7.5,13.6,0.377,2.0,reviewed,us,us
2016-12-06T21:42:20.760Z,11.0316,-60.9005,31.75,5.9,mww,,29.0,1.319,1.22,us,us10007ggp,2022-05-03T18:04:05.669Z,"24 km SW of Scarborough, Trinidad and Tobago",earthquake,6.2,3.2,,,reviewed,us,us
2016-11-29T13:19:36.570Z,6.6168,-72.8662,169.5,4.2,mb,,149.0,2.279,0.6,us,us10007gkw,2022-08-07T11:34:43.878Z,"8 km SW of Molagavita, Colombia",earthquake,12.2,13.7,0.093,32.0,reviewed,us,us
2016-11-26T19:32:38.630Z,5.5127,-73.9445,124.03,4.3,mb,,52.0,0.762,0.56,us,us10007cl9,2017-02-23T00:11:49.040Z,"8 km ESE of Maripí, Colombia",earthquake,8.4,6.6,0.089,36.0,reviewed,us,us
2016-11-25T19:21:16.430Z,9.6063,-73.6008,135.04,4.1,mb,,78.0,2.614,1.09,us,us10007ecw,2017-02-23T00:11:47.040Z,"16 km ESE of El Paso, Colombia",earthquake,9.1,8.8,0.26,5.0,reviewed,us,us
2016-11-24T08:37:28.870Z,7.5507,-73.2753,153.02,4.4,mb,,66.0,2.882,0.85,us,us10007c1n,2017-02-15T23:21:39.040Z,"11 km NW of El Playón, Colombia",earthquake,4.3,13.1,0.138,15.0,reviewed,us,us
2016-11-22T04:12:21.550Z,12.749,-59.2548,26.86,4.3,mb,,165.0,0.491,0.59,us,us10007dsx,2017-02-15T23:21:35.040Z,Windward Islands,earthquake,6.6,7.2,0.188,8.0,reviewed,us,us
2016-11-21T01:36:28.020Z,10.2621,-62.1677,28.21,4.6,mwr,,61.0,1.906,0.78,us,us10007b1f,2017-02-15T23:21:31.040Z,"37 km SSE of Güiria, Venezuela",earthquake,7.0,6.0,0.098,10.0,reviewed,us,us
2016-11-14T05:48:49.680Z,6.7653,-73.0234,145.03,4.2,mb,,63.0,3.167,0.83,us,us100077kl,2017-02-09T03:02:25.040Z,"5 km WNW of Cepitá, Colombia",earthquake,8.0,9.2,0.054,97.0,reviewed,us,us
2016-11-12T20:57:01.390Z,10.5648,-62.7463,8.35,3.7,mwr,,47.0,1.89,0.97,us,us100079ek,2017-02-09T03:02:20.040Z,"49 km W of Güiria, Venezuela",earthquake,5.4,7.2,,,reviewed,us,car
2016-11-06T21:31:00.930Z,6.7389,-73.0345,148.47,4.4,mwr,,91.0,2.547,0.87,us,us100075wy,2017-02-02T02:21:02.040Z,"5 km NNW of Aratoca, Colombia",earthquake,9.4,11.5,,,reviewed,us,rsnc
2016-10-30T12:56:35.090Z,6.7163,-72.9182,165.14,4.3,mb,,73.0,2.324,0.59,us,us1000743i,2017-01-24T02:02:10.040Z,"7 km SE of Cepitá, Colombia",earthquake,9.9,9.4,0.083,41.0,reviewed,us,us
2016-10-28T11:55:37.090Z,6.5538,-72.7878,175.03,4.3,mb,,115.0,2.282,0.68,us,us100073qa,2017-01-24T02:02:07.040Z,"8 km NW of Covarachía, Colombia",earthquake,10.4,8.8,0.16,11.0,reviewed,us,us
2016-10-26T23:31:04.270Z,9.2476,-69.9011,10.0,4.2,mwr,,30.0,0.809,0.72,us,us1000727g,2017-01-20T00:31:08.040Z,"28 km NW of Guanare, Venezuela",earthquake,4.6,1.9,,,reviewed,us,car
2016-10-16T17:45:58.740Z,10.7735,-71.7514,35.0,4.3,mwr,,95.0,2.176,1.15,us,us20007em1,2017-01-15T01:14:01.040Z,"19 km NW of Maracaibo, Venezuela",earthquake,3.6,2.0,,,reviewed,us,car
2016-10-03T02:23:00.700Z,7.83,-72.14,5.0,3.5,mwr,,,,0.79,us,us10006ul8,2017-01-03T21:10:42.040Z,"9 km E of Táriba, Venezuela",earthquake,5.5,6.9,,,reviewed,car,car
2016-09-22T10:42:17.580Z,6.7735,-72.9705,151.48,4.8,mb,,35.0,2.34,1.14,us,us10006rl0,2016-12-12T23:01:36.040Z,"2 km NNE of Cepitá, Colombia",earthquake,7.0,8.3,0.027,416.0,reviewed,us,us
2016-09-22T04:32:52.630Z,6.817,-73.1,151.4,4.2,mwr,,,,0.86,us,us10006rid,2016-12-12T23:01:36.040Z,"9 km N of Jordán, Colombia",earthquake,7.9,7.3,,,reviewed,rsnc,rsnc
2016-09-16T02:37:40.600Z,6.807,-73.149,152.0,4.2,mwr,,,,0.93,us,us10006q02,2016-12-12T23:01:25.040Z,"10 km NW of Jordán, Colombia",earthquake,10.2,8.5,,,reviewed,rsnc,rsnc
2016-09-13T08:12:14.630Z,6.7882,-72.9375,156.04,4.2,mb,,63.0,2.371,1.26,us,us10006p84,2016-12-07T02:56:13.040Z,"5 km NE of Cepitá, Colombia",earthquake,5.5,12.0,0.136,15.0,reviewed,us,us
2016-08-28T12:23:30.790Z,7.3145,-73.014,19.86,4.5,mb,,68.0,2.776,1.1,us,us20006usr,2016-11-29T01:28:44.040Z,"0 km S of Matanza, Colombia",earthquake,7.0,3.6,0.055,98.0,reviewed,us,us
2016-08-26T04:55:15.530Z,6.721,-72.927,170.88,4.5,mwr,,63.0,2.323,0.94,us,us20006u4m,2016-11-29T01:28:40.040Z,"6 km SE of Cepitá, Colombia",earthquake,8.8,8.5,,,reviewed,us,rsnc
2016-08-24T01:57:59.060Z,3.833,-71.1255,13.49,4.0,mb,,74.0,3.341,0.74,us,us20006v9m,2016-11-19T04:58:37.040Z,"108 km SSE of Orocué, Colombia",earthquake,8.0,6.0,0.196,7.0,reviewed,us,us
2016-08-17T22:37:07.590Z,8.6209,-70.6308,10.0,4.2,mwr,,49.0,0.261,0.74,us,us10006ekp,2016-11-15T02:21:52.040Z,"28 km WSW of Barinitas, Venezuela",earthquake,5.6,1.8,,,reviewed,us,car
2016-08-13T09:29:44.000Z,6.8,-73.14,145.0,4.2,mwr,,,,0.97,us,us10006djk,2016-11-15T02:21:47.040Z,"8 km NNW of Jordán, Colombia",earthquake,8.7,7.5,,,reviewed,rsnc,rsnc
2016-08-02T13:13:31.150Z,10.8082,-62.233,93.28,4.2,mb,,95.0,1.433,1.16,us,us10006af9,2016-10-19T04:52:13.040Z,"26 km NNE of Güiria, Venezuela",earthquake,8.9,10.3,0.199,7.0,reviewed,us,us
2016-07-26T04:32:20.400Z,6.8164,-73.0401,157.27,4.9,mwr,,66.0,2.336,0.67,us,us20006hnk,2016-09-24T22:47:20.040Z,"9 km NW of Cepitá, Colombia",earthquake,7.7,8.4,,,reviewed,us,rsnc
2016-07-15T06:42:05.180Z,9.3478,-70.6741,10.0,4.1,mwr,,48.0,0.462,0.87,us,us20006ev2,2016-09-17T01:27:45.040Z,"8 km WNW of Valera, Venezuela",earthquake,6.8,1.9,,,reviewed,us,car
2016-07-13T10:33:24.280Z,6.8015,-73.0183,136.67,4.2,mwr,,42.0,1.95,1.0,us,us10006381,2016-09-08T01:50:30.040Z,"7 km NW of Cepitá, Colombia",earthquake,7.1,6.4,,,reviewed,us,rsnc
2016-07-13T02:15:43.930Z,5.3471,-73.6464,148.76,4.2,mb,,69.0,2.086,0.96,us,us20006ftf,2016-09-08T01:50:29.040Z,"6 km SE of Guachetá, Colombia",earthquake,8.3,7.2,0.056,89.0,reviewed,us,us
2016-07-09T10:13:56.360Z,10.9267,-62.3906,110.75,4.2,mb,,63.0,1.399,1.09,us,us20006ew5,2016-09-08T01:50:24.040Z,"39 km NNW of Güiria, Venezuela",earthquake,6.6,10.2,0.112,22.0,reviewed,us,us
2016-07-04T02:08:28.920Z,6.8989,-73.0952,143.49,4.4,mb,,107.0,1.845,1.11,us,us100062ke,2016-09-02T21:36:36.040Z,"11 km SSW of Piedecuesta, Colombia",earthquake,8.1,9.2,0.218,6.0,reviewed,us,us
2016-06-28T03:29:09.800Z,6.8513,-73.0154,146.71,4.4,mwr,,30.0,1.936,0.7,us,us200067eh,2016-08-31T03:08:20.040Z,"11 km NNW of Cepitá, Colombia",earthquake,5.4,6.4,,,reviewed,us,rsnc
2016-06-23T22:28:55.450Z,6.8285,-73.0238,148.57,4.4,mb,,38.0,1.935,1.0,us,us200066cn,2022-08-03T02:34:47.529Z,"9 km NNW of Cepitá, Colombia",earthquake,5.7,5.7,0.032,278.0,reviewed,us,us
2016-06-23T05:35:36.950Z,6.7846,-72.9697,141.92,4.5,mwr,,28.0,2.001,0.98,us,us20006664,2016-08-27T02:15:35.040Z,"3 km N of Cepitá, Colombia",earthquake,2.8,7.4,,,reviewed,us,rsnc
2016-06-12T07:00:36.660Z,6.8819,-73.0507,151.7,4.2,mb,,90.0,1.375,1.31,us,us2000652r,2016-08-25T01:22:52.040Z,"11 km S of Piedecuesta, Colombia",earthquake,8.1,10.0,0.166,10.0,reviewed,us,us
2016-06-09T03:38:31.490Z,11.8223,-60.9548,67.11,4.1,mb,,91.0,0.663,1.02,us,us200062zl,2016-08-18T00:36:36.040Z,"74 km NNW of Scarborough, Trinidad and Tobago",earthquake,5.2,8.2,0.234,5.0,reviewed,us,us
2016-06-06T18:06:54.130Z,8.719,-70.7774,10.0,4.4,mwr,,35.0,0.216,0.94,us,us200062cw,2022-08-03T01:03:29.218Z,"40 km W of Barinitas, Venezuela",earthquake,5.1,1.8,,,reviewed,us,car
2016-06-06T07:24:07.130Z,6.8371,-73.0254,150.45,4.2,mb,,56.0,1.424,1.2,us,us200063kd,2016-08-18T00:36:32.040Z,northern Colombia,earthquake,7.6,7.4,0.083,40.0,reviewed,us,us
2016-05-31T06:30:21.980Z,6.8562,-73.0544,149.25,4.4,mb,,42.0,1.399,1.11,us,us20005zbf,2016-08-10T22:30:29.040Z,"14 km NW of Cepitá, Colombia",earthquake,7.2,6.5,0.081,44.0,reviewed,us,us
2016-05-30T23:43:26.640Z,6.935,-73.1317,156.58,4.4,mb,,80.0,1.309,1.24,us,us200061r3,2016-08-10T22:30:28.040Z,"10 km WSW of Piedecuesta, Colombia",earthquake,6.9,10.4,0.239,5.0,reviewed,us,us
2016-05-22T13:57:56.860Z,6.8835,-73.072,151.55,4.3,mb,,54.0,1.37,1.36,us,us20005yjl,2016-08-03T22:33:42.040Z,"11 km SSW of Piedecuesta, Colombia",earthquake,5.3,6.6,0.133,16.0,reviewed,us,us
2016-05-20T17:27:30.610Z,6.8685,-73.1168,153.34,4.2,mb,,41.0,1.377,1.33,us,us20005y4r,2016-08-03T22:33:39.040Z,"15 km SSW of Piedecuesta, Colombia",earthquake,5.8,6.6,0.159,11.0,reviewed,us,us
2016-05-15T13:35:32.310Z,6.9476,-73.1265,150.37,4.2,mb,,52.0,1.298,1.2,us,us10005ix9,2016-07-22T19:39:07.040Z,"9 km WSW of Piedecuesta, Colombia",earthquake,7.5,7.3,0.118,20.0,reviewed,us,us
2016-05-13T13:25:24.320Z,6.9191,-73.0666,146.5,4.2,mb,,109.0,1.336,1.19,us,us10005iv2,2016-07-22T19:39:04.040Z,"7 km SSW of Piedecuesta, Colombia",earthquake,7.3,5.2,0.121,19.0,reviewed,us,us
2016-05-11T14:46:09.380Z,6.8225,-72.9845,157.13,4.4,mb,,47.0,1.447,0.71,us,us10005gje,2016-07-20T18:10:53.040Z,northern Colombia,earthquake,7.6,7.1,0.127,18.0,reviewed,us,us
2016-05-06T13:56:40.820Z,7.3933,-73.0789,139.94,4.2,mb,,85.0,0.874,0.8,us,us10005h5l,2016-07-20T18:10:45.040Z,"10 km NW of Matanza, Colombia",earthquake,4.5,6.1,0.121,19.0,reviewed,us,us
2016-04-30T16:11:46.330Z,6.6808,-72.9867,170.93,4.4,mwr,,49.0,2.255,0.95,us,us10005cqm,2016-07-19T20:03:07.040Z,"3 km ESE of Aratoca, Colombia",earthquake,9.4,7.8,,,reviewed,us,rsnc
2016-04-26T02:23:28.520Z,8.5588,-71.3297,8.95,4.4,mb,,36.0,0.759,0.77,us,us10005bk5,2016-07-08T02:49:23.040Z,"9 km W of Ejido, Venezuela",earthquake,4.6,1.9,0.083,42.0,reviewed,us,us
2016-04-26T01:50:15.110Z,6.587,-73.5013,127.42,4.3,mwr,,38.0,1.619,0.84,us,us10005bk0,2022-08-02T20:11:02.155Z,"12 km S of El Carmen de Chucurí, Colombia",earthquake,6.2,6.9,,,reviewed,us,rsnc
2016-04-25T03:07:46.650Z,10.5125,-62.5345,22.52,3.5,mwr,,98.0,1.826,1.11,us,us20005lhl,2016-07-08T02:49:21.040Z,"26 km WSW of Güiria, Venezuela",earthquake,6.9,8.5,,,reviewed,us,car
2016-04-20T05:35:25.010Z,6.8362,-72.9767,150.63,4.2,mb,,46.0,1.435,0.97,us,us20005k29,2016-06-27T23:02:24.040Z,"9 km N of Cepitá, Colombia",earthquake,7.4,6.7,0.121,19.0,reviewed,us,us
2016-04-11T19:33:10.800Z,6.9378,-73.142,153.56,4.1,mb,,89.0,1.305,1.11,us,us20005jt6,2016-06-21T01:14:08.040Z,"11 km WSW of Piedecuesta, Colombia",earthquake,5.9,9.0,0.174,9.0,reviewed,us,us
2016-04-08T10:47:27.080Z,6.8417,-73.0933,149.89,4.3,mb,,49.0,1.407,1.28,us,us20005ieh,2016-06-21T01:14:03.040Z,"12 km N of Jordán, Colombia",earthquake,7.7,5.0,0.065,67.0,reviewed,us,us
2016-04-07T23:55:03.690Z,8.6915,-71.3127,12.1,4.3,mb,,45.0,0.697,0.74,us,us20005ibs,2016-06-17T21:45:58.040Z,"17 km NNW of Ejido, Venezuela",earthquake,3.0,5.2,0.147,13.0,reviewed,us,us
2016-04-07T12:22:21.990Z,10.5418,-62.5876,86.21,5.2,mb,,40.0,1.826,0.96,us,us20005g43,2025-12-22T17:35:28.075Z,"31 km W of Güiria, Venezuela",earthquake,7.0,5.0,0.027,448.0,reviewed,us,us
2016-04-01T14:02:44.530Z,6.9231,-73.0895,155.6,4.3,mb,,96.0,1.328,0.72,us,us20005g2g,2016-06-17T21:44:51.040Z,"8 km SSW of Piedecuesta, Colombia",earthquake,7.8,6.0,0.1,28.0,reviewed,us,us
2016-03-24T21:27:00.730Z,6.9559,-73.1948,154.53,4.6,mb,,155.0,1.281,1.06,us,us20005dep,2016-06-09T21:41:59.040Z,"11 km ENE of Betulia, Colombia",earthquake,6.2,9.2,0.244,5.0,reviewed,us,us
2016-03-23T04:38:01.890Z,6.8819,-73.0951,158.41,4.3,mwr,,71.0,1.367,0.98,us,us20005byt,2016-06-09T21:41:57.040Z,"12 km SSW of Piedecuesta, Colombia",earthquake,7.7,8.5,,,reviewed,us,rsnc
2016-03-17T02:20:24.970Z,6.8131,-73.1316,153.54,4.0,mwr,,94.0,1.429,0.66,us,us20005bh3,2016-05-21T00:05:34.040Z,"9 km NNW of Jordán, Colombia",earthquake,8.0,6.8,,,reviewed,us,rsnc
2016-03-09T06:27:17.070Z,6.8264,-73.0422,148.86,5.0,mb,,24.0,1.431,1.33,us,us10004w8b,2022-08-02T13:36:12.096Z,"10 km NW of Cepitá, Colombia",earthquake,6.6,5.6,0.025,518.0,reviewed,us,us
2016-03-09T05:23:56.300Z,6.8552,-73.0687,145.04,4.5,mb,,41.0,1.398,1.32,us,us10004w84,2016-05-16T18:01:49.040Z,"13 km NNE of Jordán, Colombia",earthquake,6.4,8.2,0.093,34.0,reviewed,us,us
2016-03-06T04:59:16.100Z,6.8753,-73.239,159.5,4.2,mb,,80.0,1.358,0.57,us,us10004whl,2016-05-16T18:01:45.040Z,"5 km ESE of Betulia, Colombia",earthquake,6.7,9.6,0.199,7.0,reviewed,us,us
2016-03-03T22:14:57.380Z,10.8872,-62.3014,98.24,4.1,mb,,91.0,1.39,1.16,us,us10004w0u,2016-05-06T23:34:26.040Z,"34 km N of Güiria, Venezuela",earthquake,4.0,9.9,0.371,2.0,reviewed,us,us
2016-02-28T14:29:50.620Z,6.6966,-72.9795,164.92,4.1,mb,,69.0,2.272,0.71,us,us10004udb,2016-05-06T23:34:17.040Z,"4 km E of Aratoca, Colombia",earthquake,9.3,8.4,0.105,25.0,reviewed,us,us
2016-02-28T05:28:13.270Z,6.7738,-72.9644,154.62,4.3,mwr,,47.0,2.344,0.88,us,us10004t9s,2022-08-02T12:21:18.916Z,"2 km NNE of Cepitá, Colombia",earthquake,7.8,5.4,,,reviewed,us,rsnc
2016-02-17T15:27:41.650Z,6.878,-73.0318,156.03,4.0,mb,,96.0,1.383,1.02,us,us10004qn4,2022-08-02T10:31:13.712Z,"12 km S of Piedecuesta, Colombia",earthquake,8.0,6.6,0.082,40.0,reviewed,us,us
2016-02-17T14:49:55.540Z,3.6211,-72.9565,14.89,4.4,mb,,73.0,1.824,1.06,us,us10004qmg,2022-08-07T09:47:57.679Z,"33 km ESE of San Carlos de Guaroa, Colombia",earthquake,7.2,2.5,0.149,13.0,reviewed,us,us
2016-02-15T13:14:25.150Z,9.36,-70.3686,5.0,4.5,mb,,38.0,0.54,0.88,us,us2000509i,2016-04-26T23:28:22.040Z,"7 km E of Trujillo, Venezuela",earthquake,5.2,1.9,0.135,16.0,reviewed,us,us
2016-02-14T16:37:14.750Z,12.3341,-73.3571,28.03,4.4,mb,,61.0,1.478,0.97,us,us10004qjt,2016-04-26T23:28:21.040Z,"100 km NNW of Riohacha, Colombia",earthquake,3.4,5.5,0.179,9.0,reviewed,us,us
2016-02-11T07:14:37.000Z,6.818,-73.135,154.2,4.8,mb,,,,1.53,us,us20004zge,2016-04-19T01:33:29.040Z,"10 km NNW of Jordán, Colombia",earthquake,6.6,2.9,0.083,45.0,reviewed,rsnc,us
2016-02-10T23:41:42.030Z,6.7957,-73.0323,154.39,4.4,mb,,42.0,1.463,0.99,us,us20004zeh,2016-04-19T01:33:29.040Z,"7 km NW of Cepitá, Colombia",earthquake,6.9,7.0,0.095,32.0,reviewed,us,us
2016-02-06T12:05:31.140Z,6.8302,-73.0439,145.4,4.3,mwr,,49.0,1.427,1.02,us,us20004ybp,2016-04-19T01:33:21.040Z,"11 km NW of Cepitá, Colombia",earthquake,5.9,5.9,,,reviewed,us,rsnc
2016-02-02T01:14:53.850Z,6.8618,-73.1043,149.3,4.0,mb,,47.0,1.385,0.94,us,us20004y3a,2016-04-14T22:51:39.040Z,"14 km N of Jordán, Colombia",earthquake,6.3,7.0,0.183,8.0,reviewed,us,us
2016-01-24T09:28:53.530Z,6.8158,-73.0647,149.32,4.4,mb,,42.0,1.437,0.77,us,us10004gq7,2016-04-08T23:06:10.040Z,"9 km NNE of Jordán, Colombia",earthquake,6.5,5.9,0.074,53.0,reviewed,us,us
2016-01-13T02:12:10.170Z,10.8561,-62.252,89.43,3.9,mwr,,93.0,1.397,1.21,us,us10004dwn,2016-03-30T02:27:57.040Z,"31 km N of Güiria, Venezuela",earthquake,6.5,8.1,,,reviewed,us,car
2016-01-08T14:55:19.370Z,5.2702,-72.5096,35.0,4.5,mb,,61.0,1.853,0.93,us,us10004cd2,2016-03-30T02:27:49.040Z,"11 km NNE of Aguazul, Colombia",earthquake,7.6,2.0,0.105,27.0,reviewed,us,us
2016-01-05T14:33:40.800Z,10.9869,-61.9988,107.1,4.7,mb,,81.0,1.187,1.01,us,us10004bj4,2022-08-07T08:40:25.501Z,"55 km NE of Güiria, Venezuela",earthquake,6.7,5.5,0.04,187.0,reviewed,us,us
2016-01-04T21:05:55.280Z,6.8216,-73.0316,147.44,4.4,mb,,41.0,1.437,1.11,us,us10004bcw,2016-03-28T22:09:37.040Z,"9 km NW of Cepitá, Colombia",earthquake,7.5,7.3,0.062,75.0,reviewed,us,us
2016-01-04T14:59:11.690Z,9.6102,-70.7754,18.4,4.5,mb,,46.0,0.735,1.14,us,us10004b74,2022-08-02T02:52:02.896Z,"37 km NNW of Valera, Venezuela",earthquake,5.4,4.6,0.07,60.0,reviewed,us,us
2016-01-01T05:28:57.000Z,6.816,-73.152,150.8,4.3,mb,,,,0.88,us,us10004apg,2016-03-28T22:09:31.040Z,"11 km NW of Jordán, Colombia",earthquake,7.4,6.0,0.079,45.0,reviewed,rsnc,us
2015-12-09T18:10:22.120Z,6.9051,-73.0808,153.83,4.0,mb,,97.0,1.347,1.29,us,us20004gi6,2016-03-02T03:36:42.040Z,"9 km SSW of Piedecuesta, Colombia",earthquake,8.1,7.2,0.233,5.0,reviewed,us,us
2015-12-09T09:49:02.570Z,8.6255,-71.3945,10.0,4.4,mb,,39.0,0.794,0.81,us,us20004ft3,2016-03-02T03:36:40.040Z,"19 km WNW of Ejido, Venezuela",earthquake,4.3,1.4,0.13,17.0,reviewed,us,us
2015-12-05T06:04:48.990Z,8.5889,-71.373,10.0,3.9,mwr,,42.0,0.787,1.14,us,us20004fs8,2016-03-02T03:36:32.040Z,"15 km WNW of Ejido, Venezuela",earthquake,5.4,1.9,,,reviewed,us,car
2015-11-30T21:51:48.400Z,6.8172,-73.0172,144.58,4.4,mb,,80.0,1.445,0.9,us,us100042a9,2016-02-25T22:33:03.040Z,"8 km NW of Cepitá, Colombia",earthquake,7.2,7.2,0.07,58.0,reviewed,us,us
2015-11-30T11:50:32.530Z,10.4605,-63.6281,10.0,4.2,mwr,,70.0,2.551,1.22,us,us1000425i,2026-02-28T13:12:57.112Z,"46 km WSW of Carúpano, Venezuela",earthquake,6.4,1.9,,,reviewed,us,car
2015-11-30T04:28:16.580Z,10.5937,-62.5428,75.71,3.7,mwr,,62.0,1.76,1.17,us,us10004231,2022-08-01T21:01:29.425Z,"26 km W of Güiria, Venezuela",earthquake,6.0,8.0,,,reviewed,us,car
2015-11-28T17:45:03.440Z,6.7085,-72.9931,167.26,4.8,mb,,34.0,2.274,1.21,us,us100041x9,2022-08-01T20:51:13.456Z,"3 km ENE of Aratoca, Colombia",earthquake,7.2,5.6,0.032,306.0,reviewed,us,us
2015-11-28T11:00:19.860Z,4.0152,-71.2338,16.12,4.7,mb,,56.0,3.186,1.24,us,us100042pv,2016-02-25T22:32:58.040Z,"86 km S of Orocué, Colombia",earthquake,6.3,3.8,0.11,25.0,reviewed,us,us
2015-11-28T10:59:11.390Z,3.8856,-71.1716,15.38,4.7,mb,,52.0,3.281,0.62,us,us100041vi,2016-11-10T22:02:33.006Z,"101 km S of Orocué, Colombia",earthquake,1.8,4.4,0.078,51.0,reviewed,us,us
2015-11-23T20:15:41.560Z,8.6211,-71.4133,10.0,4.2,mwr,,50.0,0.813,0.84,us,us100040ik,2022-08-01T19:53:17.350Z,"20 km WNW of Ejido, Venezuela",earthquake,5.5,1.9,,,reviewed,us,car
2015-11-22T20:38:31.430Z,8.5217,-71.3869,10.0,5.1,mwr,,34.0,0.826,1.06,us,us100040dr,2022-08-01T19:34:10.886Z,"16 km W of Ejido, Venezuela",earthquake,5.9,1.8,,,reviewed,us,car
2015-11-20T23:05:54.150Z,8.5216,-71.3715,7.66,4.2,mwr,,36.0,0.813,0.84,us,us10003zyw,2016-02-18T04:48:46.040Z,"14 km W of Ejido, Venezuela",earthquake,3.9,4.5,,,reviewed,us,car
2015-11-20T18:00:04.410Z,8.5039,-71.3647,10.0,4.8,mwr,,34.0,0.815,0.76,us,us10003zvp,2022-08-01T19:05:49.041Z,"14 km WSW of Ejido, Venezuela",earthquake,2.7,1.8,,,reviewed,us,car
2015-11-20T17:53:11.580Z,8.6212,-71.3917,10.0,3.9,mwr,,39.0,0.793,1.22,us,us100040sq,2016-02-18T04:48:46.040Z,"18 km WNW of Ejido, Venezuela",earthquake,5.0,1.9,,,reviewed,us,car
2015-11-14T14:03:53.700Z,8.5856,-71.2943,10.0,4.3,mwr,,40.0,0.716,0.83,us,us10003yce,2016-02-13T02:08:21.040Z,"7 km NW of Ejido, Venezuela",earthquake,5.0,1.7,,,reviewed,us,car
2015-11-14T12:20:22.860Z,8.5222,-71.378,9.22,4.8,mwr,,40.0,0.818,0.72,us,us10003yc3,2016-11-10T22:00:38.272Z,"15 km W of Ejido, Venezuela",earthquake,5.3,4.3,,,reviewed,us,car
2015-11-14T11:24:32.200Z,8.5554,-71.3886,12.54,4.2,mb,,53.0,0.814,0.5,us,us10003z98,2016-02-13T02:08:21.040Z,"16 km W of Ejido, Venezuela",earthquake,3.8,5.3,0.215,6.0,reviewed,us,us
2015-11-10T19:23:59.090Z,8.5093,-71.4131,2.74,3.9,mwr,,39.0,0.855,0.91,us,us10003y1u,2016-02-05T03:16:41.040Z,"19 km WSW of Ejido, Venezuela",earthquake,5.3,4.1,,,reviewed,us,car
2015-11-10T16:35:48.550Z,8.559,-71.3893,4.87,4.2,mwr,,36.0,0.813,0.87,us,us10003wwq,2016-02-05T03:16:41.040Z,"16 km W of Ejido, Venezuela",earthquake,5.2,4.5,,,reviewed,us,car
2015-11-09T18:57:54.250Z,8.4795,-71.3612,10.0,4.0,mb,,48.0,0.823,0.84,us,us10003xvj,2016-02-05T03:16:40.040Z,"15 km WSW of Ejido, Venezuela",earthquake,5.4,1.9,0.3,3.0,reviewed,us,us
2015-11-09T17:48:44.440Z,8.5547,-71.3658,12.36,4.6,mb,,37.0,0.794,0.93,us,us10003w0u,2016-02-05T03:16:40.040Z,"13 km W of Ejido, Venezuela",earthquake,5.1,4.7,0.073,56.0,reviewed,us,us
2015-11-09T15:51:57.620Z,8.4695,-71.2623,15.34,4.0,mb,,51.0,0.745,1.24,us,us10003xw2,2016-02-05T03:16:39.040Z,"8 km SSW of Ejido, Venezuela",earthquake,6.6,6.4,0.298,3.0,reviewed,us,us
2015-11-09T13:34:13.310Z,8.5819,-71.3624,11.11,4.1,mwr,,38.0,0.78,0.84,us,us10003vy6,2016-02-05T03:16:39.040Z,"13 km WNW of Ejido, Venezuela",earthquake,3.3,4.2,,,reviewed,us,car
2015-11-09T03:49:34.630Z,8.5309,-71.3527,9.59,3.7,mwr,,40.0,0.792,0.92,us,us10003vvv,2022-08-01T19:56:17.019Z,"12 km W of Ejido, Venezuela",earthquake,5.9,4.5,,,reviewed,us,car
2015-11-08T19:43:33.820Z,8.6268,-71.3976,10.0,4.1,mb,,39.0,0.796,1.09,us,us10003z2e,2016-02-05T03:16:37.040Z,"19 km WNW of Ejido, Venezuela",earthquake,4.7,2.0,0.213,6.0,reviewed,us,us
2015-11-08T15:16:45.010Z,8.6445,-71.4553,10.0,4.4,mb,,132.0,0.846,0.89,us,us10003z1n,2016-02-05T03:16:36.040Z,"22 km E of El Vigía, Venezuela",earthquake,6.1,2.0,0.311,3.0,reviewed,us,us
2015-11-07T23:50:28.300Z,8.6404,-71.4244,10.42,4.2,mwr,,45.0,0.817,0.76,us,us10003x2f,2016-02-05T03:16:35.040Z,"22 km WNW of Ejido, Venezuela",earthquake,5.1,6.7,,,reviewed,us,car
2015-11-07T23:43:44.890Z,8.5998,-71.3791,12.94,4.0,mwr,,54.0,0.788,0.79,us,us20004fpl,2016-02-05T03:16:35.040Z,"16 km WNW of Ejido, Venezuela",earthquake,3.3,7.6,,,reviewed,us,car
2015-11-07T17:37:47.990Z,8.5,-71.3982,12.37,4.9,mwr,,38.0,0.846,0.71,us,us10003vki,2022-08-01T16:33:14.085Z,"18 km WSW of Ejido, Venezuela",earthquake,4.9,3.6,,,reviewed,us,car
2015-11-07T15:53:45.750Z,8.5663,-71.3353,5.0,4.5,mwr,,38.0,0.761,0.89,us,us10003vk8,2022-08-01T16:30:32.306Z,"10 km WNW of Ejido, Venezuela",earthquake,5.5,1.9,,,reviewed,us,car
2015-11-07T08:44:13.460Z,8.5013,-71.4056,5.09,4.2,mwr,,40.0,0.852,1.36,us,us10003x1p,2016-02-05T03:16:33.040Z,"18 km WSW of Ejido, Venezuela",earthquake,3.0,6.1,,,reviewed,us,car
2015-11-07T07:37:44.850Z,8.4665,-71.3919,3.58,4.3,mwr,,173.0,0.856,0.57,us,us1000439b,2016-02-05T03:16:33.040Z,"18 km WSW of Ejido, Venezuela",earthquake,4.0,9.2,,,reviewed,us,car
2015-11-07T07:31:10.580Z,8.5982,-71.4399,9.24,4.3,mwr,,20.0,0.845,0.66,us,us10003vgu,2022-08-01T16:24:41.141Z,"22 km WNW of Ejido, Venezuela",earthquake,4.7,4.6,,,reviewed,us,car
2015-11-07T06:58:30.300Z,8.4672,-71.3957,15.12,5.3,mww,,34.0,0.859,0.56,us,us10003vgf,2022-08-01T16:21:55.032Z,"19 km WSW of Ejido, Venezuela",earthquake,5.5,3.3,,,reviewed,us,us
2015-11-02T14:31:15.970Z,6.9812,-73.175,148.57,4.0,mb,,56.0,1.258,0.87,us,us20004205,2016-01-30T02:11:03.040Z,"9 km S of Girón, Colombia",earthquake,7.7,7.3,0.15,12.0,reviewed,us,us
2015-10-29T22:40:25.090Z,6.8498,-73.0719,146.37,4.5,mb,,31.0,0.95,0.74,us,us200040ls,2016-01-30T02:10:55.040Z,"13 km NNE of Jordán, Colombia",earthquake,5.7,4.4,0.048,128.0,reviewed,us,us
2015-10-29T00:34:23.010Z,6.8083,-73.0203,154.83,4.5,mb,,37.0,0.911,0.83,us,us200040cm,2016-01-30T02:10:53.040Z,"7 km NW of Cepitá, Colombia",earthquake,6.8,6.0,0.063,73.0,reviewed,us,us
2015-10-17T05:53:45.000Z,6.828,-73.141,150.0,4.1,mb,,,,1.14,us,us10003paz,2016-01-15T20:50:53.040Z,"11 km NNW of Jordán, Colombia",earthquake,5.1,6.3,0.185,8.0,reviewed,rsnc,us
2015-10-17T00:57:01.340Z,10.7556,-62.8778,10.0,4.7,mb,,38.0,1.783,0.72,us,us10003pad,2016-01-15T20:50:52.040Z,"42 km ENE of Carúpano, Venezuela",earthquake,4.4,1.5,0.039,204.0,reviewed,us,us
2015-10-15T18:12:23.840Z,10.306,-60.4299,10.0,4.3,mb,,139.0,0.991,0.84,us,us10003qpw,2016-01-15T20:50:41.040Z,"81 km E of Rio Claro, Trinidad and Tobago",earthquake,6.9,1.9,0.188,8.0,reviewed,us,us
2015-10-14T07:47:18.980Z,7.6522,-73.3038,125.68,5.0,mww,,31.0,1.761,1.24,us,us10003niy,2025-12-22T17:10:01.688Z,"15 km SE of San Alberto, Colombia",earthquake,6.5,4.9,,,reviewed,us,us
2015-10-07T14:35:47.480Z,6.8568,-73.024,146.92,4.1,mb,,75.0,0.959,0.63,us,us10003nvi,2016-01-04T22:29:33.040Z,"12 km NNW of Cepitá, Colombia",earthquake,9.7,7.4,0.151,12.0,reviewed,us,us
2015-09-23T18:47:23.230Z,6.5415,-73.4908,136.56,4.4,mb,,68.0,0.761,0.7,us,us20003nfc,2022-08-01T07:30:46.287Z,"17 km S of El Carmen de Chucurí, Colombia",earthquake,5.5,5.7,0.044,146.0,reviewed,us,us
2015-09-20T14:29:21.790Z,6.8915,-73.1521,143.17,4.2,mb,,67.0,0.994,0.91,us,us10003kf5,2015-12-21T23:16:27.040Z,"14 km E of Betulia, Colombia",earthquake,6.7,7.8,0.264,4.0,reviewed,us,us
2015-09-10T07:49:36.350Z,11.1535,-62.4765,115.12,4.9,mww,,66.0,1.263,0.87,us,us20003hpr,2022-08-01T04:16:05.030Z,"66 km NNW of Güiria, Venezuela",earthquake,6.0,4.9,,,reviewed,us,us
2015-09-07T17:35:31.490Z,6.841,-73.0673,151.89,4.4,mb,,27.0,0.942,0.92,us,us20003h4k,2015-12-05T01:40:34.040Z,"12 km NNE of Jordán, Colombia",earthquake,7.5,6.8,0.04,178.0,reviewed,us,us
2015-09-07T15:55:45.700Z,6.8311,-73.0622,145.22,4.2,mb,,68.0,0.932,0.71,us,us20003las,2015-12-05T01:40:34.040Z,"11 km NNE of Jordán, Colombia",earthquake,7.9,6.3,0.071,56.0,reviewed,us,us
2015-09-01T11:32:27.140Z,6.9407,-73.1794,143.25,4.2,mb,,106.0,1.045,1.01,us,us20003jcl,2015-12-01T00:36:08.040Z,"12 km ENE of Betulia, Colombia",earthquake,4.8,10.4,0.372,2.0,reviewed,us,us
2015-08-31T17:42:19.580Z,3.9102,-71.1105,15.42,4.1,mb,,41.0,2.782,0.79,us,us20003f5n,2015-12-01T00:36:06.040Z,"100 km SSE of Orocué, Colombia",earthquake,7.8,5.3,0.197,7.0,reviewed,us,us
2015-08-30T18:29:17.360Z,10.6428,-62.4945,101.17,4.1,mwr,,86.0,1.694,0.99,us,us20003iss,2015-12-01T00:36:04.040Z,"22 km WNW of Güiria, Venezuela",earthquake,9.1,7.6,,,reviewed,us,car
2015-08-30T15:13:11.790Z,6.7752,-73.0271,153.24,4.3,mb,,39.0,0.878,0.75,us,us1000365x,2015-12-01T00:36:04.040Z,"6 km WNW of Cepitá, Colombia",earthquake,7.1,4.0,0.046,137.0,reviewed,us,us
2015-08-30T13:32:00.220Z,10.8936,-62.2469,89.49,4.0,mwr,,88.0,1.361,1.31,us,us1000365p,2015-12-01T00:36:04.040Z,"35 km N of Güiria, Venezuela",earthquake,7.3,7.3,,,reviewed,us,car
2015-08-24T07:04:46.460Z,6.8097,-73.0025,154.29,4.1,mb,,28.0,0.914,0.68,us,us20003hab,2015-11-24T02:09:32.040Z,"6 km NNW of Cepitá, Colombia",earthquake,6.5,3.9,0.077,46.0,reviewed,us,us
2015-08-24T02:15:50.620Z,3.8666,-71.2033,10.0,4.4,mb,,52.0,2.749,1.11,us,us100034e9,2015-11-24T02:09:31.040Z,"103 km S of Orocué, Colombia",earthquake,7.2,1.8,0.081,44.0,reviewed,us,us
2015-08-21T12:49:58.550Z,10.1507,-63.0149,10.0,4.0,mwr,,74.0,2.379,1.03,us,us100033y1,2015-11-24T02:09:26.040Z,"48 km NNE of Maturín, Venezuela",earthquake,6.3,1.7,,,reviewed,us,car
2015-08-12T20:16:42.500Z,6.8306,-73.0128,159.89,4.2,mb,,37.0,0.934,0.83,us,us100031p4,2015-11-06T18:06:27.040Z,"9 km NNW of Cepitá, Colombia",earthquake,7.8,5.0,0.072,53.0,reviewed,us,us
2015-08-10T19:17:26.970Z,6.828,-73.0643,141.86,4.0,mwr,,103.0,0.929,0.72,us,us100035b6,2015-11-06T18:06:30.040Z,"11 km NNE of Jordán, Colombia",earthquake,6.0,7.8,,,reviewed,us,car
2015-08-10T16:59:43.010Z,5.2914,-72.5448,10.0,4.4,mb,,73.0,0.802,1.34,us,us100030uq,2015-11-06T18:06:25.040Z,"13 km N of Aguazul, Colombia",earthquake,6.1,2.0,0.239,5.0,reviewed,us,us
2015-08-09T19:36:18.300Z,10.9,-72.29,127.8,4.7,mwr,,,,1.95,us,us100030m1,2022-07-31T23:09:49.402Z,"43 km SE of Albania, Colombia",earthquake,6.6,5.7,,,reviewed,car,car
2015-08-04T15:55:47.120Z,6.804,-73.0847,157.01,4.1,mb,,98.0,2.302,0.91,us,us100033zv,2015-10-30T02:47:48.040Z,"7 km N of Jordán, Colombia",earthquake,9.1,8.8,0.131,16.0,reviewed,us,us
2015-08-02T18:57:48.000Z,10.59,-62.4,31.8,4.1,mwr,,,,1.54,us,us10002xbr,2022-07-31T22:04:48.752Z,"11 km W of Güiria, Venezuela",earthquake,7.4,3.0,,,reviewed,car,car
2015-07-26T13:09:22.620Z,6.7602,-73.075,155.7,4.2,mb,,33.0,0.861,0.71,us,us2000307f,2015-10-22T20:05:01.040Z,"3 km NE of Jordán, Colombia",earthquake,7.3,6.1,0.039,183.0,reviewed,us,us
2015-07-26T10:13:06.320Z,6.8911,-73.1014,147.8,4.2,mb,,58.0,0.991,0.56,us,us2000307a,2015-10-22T20:05:00.040Z,"12 km SSW of Piedecuesta, Colombia",earthquake,7.8,8.1,0.067,61.0,reviewed,us,us
2015-07-14T23:26:57.360Z,6.8063,-73.011,150.02,4.7,mwr,,42.0,0.91,1.22,us,us20002xih,2015-10-09T20:19:18.040Z,"7 km NW of Cepitá, Colombia",earthquake,7.5,5.2,,,reviewed,us,rsnc
2015-07-05T08:54:22.470Z,6.8078,-73.0116,156.64,4.5,mb,,60.0,0.911,1.01,us,us10002ni1,2015-09-30T00:20:56.040Z,"7 km NW of Cepitá, Colombia",earthquake,6.1,6.8,0.054,98.0,reviewed,us,us
2015-07-01T05:55:25.260Z,6.8576,-73.0132,143.7,4.6,mb,,41.0,0.96,0.95,us,us10002mr1,2022-07-31T16:15:46.150Z,"12 km NNW of Cepitá, Colombia",earthquake,7.5,6.8,0.036,237.0,reviewed,us,us
2015-06-26T03:02:05.900Z,11.0536,-62.4171,115.81,4.0,mwr,,69.0,1.307,0.96,us,us10002lrh,2022-07-31T15:08:01.453Z,"54 km NNW of Güiria, Venezuela",earthquake,5.6,7.2,,,reviewed,us,car
2015-06-26T01:15:08.970Z,10.2744,-62.2291,44.13,3.9,mwr,,93.0,1.93,0.8,us,us20003fjv,2015-09-02T22:37:19.040Z,"34 km SSE of Güiria, Venezuela",earthquake,7.3,4.0,,,reviewed,us,car
2015-06-26T01:14:53.750Z,10.2464,-62.3807,74.38,3.7,mb,,107.0,2.005,0.59,us,us20002wk7,2015-09-02T22:37:19.040Z,"37 km SSW of Güiria, Venezuela",earthquake,11.8,16.2,0.504,1.0,reviewed,us,us
2015-06-22T00:25:27.760Z,6.8163,-73.033,152.26,4.3,mb,,49.0,0.918,0.87,us,us10002ks8,2015-09-01T00:53:53.040Z,"9 km NW of Cepitá, Colombia",earthquake,6.2,7.8,0.051,110.0,reviewed,us,us
2015-06-19T09:07:24.100Z,6.9134,-73.1901,137.98,4.1,mb,,122.0,1.019,0.67,us,us10002n9c,2015-09-01T00:53:50.040Z,"10 km E of Betulia, Colombia",earthquake,9.7,10.0,0.185,8.0,reviewed,us,us
2015-06-10T23:46:00.600Z,6.78,-73.06,151.0,4.3,mb,,,,0.75,us,us20002nuh,2015-08-10T13:08:29.040Z,"6 km NE of Jordán, Colombia",earthquake,7.8,6.2,0.116,21.0,reviewed,rsnc,us
2015-06-07T13:03:52.560Z,10.3309,-73.3414,93.75,4.2,mb,,31.0,1.861,1.01,us,us20002mqv,2015-08-10T13:08:23.040Z,"17 km W of San Diego, Colombia",earthquake,5.5,6.7,0.054,97.0,reviewed,us,us
2015-05-21T13:25:29.270Z,11.2647,-61.9012,64.98,4.4,mb,,63.0,0.895,0.95,us,us10002b3s,2022-07-31T08:17:44.719Z,"73 km NNW of Petit Valley, Trinidad and Tobago",earthquake,8.3,5.5,0.18,9.0,reviewed,us,us
2015-05-16T09:00:56.430Z,5.4487,-72.9153,10.0,4.4,mwr,,74.0,0.471,0.86,us,us100029qy,2022-07-31T07:17:03.193Z,"8 km SSW of Aquitania, Colombia",earthquake,7.8,2.0,,,reviewed,us,rsnc
2015-05-09T14:31:50.920Z,11.4829,-72.1176,38.65,4.7,mb,,41.0,0.249,1.41,us,us20002e2t,2022-07-31T05:26:14.988Z,"17 km NE of Maicao, Colombia",earthquake,6.5,6.2,0.101,30.0,reviewed,us,us
2015-05-07T11:49:43.270Z,6.8609,-73.1039,149.68,4.3,mb,,100.0,0.961,0.81,us,us20002dcu,2015-07-17T07:05:56.040Z,"14 km N of Jordán, Colombia",earthquake,7.9,9.2,0.067,64.0,reviewed,us,us
2015-05-04T02:10:29.070Z,6.7844,-73.0325,164.1,4.3,mb,,83.0,0.852,1.42,us,us20002eky,2015-07-09T22:00:09.040Z,"7 km WNW of Cepitá, Colombia",earthquake,3.1,5.7,0.101,28.0,reviewed,us,us
2015-05-02T09:51:43.340Z,6.7731,-73.0066,153.92,4.6,mb,,36.0,0.877,0.86,us,us20002aue,2022-07-31T03:34:27.407Z,northern Colombia,earthquake,6.1,5.1,0.031,316.0,reviewed,us,us
2015-04-27T22:28:00.350Z,6.7256,-72.9039,170.99,4.3,mb,,70.0,2.34,0.85,us,us20002bwe,2015-07-03T00:23:45.040Z,"8 km ESE of Cepitá, Colombia",earthquake,9.3,3.4,0.087,38.0,reviewed,us,us
2015-04-27T21:21:54.250Z,13.033,-59.3413,41.27,3.8,mb,,217.0,0.238,0.83,us,us20002dlc,2015-07-03T00:23:44.040Z,"14 km SE of Crane, Barbados",earthquake,7.4,6.2,0.509,1.0,reviewed,us,us
2015-04-27T06:36:47.230Z,6.7933,-72.9588,160.71,4.3,mb,,167.0,2.362,0.51,us,us20002bwh,2015-07-03T00:23:44.040Z,"4 km NNE of Cepitá, Colombia",earthquake,7.2,13.0,0.266,4.0,reviewed,us,us
2015-04-20T07:11:41.690Z,10.8604,-62.3624,89.78,4.7,mb,,62.0,1.442,0.8,us,us200027r0,2022-07-31T00:11:02.467Z,"32 km NNW of Güiria, Venezuela",earthquake,6.3,6.8,0.042,175.0,reviewed,us,us
2015-04-16T02:24:16.130Z,10.8339,-62.4104,77.29,5.1,mb,,32.0,1.488,0.58,us,us200026w5,2025-12-22T17:06:19.549Z,"30 km NNW of Güiria, Venezuela",earthquake,7.1,4.4,0.024,549.0,reviewed,us,us
2015-04-15T05:56:58.480Z,7.1046,-72.0262,56.73,4.4,mb,,45.0,2.241,0.74,us,us200026md,2015-06-22T23:19:02.040Z,"14 km NE of Cubará, Colombia",earthquake,5.7,7.7,0.084,41.0,reviewed,us,us
2015-04-11T04:29:02.740Z,6.3864,-73.1375,51.04,4.5,mb,,58.0,1.932,0.58,us,us200025t7,2022-07-28T07:24:08.473Z,"4 km SE of Páramo, Colombia",earthquake,7.6,6.4,0.051,112.0,reviewed,us,us
2015-04-06T22:20:35.630Z,6.6213,-72.8412,170.25,4.2,mb,,176.0,2.298,0.83,us,us200026fv,2015-06-16T01:00:30.040Z,"6 km SSW of Molagavita, Colombia",earthquake,13.7,7.8,0.141,14.0,reviewed,us,us
2015-03-27T15:58:42.100Z,11.1039,-62.376,97.2,4.2,mb,,,,0.86,us,us10001ssy,2015-06-12T01:53:24.040Z,"58 km N of Güiria, Venezuela",earthquake,6.8,7.6,0.304,3.0,reviewed,trn,us
2015-03-25T08:04:50.150Z,6.7571,-72.9683,173.35,4.3,mb,,52.0,2.328,0.66,us,us10001qkp,2015-06-09T21:30:06.040Z,"0 km ENE of Cepitá, Colombia",earthquake,9.8,7.7,0.065,67.0,reviewed,us,us
2015-03-24T20:52:27.540Z,6.8316,-73.0317,160.71,4.3,mb,,55.0,2.353,1.43,us,us10001qei,2015-06-09T21:30:05.040Z,"10 km NW of Cepitá, Colombia",earthquake,8.5,7.7,0.129,17.0,reviewed,us,us
2015-03-22T22:27:37.000Z,6.804,-73.147,154.6,5.1,mwr,,,,0.58,us,us10001pn4,2022-07-28T03:36:45.011Z,"9 km NW of Jordán, Colombia",earthquake,6.5,4.5,,,reviewed,rsnc,rsnc
2015-03-22T13:09:39.520Z,10.6076,-62.6125,106.92,4.0,mb,,76.0,1.178,0.94,us,us10001qvz,2015-06-09T21:30:01.040Z,"34 km W of Güiria, Venezuela",earthquake,5.1,7.8,0.26,4.0,reviewed,us,us
2015-03-16T13:48:40.960Z,7.769,-71.9457,43.03,4.0,mwr,,46.0,1.706,0.55,us,us10001mrt,2022-07-28T02:35:15.521Z,"30 km E of San Cristóbal, Venezuela",earthquake,7.5,6.4,,,reviewed,us,car
2015-03-14T08:05:57.000Z,6.811,-73.157,151.2,4.5,mb,,,,1.94,us,us10001mbq,2015-06-04T00:46:19.040Z,"10 km NW of Jordán, Colombia",earthquake,8.6,6.5,0.127,18.0,reviewed,rsnc,us
2015-03-10T20:55:44.370Z,6.7757,-72.9875,155.0,6.2,mww,,13.0,2.332,1.18,us,us10001ldx,2023-08-19T18:45:26.795Z,"2 km NNW of Cepitá, Colombia",earthquake,5.6,1.7,,,reviewed,us,us
2015-03-02T06:13:45.910Z,6.7569,-72.9547,165.22,4.4,mb,,81.0,2.335,0.59,us,usc000tvif,2015-05-19T00:29:35.040Z,"2 km E of Cepitá, Colombia",earthquake,8.0,9.0,0.178,9.0,reviewed,us,us
2015-02-26T00:10:49.500Z,8.23,-72.13,5.0,4.1,mwr,,,,0.58,us,usc000tta3,2022-07-27T23:15:56.186Z,"13 km E of La Fría, Venezuela",earthquake,6.6,4.4,,,reviewed,car,car
2015-02-24T04:29:58.000Z,6.842,-73.117,152.5,4.7,mwr,,,,0.51,us,usc000tsl9,2022-07-27T22:54:54.686Z,"12 km N of Jordán, Colombia",earthquake,7.5,5.9,,,reviewed,rsnc,rsnc
2015-02-21T02:14:10.990Z,6.7199,-72.9878,172.73,4.3,mb,,68.0,2.286,0.65,us,usc000tt1p,2015-05-12T20:29:36.040Z,"4 km SSW of Cepitá, Colombia",earthquake,6.9,6.8,0.13,19.0,reviewed,us,us
2015-02-20T17:54:57.310Z,6.7741,-73.0392,166.14,4.4,mb,,80.0,2.302,1.22,us,usc000tss4,2015-05-12T20:29:35.040Z,"7 km WNW of Cepitá, Colombia",earthquake,4.9,6.4,0.107,26.0,reviewed,us,us
2015-02-13T04:45:27.570Z,6.7625,-73.0108,166.02,4.3,mwr,,46.0,2.308,0.76,us,usb000tny3,2022-07-27T21:10:04.459Z,northern Colombia,earthquake,8.3,6.0,,,reviewed,us,car
2015-02-09T13:55:48.670Z,6.4165,-73.2849,138.92,4.3,mb,,167.0,1.871,0.27,us,usb000tp3j,2015-05-04T22:47:50.040Z,"1 km NNE of Palmas del Socorro, Colombia",earthquake,15.0,13.4,0.533,1.0,reviewed,us,us
2015-02-05T21:50:56.620Z,11.0794,-62.05,81.67,4.6,mb,,33.0,1.116,1.12,us,usc000tmka,2022-07-27T19:09:41.234Z,"61 km NNE of Güiria, Venezuela",earthquake,6.5,5.9,0.044,157.0,reviewed,us,us
2015-02-05T07:04:13.000Z,8.3,-72.15,5.0,4.3,mwr,,,,1.2,us,usb000tnkd,2015-05-04T22:47:40.040Z,"14 km NE of La Fría, Venezuela",earthquake,7.3,4.4,,,reviewed,car,car
2015-02-05T05:38:57.800Z,8.2948,-72.1265,10.0,4.6,mwr,,32.0,1.587,0.8,us,usc000tluz,2022-07-27T19:01:30.618Z,"16 km ENE of La Fría, Venezuela",earthquake,6.1,1.8,,,reviewed,us,car
2015-02-05T04:21:50.900Z,8.24,-72.14,5.0,5.3,mww,,,,1.07,us,usc000tlui,2022-07-27T19:00:28.679Z,"12 km ENE of La Fría, Venezuela",earthquake,5.6,3.2,,,reviewed,car,us
2015-02-04T12:53:06.500Z,10.64,-62.89,5.0,4.4,mb,,,,1.18,us,usc000tlh8,2015-05-02T14:07:29.040Z,"39 km E of Carúpano, Venezuela",earthquake,6.3,4.9,0.127,21.0,reviewed,car,us
2015-02-04T10:59:28.750Z,10.6804,-62.8349,110.51,5.1,mb,,62.0,1.801,0.64,us,usc000tlgx,2022-07-27T18:51:26.240Z,"45 km E of Carúpano, Venezuela",earthquake,6.2,5.4,0.027,491.0,reviewed,us,us
2015-01-25T10:15:46.630Z,6.7651,-73.0564,165.9,4.5,mb,,66.0,2.285,1.12,us,usc000tiwy,2022-07-27T20:48:55.995Z,"5 km NE of Jordán, Colombia",earthquake,9.7,7.0,0.09,45.0,reviewed,us,us
2015-01-14T18:51:06.200Z,6.723,-72.911,167.08,4.0,mb,,77.0,2.334,1.05,us,usc000tfrv,2015-04-10T18:56:33.040Z,"7 km ESE of Cepitá, Colombia",earthquake,9.9,5.9,0.163,12.0,reviewed,us,us
2015-01-10T05:17:30.200Z,10.361,-62.473,19.6,4.0,mwr,,,,1.4,us,usc000ti8k,2015-04-10T18:56:35.040Z,"30 km SW of Güiria, Venezuela",earthquake,6.7,5.1,,,reviewed,car,car
2014-12-27T02:14:23.270Z,12.3422,-59.6733,41.12,4.3,mb,,173.0,0.804,1.2,us,usc000tetq,2015-03-17T02:37:23.040Z,"81 km S of Oistins, Barbados",earthquake,7.4,10.9,0.201,7.0,reviewed,us,us
2014-12-24T02:19:51.700Z,9.2618,-61.3167,30.71,4.1,mwr,,82.0,2.165,1.38,us,usc000td87,2015-03-17T02:36:50.040Z,"83 km ENE of Tucupita, Venezuela",earthquake,8.0,6.8,,,reviewed,us,car
2014-12-23T19:08:44.360Z,6.7649,-72.9786,160.03,4.1,mb,,94.0,2.328,1.15,us,usc000td75,2015-03-06T02:59:12.040Z,"1 km NNW of Cepitá, Colombia",earthquake,11.0,5.1,0.37,2.0,reviewed,us,us
2014-12-14T01:49:30.580Z,5.3759,-73.5845,152.31,4.7,mb,,54.0,0.903,0.79,us,usc000t6fp,2022-07-27T10:28:08.127Z,"7 km W of Ventaquemada, Colombia",earthquake,4.1,3.9,0.032,316.0,reviewed,us,us
2014-12-09T13:35:43.530Z,9.8756,-72.2549,198.39,4.4,mb,,36.0,1.878,0.74,us,usc000t4su,2015-02-28T02:16:15.040Z,"38 km ESE of Machiques, Venezuela",earthquake,8.4,6.7,0.041,194.0,reviewed,us,us
2014-12-08T01:36:59.130Z,10.8446,-62.5209,88.79,4.4,mb,,92.0,1.536,0.94,us,usc000t4hk,2022-07-27T09:57:09.151Z,"38 km NW of Güiria, Venezuela",earthquake,7.9,7.5,0.071,62.0,reviewed,us,us
2014-12-03T20:15:32.010Z,6.6982,-72.9049,167.62,4.3,mb,,151.0,2.318,0.29,us,usc000t7df,2015-02-28T02:16:06.040Z,"9 km SE of Cepitá, Colombia",earthquake,9.9,11.1,0.129,19.0,reviewed,us,us
2014-11-30T23:22:00.210Z,4.2444,-71.446,15.54,4.3,mb,,104.0,2.927,1.12,us,usc000t6u5,2015-02-24T00:35:14.040Z,"61 km S of Orocué, Colombia",earthquake,5.7,5.4,0.177,10.0,reviewed,us,us
2014-11-30T04:49:47.960Z,6.7097,-72.8977,170.35,4.1,mb,,70.0,2.331,0.31,us,usc000t6tf,2015-02-24T00:35:13.040Z,"9 km ESE of Cepitá, Colombia",earthquake,11.4,9.3,0.261,11.0,reviewed,us,us
2014-11-25T20:20:16.320Z,6.7588,-72.949,165.91,5.1,mwr,,33.0,2.34,1.11,us,usb000szzw,2025-12-22T17:01:49.675Z,"2 km E of Cepitá, Colombia",earthquake,7.0,4.6,,,reviewed,us,rsnc
2014-11-20T05:40:10.550Z,6.712,-72.9385,169.14,4.7,mb,,70.0,2.309,0.69,us,usb000sy5r,2015-02-18T03:30:47.040Z,"6 km SE of Cepitá, Colombia",earthquake,8.3,6.1,0.038,241.0,reviewed,us,us
2014-11-16T05:06:02.140Z,10.264,-69.3613,21.07,4.5,mb,,71.0,1.852,0.79,us,usb000t10p,2015-02-12T01:42:49.040Z,"22 km N of Barquisimeto, Venezuela",earthquake,6.1,3.0,0.15,14.0,reviewed,us,us
2014-11-14T13:30:20.880Z,6.6177,-73.5204,136.77,4.5,mb,,121.0,1.932,0.75,us,usb000t0h8,2015-02-12T01:42:41.040Z,"8 km S of El Carmen de Chucurí, Colombia",earthquake,10.9,10.9,0.242,5.0,reviewed,us,us
2014-11-14T11:22:06.060Z,6.8119,-73.0035,167.47,4.3,mb,,146.0,2.353,0.75,us,usb000t0hd,2015-02-12T01:42:41.040Z,"7 km NNW of Cepitá, Colombia",earthquake,11.9,11.6,0.168,10.0,reviewed,us,us
2014-11-09T12:46:26.850Z,12.8854,-72.5905,37.38,4.4,mb,,51.0,2.545,1.18,us,usc000svu7,2015-01-31T02:50:13.040Z,"123 km N of Manaure, Colombia",earthquake,7.0,6.2,0.091,41.0,reviewed,us,us
2014-11-07T21:58:56.920Z,6.7936,-73.2467,146.58,4.7,mb,,86.0,2.211,1.07,us,usc000syxe,2015-01-31T02:50:08.040Z,"3 km SE of Zapatoca, Colombia",earthquake,9.2,11.8,0.208,8.0,reviewed,us,us
2014-11-03T18:13:29.040Z,6.7291,-72.9289,169.26,4.5,mb,,150.0,2.328,0.85,us,usc000sxc8,2015-01-20T09:03:15.040Z,"5 km ESE of Cepitá, Colombia",earthquake,12.1,10.4,0.14,16.0,reviewed,us,us
2014-10-21T08:01:03.310Z,7.4408,-73.0289,153.36,4.3,mb,,53.0,2.77,1.23,us,usc000stxd,2015-01-15T20:03:36.040Z,"9 km NNW of Suratá, Colombia",earthquake,8.5,7.4,0.154,12.0,reviewed,us,us
2014-10-18T11:03:53.030Z,6.6854,-72.8986,181.63,4.2,mb,,81.0,2.312,1.12,us,usb000ss0d,2015-01-15T20:03:31.040Z,"10 km W of Molagavita, Colombia",earthquake,9.3,10.1,0.104,27.0,reviewed,us,us
2014-10-15T15:24:38.620Z,6.7463,-73.0239,164.56,4.5,mb,,54.0,2.287,0.77,us,usb000smg6,2015-01-15T20:03:25.040Z,"5 km W of Cepitá, Colombia",earthquake,8.7,6.3,0.04,192.0,reviewed,us,us
2014-10-14T18:57:45.020Z,12.8915,-70.2308,32.9,4.4,mb,,77.0,0.439,1.4,us,usb000sr4w,2015-01-06T23:49:57.040Z,"132 km N of Punto Fijo, Venezuela",earthquake,6.7,6.1,0.155,13.0,reviewed,us,us
2014-10-11T21:42:27.770Z,6.5521,-72.7581,179.8,4.2,mb,,103.0,2.301,0.73,us,usb000sq0x,2015-01-06T23:49:51.040Z,"5 km NNW of Covarachía, Colombia",earthquake,5.8,11.1,0.199,7.0,reviewed,us,us
2014-10-04T03:36:33.210Z,6.7622,-72.9688,166.92,4.7,mb,,46.0,2.332,0.94,us,usb000sipu,2022-07-27T04:02:27.668Z,"1 km NE of Cepitá, Colombia",earthquake,5.6,5.7,0.042,208.0,reviewed,us,us
2014-10-03T10:11:51.570Z,6.7732,-73.002,169.33,4.3,mb,,80.0,2.322,0.73,us,usb000smdy,2014-12-23T01:41:59.040Z,"3 km NW of Cepitá, Colombia",earthquake,10.0,8.7,0.079,49.0,reviewed,us,us
2014-10-03T06:48:18.320Z,12.932,-70.314,10.0,4.4,mwr,,47.0,0.517,0.88,us,usb000sieq,2022-07-27T03:54:42.318Z,"137 km N of Punto Fijo, Venezuela",earthquake,5.9,1.9,,,reviewed,us,car
2014-10-02T12:09:38.780Z,6.8371,-72.923,175.01,4.1,mb,,66.0,3.045,0.85,us,usb000sm09,2014-12-23T01:41:57.040Z,"8 km WSW of Guaca, Colombia",earthquake,12.3,8.1,0.197,8.0,reviewed,us,us
2014-10-02T09:48:12.800Z,10.55,-63.38,14.3,4.3,mwr,,,,0.86,us,usb000si3x,2014-12-23T01:41:57.040Z,"18 km SW of Carúpano, Venezuela",earthquake,5.8,2.9,,,reviewed,car,car
2014-10-01T15:37:29.080Z,6.7047,-72.9661,168.68,4.6,mb,,40.0,2.287,0.63,us,usb000shsx,2022-07-27T03:39:20.337Z,"5 km S of Cepitá, Colombia",earthquake,7.4,5.3,0.036,242.0,reviewed,us,us
2014-09-24T15:16:10.720Z,12.9124,-70.2386,29.23,4.5,mb,,52.0,0.461,1.03,us,usb000sj8i,2014-12-20T00:53:56.040Z,"135 km N of Punto Fijo, Venezuela",earthquake,7.6,5.6,0.205,9.0,reviewed,us,us
2014-09-22T07:49:09.940Z,13.0148,-70.2784,10.0,4.0,mwr,,54.0,0.569,1.43,us,usb000sew7,2014-12-19T00:05:25.040Z,"146 km N of Punto Fijo, Venezuela",earthquake,5.3,1.9,,,reviewed,us,car
2014-09-20T11:03:10.060Z,10.2458,-61.8588,58.91,4.5,md,,120.0,1.669,0.59,us,usb000sqaj,2014-12-19T00:05:23.040Z,"20 km WNW of Point Fortin, Trinidad and Tobago",earthquake,8.4,10.2,,,reviewed,us,trn
2014-09-16T09:25:44.980Z,6.7917,-73.0411,158.16,4.4,mb,,52.0,2.315,1.28,us,usb000scx3,2014-12-08T23:31:03.040Z,"8 km WNW of Cepitá, Colombia",earthquake,6.9,7.3,0.043,177.0,reviewed,us,us
2014-09-11T22:05:03.700Z,10.4751,-72.5035,10.0,4.5,mb,,50.0,2.428,1.43,us,usb000sebd,2014-12-08T23:30:57.040Z,"26 km NW of La Villa del Rosario, Venezuela",earthquake,4.9,1.9,0.157,14.0,reviewed,us,us
2014-09-04T18:13:48.970Z,12.944,-61.5428,169.19,4.2,mwr,,65.0,0.431,0.6,us,usb000s96r,2014-12-05T23:36:32.040Z,"34 km WSW of Port Elizabeth, Saint Vincent and the Grenadines",earthquake,6.2,5.6,,,reviewed,us,car
2014-09-02T22:21:59.530Z,10.8474,-69.4849,3.68,4.6,mwr,,25.0,1.726,0.81,us,usc000s95i,2014-11-29T00:09:25.000Z,"64 km SSE of Coro, Venezuela",earthquake,5.8,3.5,,,reviewed,us,car
2014-09-01T11:34:42.490Z,10.4008,-63.6162,10.0,4.6,mb,,34.0,0.986,0.79,us,usc000s8nw,2022-07-27T00:24:22.731Z,"49 km SW of Carúpano, Venezuela",earthquake,5.8,1.8,0.062,83.0,reviewed,us,us
2014-08-19T06:06:26.760Z,6.8001,-73.014,164.89,4.5,mb,,29.0,0.869,1.15,us,usb000s421,2014-11-15T04:07:16.000Z,"6 km NW of Cepitá, Colombia",earthquake,,6.3,0.039,211.0,reviewed,us,us
2014-08-16T12:39:03.500Z,10.49,-67.66,7.7,4.0,mwr,,,,1.1,us,usb000s3cc,2015-01-29T17:13:57.283Z,"20 km N of El Limón, Venezuela",earthquake,,0.9,,,reviewed,car,car
2014-08-14T00:12:55.340Z,10.8999,-68.9828,13.68,4.2,mb,,98.0,1.272,0.47,us,usb000s69r,2014-11-15T04:07:07.000Z,"67 km NNW of San Felipe, Venezuela",earthquake,,6.2,0.236,8.0,reviewed,us,us
2014-08-10T02:27:12.900Z,6.7624,-72.9962,159.54,4.1,mb,,100.0,0.833,0.77,us,usb000s4zg,2014-11-07T21:47:37.000Z,"2 km WNW of Cepitá, Colombia",earthquake,,7.0,0.261,9.0,reviewed,us,us
2014-08-09T00:30:53.650Z,3.6613,-71.3338,15.45,4.3,mb,,97.0,2.842,1.16,us,usb000s4w4,2014-11-07T21:47:36.000Z,"109 km SE of Puerto Gaitán, Colombia",earthquake,,5.0,0.114,23.0,reviewed,us,us
2014-07-28T12:44:43.010Z,10.6052,-62.876,32.7,4.0,mb,,72.0,1.742,1.08,us,usb000s18j,2014-10-25T01:49:41.000Z,"41 km E of Carúpano, Venezuela",earthquake,,7.2,0.367,3.0,reviewed,us,us
2014-07-28T10:55:36.360Z,12.9169,-70.1749,30.35,4.1,mb,,69.0,0.439,1.39,us,usb000s18f,2014-10-25T01:49:41.000Z,"135 km N of Punto Fijo, Venezuela",earthquake,,5.6,0.371,2.0,reviewed,us,us
2014-07-27T20:34:31.950Z,12.921,-70.1997,30.76,4.3,mwr,,54.0,0.452,0.98,us,usb000rxsf,2014-10-25T01:49:41.000Z,"136 km N of Punto Fijo, Venezuela",earthquake,,5.3,0.08,15.0,reviewed,us,us
2014-07-26T09:56:00.180Z,6.7243,-72.9602,158.53,4.5,mb,,34.0,0.8,0.83,us,usb000rxjg,2014-10-25T01:49:38.000Z,"3 km SSE of Cepitá, Colombia",earthquake,,5.0,0.039,211.0,reviewed,us,us
2014-07-24T16:23:50.200Z,6.8441,-73.077,158.84,4.3,mb,,113.0,0.91,1.05,us,usb000s0a9,2014-10-25T01:49:34.000Z,"12 km N of Jordán, Colombia",earthquake,,5.9,0.376,2.0,reviewed,us,us
2014-07-15T13:57:15.050Z,11.2594,-60.2489,39.71,4.7,mb,,97.0,1.626,1.18,us,usb000rx54,2014-10-10T08:02:20.000Z,"53 km E of Scarborough, Trinidad and Tobago",earthquake,,9.0,0.207,11.0,reviewed,us,us
2014-07-14T12:34:39.360Z,6.7831,-73.0421,152.5,4.3,mb,,95.0,0.851,0.83,us,usb000rsse,2014-10-10T08:02:18.000Z,"8 km NE of Jordán, Colombia",earthquake,,6.7,0.08,51.0,reviewed,us,us
2014-07-12T22:37:11.470Z,6.873,-73.0569,158.15,4.4,mb,,47.0,0.939,0.72,us,usb000rshr,2014-10-10T08:02:15.000Z,"12 km S of Piedecuesta, Colombia",earthquake,,5.6,0.036,234.0,reviewed,us,us
2014-07-09T01:34:48.320Z,6.8438,-73.0587,158.65,4.2,mb,,113.0,0.91,0.79,us,usb000rubn,2014-10-10T08:02:09.000Z,"12 km NNE of Jordán, Colombia",earthquake,,6.3,0.264,5.0,reviewed,us,us
2014-06-30T04:08:35.190Z,6.7078,-72.9876,162.96,4.1,mb,,81.0,0.78,0.88,us,usb000rvsn,2014-09-26T11:49:49.000Z,"3 km ENE of Aratoca, Colombia",earthquake,,7.0,0.174,10.0,reviewed,us,us
2014-06-27T09:01:19.000Z,6.796,-73.142,142.0,4.3,mb,,,,0.91,us,usc000rmpk,2014-09-26T11:49:40.000Z,"8 km NW of Jordán, Colombia",earthquake,,5.9,0.072,63.0,reviewed,rsnc,us
2014-06-25T07:27:40.390Z,3.8909,-71.4617,31.74,4.6,mb,,36.0,2.584,1.03,us,usc000rlph,2014-09-26T11:49:35.000Z,"83 km SE of Puerto Gaitán, Colombia",earthquake,,4.4,0.048,138.0,reviewed,us,us
2014-06-13T23:32:24.560Z,7.7442,-73.226,52.17,4.4,mb,,48.0,1.811,1.17,us,usb000rrrq,2014-09-12T15:47:09.000Z,"18 km E of San Alberto, Colombia",earthquake,,11.6,0.203,7.0,reviewed,us,us
2014-06-12T06:30:42.470Z,4.2284,-73.8904,42.39,4.2,mb,,74.0,0.748,0.74,us,usc000redn,2022-07-26T16:56:24.933Z,"8 km W of Guayabetal, Colombia",earthquake,,7.9,0.215,7.0,reviewed,us,us
2014-06-11T14:22:31.630Z,6.6634,-72.9523,164.93,4.3,mb,,111.0,0.741,0.82,us,usc000rnrs,2014-09-12T15:48:11.000Z,"8 km ESE of Aratoca, Colombia",earthquake,,6.4,0.178,13.0,reviewed,us,us
2014-06-10T10:33:27.350Z,6.8104,-73.0876,160.96,4.1,mb,,80.0,0.877,0.98,us,usc000rd80,2014-08-30T17:02:57.000Z,"8 km N of Jordán, Colombia",earthquake,,7.8,0.109,24.0,reviewed,us,us
2014-06-07T08:24:06.540Z,7.6742,-73.2425,133.8,4.2,mb,,41.0,1.743,0.8,us,usc000rite,2014-08-30T17:02:57.000Z,"19 km ESE of San Alberto, Colombia",earthquake,,5.6,0.098,30.0,reviewed,us,us
2014-06-06T09:28:40.880Z,6.7685,-73.0678,155.05,4.3,mb,,80.0,0.835,0.74,us,usc000rc0c,2014-08-30T17:02:57.000Z,"5 km NE of Jordán, Colombia",earthquake,,7.9,0.1,31.0,reviewed,us,us
2014-06-04T03:17:20.010Z,3.8372,-71.4163,13.27,3.8,mwr,,97.0,2.653,0.86,us,usc000rmyi,2014-08-30T17:02:53.000Z,"90 km SE of Puerto Gaitán, Colombia",earthquake,,5.5,,,reviewed,us,rsnc
2014-06-01T03:51:32.000Z,10.14,-67.92,5.0,3.4,mwr,,,,1.08,us,usc000r9rf,2022-07-26T16:07:46.430Z,"5 km N of Tacarigua, Venezuela",earthquake,,4.2,,,reviewed,car,car
2014-06-01T02:37:35.490Z,10.3107,-72.7914,24.48,4.6,mwr,,17.0,1.589,0.91,us,usc000r9pg,2022-07-26T16:05:56.273Z,"27 km ESE of Manaure Balcón del Cesar, Colombia",earthquake,,3.8,,,reviewed,us,car
2014-05-26T23:57:22.000Z,3.787,-71.242,13.14,3.7,mwr,,141.0,2.803,1.31,us,usc000rezj,2014-08-23T08:36:50.000Z,"109 km ESE of Puerto Gaitán, Colombia",earthquake,,5.4,,,reviewed,us,rsnc
2014-05-25T15:25:02.350Z,3.9972,-71.3981,14.7,4.5,mb,,75.0,2.543,0.83,us,usc000regj,2014-08-23T08:36:47.000Z,"83 km ESE of Puerto Gaitán, Colombia",earthquake,,5.0,0.115,24.0,reviewed,us,us
2014-05-16T20:16:33.760Z,6.8199,-72.9705,156.62,4.3,mb,,48.0,0.893,0.77,us,usb000qrsg,2014-08-09T02:53:46.000Z,"7 km N of Cepitá, Colombia",earthquake,,4.4,0.082,50.0,reviewed,us,us
2014-05-13T18:07:31.080Z,3.8591,-71.4052,16.41,4.6,mb,,53.0,2.643,1.03,us,usb000qkvb,2014-08-06T00:55:35.000Z,"90 km SE of Puerto Gaitán, Colombia",earthquake,,3.5,0.071,59.0,reviewed,us,us
2014-05-11T16:28:57.940Z,6.446,-73.2561,149.11,4.3,mb,,52.0,0.545,0.97,us,usc000r8zm,2014-08-06T00:55:31.000Z,"2 km S of Socorro, Colombia",earthquake,,6.2,0.237,5.0,reviewed,us,us
2014-05-04T11:07:56.000Z,6.836,-73.154,144.7,4.1,mwr,,,,1.78,us,usb000r163,2014-07-27T21:51:20.000Z,"12 km E of Zapatoca, Colombia",earthquake,,5.7,,,reviewed,rsnc,rsnc
2014-04-30T09:46:21.750Z,6.7437,-72.997,160.84,4.3,mb,,52.0,0.814,0.93,us,usb000q52g,2014-07-27T21:51:13.000Z,"2 km WSW of Cepitá, Colombia",earthquake,,5.9,0.075,53.0,reviewed,us,us
2014-04-30T01:57:41.000Z,6.812,-73.129,154.0,4.5,mwr,,,,0.59,us,usb000q4se,2014-07-27T21:51:13.000Z,"9 km NNW of Jordán, Colombia",earthquake,,5.6,,,reviewed,rsnc,rsnc
2014-04-23T15:19:25.890Z,3.9279,-71.4085,13.87,4.2,mb,,65.0,3.043,1.03,us,usb000qqsp,2014-07-14T20:11:12.000Z,"86 km ESE of Puerto Gaitán, Colombia",earthquake,,4.9,0.236,5.0,reviewed,us,us
2014-03-30T08:36:58.770Z,6.7214,-72.9466,160.76,4.4,mb,,52.0,0.799,1.23,us,usc000nwqg,2014-05-29T23:32:09.000Z,"4 km SE of Cepitá, Colombia",earthquake,,5.4,0.066,69.0,reviewed,us,us
2014-03-29T04:35:16.600Z,6.8081,-73.0066,161.2,4.6,mb,,32.0,0.877,0.8,us,usc000nvmq,2014-05-29T23:32:07.000Z,"6 km NNW of Cepitá, Colombia",earthquake,,5.9,0.051,125.0,reviewed,us,us
2014-03-27T10:21:16.590Z,3.976,-71.4168,26.34,4.7,mb,,46.0,2.547,0.96,us,usc000nsv0,2014-05-29T23:32:06.000Z,"82 km ESE of Puerto Gaitán, Colombia",earthquake,,4.3,0.086,43.0,reviewed,us,us
2014-03-24T23:19:28.870Z,3.8764,-71.1903,15.14,4.0,mb,,72.0,2.77,1.33,us,usc000p35h,2014-05-24T00:54:44.000Z,"102 km S of Orocué, Colombia",earthquake,,5.7,0.367,2.0,reviewed,us,us
2014-03-23T14:58:04.090Z,10.6177,-73.207,57.88,4.6,mb,,38.0,1.607,0.91,us,usc000nm48,2014-05-24T00:54:42.000Z,"17 km NNE of Valledupar, Colombia",earthquake,,5.6,0.057,106.0,reviewed,us,us
2014-03-23T06:18:27.680Z,6.7552,-72.959,157.73,4.2,mb,,121.0,0.83,0.81,us,usc000nlua,2014-05-24T00:54:41.000Z,"1 km E of Cepitá, Colombia",earthquake,,5.5,0.118,23.0,reviewed,us,us
2014-03-22T20:48:52.000Z,6.7449,-72.9595,162.11,4.4,mb,,34.0,0.82,0.79,us,usc000nlfn,2014-05-24T00:54:41.000Z,"1 km ESE of Cepitá, Colombia",earthquake,,5.6,0.056,100.0,reviewed,us,us
2014-03-15T06:55:41.050Z,3.9281,-71.3627,14.39,3.7,mwr,,58.0,2.618,0.85,us,usc000nnyn,2014-05-16T21:51:41.000Z,"90 km ESE of Puerto Gaitán, Colombia",earthquake,,4.7,,,reviewed,us,rsnc
2014-03-14T23:26:36.140Z,10.2809,-72.8876,127.79,4.7,mb,,24.0,1.663,0.87,us,usc000nc2t,2025-12-22T16:48:51.998Z,"20 km SE of Manaure Balcón del Cesar, Colombia",earthquake,,5.1,0.033,282.0,reviewed,us,us
2014-03-11T13:57:03.020Z,5.2485,-72.7971,10.0,4.7,mb,,56.0,0.728,0.96,us,usc000n7p5,2022-07-26T09:13:11.493Z,"4 km WNW of Recetor, Colombia",earthquake,,1.8,0.148,17.0,reviewed,us,us
2014-03-10T13:51:05.620Z,6.5042,-71.6523,54.99,4.6,mb,,44.0,1.526,0.67,us,usc000n6cv,2014-05-15T02:24:11.000Z,"10 km ENE of Tame, Colombia",earthquake,,5.6,0.053,120.0,reviewed,us,us
2014-03-09T19:11:14.800Z,9.1845,-61.3464,55.56,4.3,mb,,91.0,2.247,1.47,us,usc000n61c,2014-05-15T02:23:58.000Z,"78 km E of Tucupita, Venezuela",earthquake,,10.1,0.217,6.0,reviewed,us,us
2014-03-07T17:31:41.200Z,12.27,-70.0,23.6,3.0,mwr,,,,0.79,us,usc000n5bb,2022-07-26T08:51:07.389Z,"67 km NNE of Punto Fijo, Venezuela",earthquake,,8.1,,,reviewed,car,car
2014-03-04T02:07:45.030Z,8.8226,-71.2616,31.63,3.2,ml,,128.0,0.623,0.62,us,usb000n0jc,2014-05-13T21:36:50.000Z,"28 km NNW of Mérida, Venezuela",earthquake,,10.8,0.181,4.0,reviewed,us,us
2014-02-28T12:54:36.960Z,12.2113,-73.5852,26.39,4.8,mb,,42.0,3.505,1.08,us,usb000my6i,2014-05-13T21:36:45.000Z,"104 km NW of Riohacha, Colombia",earthquake,,4.7,0.047,143.0,reviewed,us,us
2014-02-28T07:41:30.000Z,6.8,-73.14,144.0,4.2,mb,,,,1.16,us,usc000n8w6,2014-05-13T21:36:44.000Z,"8 km NNW of Jordán, Colombia",earthquake,,5.7,0.097,33.0,reviewed,rsnc,us
2014-02-25T13:18:07.850Z,3.858,-71.282,15.02,3.5,mwr,,70.0,3.185,0.9,us,usc000n4x8,2014-05-07T00:03:11.000Z,"102 km ESE of Puerto Gaitán, Colombia",earthquake,,5.2,,,reviewed,us,rsnc
2014-02-24T10:34:56.900Z,10.6483,-72.6092,22.97,4.5,mb,,28.0,2.619,1.18,us,usc000mx7k,2014-05-07T00:03:09.000Z,"34 km E of El Molino, Colombia",earthquake,,1.6,0.089,44.0,reviewed,us,us
2014-02-22T19:11:10.670Z,10.7731,-62.6025,108.83,4.2,mb,,101.0,1.639,1.04,us,usc000n458,2014-05-07T00:03:07.000Z,"39 km WNW of Güiria, Venezuela",earthquake,,6.8,0.235,5.0,reviewed,us,us
2014-02-21T11:43:26.460Z,12.4624,-70.7157,33.38,4.6,mwr,,25.0,3.554,0.82,us,usc000mvdy,2025-12-22T16:47:56.089Z,"102 km NNW of Punto Fijo, Venezuela",earthquake,,3.8,,,reviewed,us,car
2014-02-20T22:28:09.590Z,9.5716,-69.7056,12.89,4.0,mb,,63.0,1.135,1.2,us,usb000n0v6,2014-05-07T00:03:04.000Z,"25 km SSE of El Tocuyo, Venezuela",earthquake,,2.7,0.183,10.0,reviewed,us,us
2014-02-19T11:10:12.470Z,9.6143,-69.667,10.0,5.3,mww,,26.0,1.191,0.8,us,usc000mtb4,2022-07-26T07:48:22.231Z,"23 km SE of El Tocuyo, Venezuela",earthquake,,1.7,,12.0,reviewed,us,us
2014-02-17T09:41:36.170Z,6.5373,-71.6995,42.86,5.4,mww,,24.0,1.496,1.02,us,usc000mry2,2022-07-26T07:26:20.761Z,"9 km NNE of Tame, Colombia",earthquake,,4.0,,,reviewed,us,us
2014-02-14T21:14:24.900Z,11.5538,-73.1989,55.72,4.5,mb,,38.0,1.193,1.2,us,usc000mqu9,2014-04-30T21:18:20.000Z,"31 km W of Riohacha, Colombia",earthquake,,5.5,0.063,88.0,reviewed,us,us
2014-02-09T06:02:29.790Z,9.9241,-71.5981,30.6,4.1,mwr,,50.0,1.404,1.28,us,usc000mldc,2014-04-22T18:30:10.000Z,"43 km WSW of Lagunillas, Venezuela",earthquake,,4.4,,,reviewed,us,car
2014-02-07T20:37:10.940Z,6.6913,-72.9584,159.12,5.2,mwb,,23.0,2.281,0.94,us,usc000mkir,2025-12-22T16:47:35.049Z,"6 km E of Aratoca, Colombia",earthquake,,3.2,0.08,15.0,reviewed,us,us
2014-02-07T08:03:58.000Z,7.45,-73.2,135.0,4.2,mb,,,,1.25,us,usc000mvfn,2014-04-22T18:30:07.000Z,"2 km S of El Playón, Colombia",earthquake,,4.7,0.152,12.0,reviewed,rsnc,us
2014-02-05T04:57:11.000Z,6.803,-73.135,154.0,4.1,mwr,,,,1.17,us,usc000mvat,2014-04-22T18:30:05.000Z,"8 km NNW of Jordán, Colombia",earthquake,,4.4,,,reviewed,rsnc,rsnc
2014-01-28T20:11:47.840Z,6.8324,-73.0362,155.38,4.2,mb,,115.0,0.9,1.2,us,usc000mpvn,2014-03-27T18:15:46.000Z,"11 km NW of Cepitá, Colombia",earthquake,,6.7,0.115,23.0,reviewed,us,us
2014-01-21T07:58:56.700Z,6.82,-73.16,144.0,4.5,mb,,,,1.34,us,usb000m5jn,2014-03-22T00:05:27.000Z,"11 km E of Zapatoca, Colombia",earthquake,,6.2,0.112,25.0,reviewed,rsnc,us
2014-01-21T04:23:07.000Z,6.836,-73.135,146.8,4.6,mb,,,,0.9,us,usb000m5hu,2014-03-22T00:05:27.000Z,"12 km NNW of Jordán, Colombia",earthquake,,5.2,0.164,12.0,reviewed,rsnc,us
2014-01-19T12:45:02.800Z,6.81,-73.11,152.0,4.1,mb,,,,0.52,us,usc000mgzs,2014-03-22T00:05:23.000Z,"8 km N of Jordán, Colombia",earthquake,,6.3,0.127,18.0,reviewed,rsnc,us
2014-01-19T09:25:22.940Z,10.2644,-62.558,35.05,4.5,mb,,65.0,2.002,1.04,us,usb000m46d,2014-03-22T00:05:23.000Z,"44 km SW of Güiria, Venezuela",earthquake,,6.9,0.067,67.0,reviewed,us,us
2014-01-18T00:25:28.240Z,6.8116,-73.0532,155.54,4.2,mb,,80.0,0.879,1.11,us,usc000melt,2014-03-22T00:05:20.000Z,"9 km NNE of Jordán, Colombia",earthquake,,6.9,0.112,22.0,reviewed,us,us
2014-01-13T17:47:14.210Z,6.731,-72.968,164.02,4.5,mb,,81.0,0.805,0.56,us,usc000mdr6,2014-03-15T03:39:54.000Z,"2 km SSE of Cepitá, Colombia",earthquake,,3.0,0.102,29.0,reviewed,us,us
2014-01-11T21:00:09.000Z,11.343,-62.15,124.6,4.1,mb,,,,0.82,us,usb000m8s2,2014-03-15T03:39:13.000Z,"86 km N of Güiria, Venezuela",earthquake,,5.5,0.261,4.0,reviewed,trn,us
2014-01-03T05:36:08.620Z,7.2932,-73.5251,118.21,4.0,mb,,137.0,2.549,0.73,us,usb000m4nq,2014-03-07T00:25:56.000Z,"11 km SSW of Sabana de Torres, Colombia",earthquake,,19.0,0.259,4.0,reviewed,us,us
2013-12-30T00:12:57.800Z,6.7139,-72.9523,160.83,4.8,mb,,40.0,2.298,0.7,us,usc000ltx3,2022-07-26T04:13:04.474Z,"5 km SSE of Cepitá, Colombia",earthquake,,4.8,0.028,,reviewed,us,us
2013-12-28T20:21:35.900Z,6.8,-73.15,148.0,4.0,mb,,,,1.22,us,usc000lten,2014-02-28T08:44:11.000Z,"9 km NW of Jordán, Colombia",earthquake,,6.6,0.116,,reviewed,rsnc,us
2013-12-28T09:17:17.190Z,10.576,-62.5479,87.4,4.8,mb,,30.0,0.932,0.89,us,usc000lt8f,2014-02-28T08:44:10.000Z,"27 km W of Güiria, Venezuela",earthquake,,6.5,0.039,,reviewed,us,us
2013-12-19T10:46:58.170Z,6.8536,-73.048,156.06,4.4,mb,,134.0,2.358,0.58,us,usc000ln9l,2014-02-27T21:37:22.000Z,"13 km NW of Cepitá, Colombia",earthquake,,10.4,0.067,,reviewed,us,us
2013-12-12T02:31:28.470Z,6.7602,-73.0716,158.81,4.4,mb,,99.0,2.268,0.47,us,usc000liq1,2014-02-21T23:00:52.000Z,"4 km NE of Jordán, Colombia",earthquake,,10.9,0.065,,reviewed,us,us
2013-12-11T01:59:55.000Z,6.813,-73.148,152.8,4.0,mb,,,,1.25,us,usc000llk4,2014-02-21T23:00:51.000Z,"10 km NNW of Jordán, Colombia",earthquake,,6.3,0.365,,reviewed,rsnc,us
2013-12-06T22:04:58.710Z,6.7383,-72.997,166.32,4.3,mb,,62.0,2.292,0.57,us,usb000ld29,2014-02-15T01:32:11.000Z,"3 km SW of Cepitá, Colombia",earthquake,,6.5,0.048,,reviewed,us,us
2013-12-04T04:05:37.790Z,6.7012,-72.9391,157.66,4.1,mb,,49.0,2.296,0.6,us,usb000lcqw,2014-02-15T01:32:08.000Z,"7 km SSE of Cepitá, Colombia",earthquake,,7.3,0.131,,reviewed,us,us
2013-11-27T19:51:58.210Z,8.9516,-70.9461,13.75,4.1,mwr,,75.0,0.315,0.99,us,usb000la0q,2014-02-12T01:08:35.000Z,"46 km NNE of Mérida, Venezuela",earthquake,,5.0,,,reviewed,us,car
2013-11-26T16:22:24.110Z,10.821,-62.3558,101.55,4.7,mb,,73.0,1.31,1.53,us,usb000l863,2014-02-12T01:08:33.000Z,"27 km NNW of Güiria, Venezuela",earthquake,,3.1,0.104,,reviewed,us,us
2013-11-25T08:54:56.430Z,6.7241,-72.9221,160.8,4.0,mb,,171.0,2.324,0.58,us,usb000l831,2014-02-11T02:18:58.000Z,"6 km ESE of Cepitá, Colombia",earthquake,,12.5,0.134,,reviewed,us,us
2013-11-21T16:17:52.220Z,6.7677,-73.0236,160.86,4.6,mb,,47.0,2.301,0.6,us,usb000l3kq,2022-07-26T02:07:14.774Z,"5 km WNW of Cepitá, Colombia",earthquake,,6.4,0.047,,reviewed,us,us
2013-11-21T13:17:15.040Z,6.7786,-72.9204,170.29,4.3,mb,,68.0,2.369,1.19,us,usb000l3j8,2014-02-11T02:18:53.000Z,"6 km ENE of Cepitá, Colombia",earthquake,,6.9,0.16,,reviewed,us,us
2013-11-20T02:20:04.380Z,6.2557,-71.9346,22.63,4.3,mb,,121.0,2.76,1.07,us,usb000l6s6,2014-02-11T02:18:51.000Z,"21 km WNW of Municipio Hato Corozal, Colombia",earthquake,,8.0,0.217,,reviewed,us,us
2013-11-17T12:04:56.200Z,12.692,-60.111,40.1,3.6,mb,,,,0.76,us,usb000l4h7,2014-01-31T21:22:25.000Z,"70 km SW of Bridgetown, Barbados",earthquake,,8.7,0.5,,reviewed,trn,us
2013-11-13T08:38:57.600Z,9.795,-61.839,24.3,4.1,md,,,,1.07,us,usc000lkd3,2014-01-31T21:22:18.000Z,"45 km SSW of Point Fortin, Trinidad and Tobago",earthquake,,7.6,,,reviewed,trn,trn
2013-11-06T12:42:26.480Z,6.8381,-73.0151,167.34,4.5,mb,,52.0,2.363,0.67,us,usb000ktfh,2014-01-17T00:29:10.000Z,"10 km NNW of Cepitá, Colombia",earthquake,,6.8,0.043,,reviewed,us,us
2013-11-05T06:51:06.810Z,6.7828,-73.0152,163.74,4.3,mb,,54.0,2.318,0.63,us,usb000ksqr,2014-01-17T00:29:08.000Z,"5 km NW of Cepitá, Colombia",earthquake,,6.8,0.065,,reviewed,us,us
2013-11-03T15:24:31.700Z,10.253,-61.941,47.0,4.1,mwr,,,,1.52,us,usb000ks40,2014-01-10T10:03:45.000Z,"29 km WNW of Point Fortin, Trinidad and Tobago",earthquake,,5.3,,,reviewed,trn,car
2013-10-28T12:29:46.110Z,6.7546,-72.9503,167.96,4.2,mb,,81.0,2.332,0.67,us,usb000kyaf,2014-01-03T00:32:57.000Z,"2 km E of Cepitá, Colombia",earthquake,,2.7,0.2,,reviewed,us,us
2013-10-16T11:19:00.000Z,10.89,-62.21,64.0,3.9,md,,,,0.92,us,usb000l45p,2013-12-30T23:41:10.000Z,"35 km NNE of Güiria, Venezuela",earthquake,,9.4,,,reviewed,trn,trn
2013-10-14T07:49:54.170Z,10.764,-60.3487,29.55,4.4,mb,,179.0,0.561,0.9,us,usb000kivf,2013-12-24T01:43:01.000Z,"62 km SE of Scarborough, Trinidad and Tobago",earthquake,,7.3,0.108,,reviewed,us,us
2013-10-13T09:43:37.420Z,11.8428,-60.9863,60.9,4.2,mb,,127.0,0.698,1.1,us,usb000kius,2013-12-24T01:43:00.000Z,"76 km ESE of Grenville, Grenada",earthquake,,8.2,0.216,,reviewed,us,us
2013-10-12T03:52:26.130Z,10.7321,-62.2545,35.04,4.0,mb,,97.0,1.511,0.56,us,usb000kbie,2022-07-26T02:00:16.344Z,"17 km NNE of Güiria, Venezuela",earthquake,,5.4,0.517,,reviewed,us,us
2013-10-12T02:10:27.290Z,10.9048,-62.315,63.0,6.0,mww,,29.0,1.381,1.06,us,usb000kbhi,2022-07-25T23:29:34.031Z,"36 km N of Güiria, Venezuela",earthquake,,1.7,,,reviewed,us,us
2013-10-11T01:17:29.040Z,6.7275,-73.105,169.41,4.3,mb,,74.0,2.222,0.53,us,usb000kaim,2013-12-24T01:42:58.000Z,"1 km WSW of Jordán, Colombia",earthquake,,12.7,0.07,,reviewed,us,us
2013-09-17T21:59:49.770Z,10.5098,-63.1855,22.86,4.4,mb,,83.0,1.465,0.94,us,usc000jwkt,2013-12-09T21:11:07.000Z,"18 km SSE of Carúpano, Venezuela",earthquake,,5.1,0.126,,reviewed,us,us
2013-09-11T06:39:39.700Z,6.8043,-73.0205,155.57,4.3,mb,,71.0,2.332,0.7,us,usc000jr86,2013-11-19T17:37:22.000Z,"7 km NW of Cepitá, Colombia",earthquake,,12.3,0.072,,reviewed,us,us
2013-08-31T20:00:51.760Z,6.704,-72.9456,166.33,4.3,mb,,93.0,2.294,0.71,us,usb000jehg,2013-11-06T01:33:37.000Z,"6 km SSE of Cepitá, Colombia",earthquake,,7.3,0.126,,reviewed,us,us
2013-08-31T17:30:26.280Z,6.7285,-72.9947,156.39,4.3,mb,,47.0,2.285,0.88,us,usb000jefp,2013-11-06T01:33:36.000Z,"3 km SW of Cepitá, Colombia",earthquake,,8.9,0.067,,reviewed,us,us
2013-08-27T11:59:21.800Z,10.7,-61.74,51.5,3.4,mwr,,,,1.25,us,usb000jci6,2022-07-25T21:19:11.757Z,"21 km W of Petit Valley, Trinidad and Tobago",earthquake,,10.0,,,reviewed,us_car,us_car
2013-08-26T01:44:08.470Z,6.7892,-72.9564,157.45,4.0,mwr,,52.0,2.356,0.73,us,usb000jbt6,2013-10-25T20:10:11.000Z,"4 km NNE of Cepitá, Colombia",earthquake,,6.7,,,reviewed,us,us_rsnc
2013-08-25T08:28:15.510Z,6.7266,-72.9311,176.27,4.1,mb,,101.0,2.321,0.89,us,usb000jblu,2013-10-25T20:10:04.000Z,"5 km ESE of Cepitá, Colombia",earthquake,,15.1,0.12,,reviewed,us,us
2013-08-08T14:45:28.760Z,10.6919,-62.3593,88.38,4.4,mb,,55.0,0.94,0.91,us,usb000jc3p,2013-10-12T21:32:31.000Z,"14 km NNW of Güiria, Venezuela",earthquake,,10.4,0.084,,reviewed,us,us
2013-08-06T14:56:21.600Z,10.791,-62.167,52.4,4.0,mwr,,,,1.11,us,usb000ix9a,2022-07-25T19:47:44.000Z,"27 km NNE of Güiria, Venezuela",earthquake,,9.0,,,reviewed,us_trn,us_car
2013-08-02T11:15:31.000Z,11.642,-61.93,129.2,4.3,mb,,,,1.23,us,usb000itzl,2013-09-25T17:45:50.000Z,"49 km SSW of Saint George's, Grenada",earthquake,,5.1,0.168,,reviewed,us_trn,us
2013-07-29T09:17:48.900Z,6.898,-73.104,155.3,4.2,mb,34.0,117.0,,0.64,us,usc000irkb,2014-11-07T01:51:21.355Z,"11 km SSW of Piedecuesta, Colombia",earthquake,,8.4,,27.0,reviewed,us,us
2013-07-25T12:09:25.030Z,6.734,-72.991,152.8,4.8,mb,111.0,36.0,,0.85,us,usc000inn7,2025-12-22T16:27:26.341Z,"2 km SW of Cepitá, Colombia",earthquake,,5.0,,289.0,reviewed,us,us
2013-07-10T14:02:32.500Z,12.89,-60.044,30.8,4.4,mb,35.0,117.8,,,us,usp000k1vk,2014-11-07T01:51:15.135Z,"51 km WSW of Bridgetown, Barbados",earthquake,,,,6.0,reviewed,trn,us
2013-07-05T10:37:49.840Z,6.779,-72.958,154.9,4.5,mb,311.0,41.0,,0.75,us,usb000i73x,2014-11-07T01:51:13.693Z,"3 km NNE of Cepitá, Colombia",earthquake,,5.5,,280.0,reviewed,us,us
2013-07-05T00:53:14.510Z,8.818,-70.849,4.9,4.6,mb,95.0,54.0,,0.5,us,usb000i6yl,2014-11-07T01:51:13.620Z,"42 km NE of Mérida, Venezuela",earthquake,,1.8,,92.0,reviewed,us,us
2013-07-01T03:41:07.710Z,6.374,-71.583,9.7,4.2,mb,25.0,57.0,,1.24,us,us2013scby,2014-11-07T01:51:10.326Z,"19 km ESE of Tame, Colombia",earthquake,,6.2,,5.0,reviewed,us,us
2013-06-29T06:57:31.200Z,10.049,-59.047,77.0,4.1,md,13.0,100.0,,,us,usp000k1jq,2014-11-07T01:51:08.158Z,"219 km NNE of Mabaruma, Guyana",earthquake,,,,,reviewed,trn,trn
2013-06-18T06:02:02.740Z,6.793,-73.076,164.9,4.6,mb,116.0,40.0,,0.81,us,usc000hthv,2022-07-25T16:47:08.267Z,"6 km NNE of Jordán, Colombia",earthquake,,6.3,,297.0,reviewed,us,us
2013-06-14T10:49:24.730Z,6.692,-72.985,168.9,4.4,mb,146.0,72.0,,0.84,us,usc000hql8,2014-11-07T01:51:04.314Z,"3 km E of Aratoca, Colombia",earthquake,,10.3,,133.0,reviewed,us,us
2013-06-07T02:50:46.450Z,12.865,-60.776,39.1,4.1,mb,27.0,100.0,,1.22,us,usc000hi0t,2022-07-25T04:54:52.894Z,"52 km ESE of Port Elizabeth, Saint Vincent and the Grenadines",earthquake,,8.9,,5.0,reviewed,us,us
2013-06-03T12:55:04.290Z,12.16,-68.87,9.3,4.0,mb,21.0,100.0,,,us,usb000hdxw,2022-07-25T04:31:19.850Z,"58 km W of Dorp Rincón, Bonaire, Saint Eustatius and Saba ",earthquake,,,,2.0,reviewed,car,us
2013-05-30T20:55:54.380Z,6.808,-72.941,162.4,4.3,mb,41.0,168.0,,0.52,us,usp000k11k,2014-11-07T01:50:55.796Z,"6 km NNE of Cepitá, Colombia",earthquake,,19.8,,28.0,reviewed,us,us
2013-05-16T16:29:17.590Z,12.089,-73.426,27.2,5.0,mb,438.0,30.0,,0.77,us,usb000gx21,2014-11-07T01:50:48.994Z,"82 km NW of Riohacha, Colombia",earthquake,,3.8,,381.0,reviewed,us,us
2013-05-09T11:38:58.420Z,10.329,-62.452,41.3,4.4,mb,23.0,138.0,,0.58,us,usc000grtf,2014-11-07T01:50:45.804Z,"32 km SSW of Güiria, Venezuela",earthquake,,10.5,,19.0,reviewed,us,us
2013-05-02T04:29:45.090Z,10.837,-61.29,35.0,3.5,mb,10.0,171.4,,0.49,us,usc000glnp,2014-11-07T01:50:43.347Z,"21 km NNE of Paradise, Trinidad and Tobago",earthquake,,,,1.0,reviewed,us,us
2013-05-02T03:42:15.400Z,11.4,-73.202,18.3,4.3,mb,52.0,47.0,,1.11,us,usc000glll,2014-11-07T01:50:43.328Z,near the north coast of Colombia,earthquake,,19.0,,27.0,reviewed,us,us
2013-04-21T12:58:44.290Z,10.084,-69.193,20.5,4.1,mw,21.0,86.0,,1.14,us,usb000gerg,2022-07-25T00:29:12.755Z,"7 km W of Yaritagua, Venezuela",earthquake,,12.1,,,reviewed,us,car
2013-04-14T15:23:30.060Z,6.602,-72.787,176.0,4.3,mb,70.0,178.5,,0.74,us,us2013nza3,2014-11-07T01:50:33.995Z,"8 km SSE of Molagavita, Colombia",earthquake,,6.0,,47.0,reviewed,us,us
2013-04-12T22:36:48.260Z,6.734,-73.022,165.6,4.3,mb,68.0,82.5,,0.84,us,usb000g60g,2014-11-07T01:50:33.410Z,"4 km N of Aratoca, Colombia",earthquake,,5.0,,46.0,reviewed,us,us
2013-03-31T12:16:24.330Z,10.83,-62.167,110.8,4.0,mw,52.0,121.4,,1.18,us,usb000fwyu,2022-07-24T22:08:15.191Z,"31 km NNE of Güiria, Venezuela",earthquake,,6.2,,,reviewed,us,car
2013-03-24T17:28:25.350Z,11.961,-60.16,57.8,4.8,mb,120.0,37.3,,1.0,us,usb000fs0l,2014-11-07T01:50:22.943Z,"106 km NE of Scarborough, Trinidad and Tobago",earthquake,,3.5,,35.0,reviewed,us,us
2013-03-20T16:24:37.400Z,6.754,-73.078,162.5,4.4,mb,86.0,62.2,,0.8,us,us2013mzav,2014-11-07T01:50:22.013Z,"3 km NE of Jordán, Colombia",earthquake,,6.4,,60.0,reviewed,us,us
2013-03-13T12:12:08.450Z,6.744,-72.958,156.6,4.6,mb,204.0,66.9,,0.72,us,usb000fk6s,2014-11-07T01:50:20.134Z,"2 km ESE of Cepitá, Colombia",earthquake,,4.0,,168.0,reviewed,us,us
2013-03-09T07:21:34.350Z,10.849,-62.253,113.0,4.8,mw,294.0,27.8,,0.98,us,usb000fhvz,2022-07-24T19:55:10.228Z,"30 km N of Güiria, Venezuela",earthquake,,2.4,,,reviewed,us,car
2013-03-08T23:43:41.590Z,10.92,-65.65,5.6,4.0,mw,19.0,100.0,,,us,usb000fhvp,2014-11-07T01:50:18.770Z,"109 km ENE of Guatire, Venezuela",earthquake,,,,,reviewed,car,car
2013-03-04T13:23:50.950Z,10.703,-62.094,64.7,3.8,md,31.0,88.6,,0.97,us,usp000jzmr,2014-11-07T01:50:17.506Z,"26 km ENE of Güiria, Venezuela",earthquake,,6.5,,,reviewed,us,trn
2013-02-27T18:49:18.580Z,11.96,-71.949,50.5,4.4,mb,45.0,76.9,,0.86,us,usb000fijz,2014-11-07T01:50:12.408Z,"43 km NE of Uribia, Colombia",earthquake,,5.4,,29.0,reviewed,us,us
2013-02-18T13:13:47.670Z,9.171,-69.75,10.0,4.6,mb,39.0,55.4,,1.01,us,us2013luaz,2014-11-07T01:50:09.532Z,"14 km N of Guanare, Venezuela",earthquake,,,,7.0,reviewed,us,us
2013-02-10T05:27:09.260Z,11.096,-62.05,81.8,4.8,mw,317.0,21.5,,1.04,us,usc000f4tk,2025-12-22T16:27:00.720Z,"63 km NNE of Güiria, Venezuela",earthquake,,2.6,,,reviewed,us,car
2013-02-02T05:10:03.600Z,10.856,-62.193,111.7,3.9,mw,152.0,75.6,,0.81,us,usc000ezzh,2014-11-07T01:49:59.288Z,"32 km NNE of Güiria, Venezuela",earthquake,,3.0,,,reviewed,us,car
2013-01-22T10:47:34.700Z,10.345,-61.989,7.3,4.0,md,29.0,132.7,,,us,usp000jyq0,2014-11-07T01:49:52.429Z,"38 km WNW of Point Fortin, Trinidad and Tobago",earthquake,,,,,reviewed,trn,trn
2013-01-12T20:17:12.590Z,8.396,-71.591,11.2,4.2,mw,63.0,58.1,,0.75,us,usp000jyb3,2014-11-07T01:49:49.326Z,"25 km SSE of El Vigía, Venezuela",earthquake,,7.4,,,reviewed,us,car
2013-01-04T17:37:34.400Z,10.77,-59.708,56.5,4.0,md,40.0,122.3,,,us,usp000jxth,2014-11-07T01:49:46.016Z,"121 km ESE of Scarborough, Trinidad and Tobago",earthquake,,,,,reviewed,trn,trn
2013-01-04T07:56:01.750Z,10.767,-69.373,20.7,4.7,mw,191.0,74.7,,1.04,us,usp000jxt6,2014-11-07T01:49:45.885Z,"77 km N of Barquisimeto, Venezuela",earthquake,,3.7,,,reviewed,us,car
2012-12-19T19:28:51.900Z,10.693,-62.309,70.6,4.0,md,14.0,256.6,,,us,usp000jx5n,2014-11-07T01:49:37.852Z,"12 km N of Güiria, Venezuela",earthquake,,,,,reviewed,trn,trn
2012-12-19T00:23:30.100Z,6.786,-72.975,165.6,4.3,mb,66.0,48.8,,0.53,us,usp000jx4e,2014-11-07T01:49:37.709Z,"3 km N of Cepitá, Colombia",earthquake,,3.8,,39.0,reviewed,us,us
2012-11-25T22:24:08.000Z,6.824,-73.161,152.0,4.3,mb,44.0,103.6,,,us,usp000jw2d,2014-11-07T01:49:26.380Z,"11 km E of Zapatoca, Colombia",earthquake,,,,28.0,reviewed,rsnc,us
2012-11-17T03:51:14.400Z,10.08,-63.01,8.2,4.1,mw,42.0,70.7,,,us,usp000jvpy,2014-11-07T01:49:23.678Z,"41 km NNE of Maturín, Venezuela",earthquake,,,,,reviewed,car,car
2012-11-12T12:08:12.190Z,10.587,-61.906,71.4,4.2,mw,74.0,49.2,,0.85,us,usp000jver,2015-03-24T01:33:57.190Z,"41 km WSW of Petit Valley, Trinidad and Tobago",earthquake,,3.1,,,reviewed,us,car
2012-11-07T18:31:17.100Z,11.27,-70.02,5.0,4.3,mb,37.0,58.0,,,us,usp000jv5u,2014-11-07T01:49:19.191Z,"40 km WSW of Coro, Venezuela",earthquake,,,,4.0,reviewed,car,us
2012-11-05T16:46:00.130Z,6.728,-72.896,160.6,4.5,mb,118.0,49.0,,0.64,us,usp000jv2t,2014-11-07T01:49:18.490Z,"9 km ESE of Cepitá, Colombia",earthquake,,4.2,,85.0,reviewed,us,us
2012-11-03T11:50:57.000Z,10.2,-67.89,5.0,3.1,mw,3.0,225.2,,,us,usp000juz6,2014-11-07T01:49:17.650Z,"3 km SSW of Guacara, Venezuela",earthquake,,,,,reviewed,car,car
2012-10-30T12:18:20.780Z,6.749,-72.97,164.4,4.4,mb,117.0,68.0,,0.52,us,usp000jut7,2014-11-07T01:49:11.981Z,"0 km SE of Cepitá, Colombia",earthquake,,3.5,,89.0,reviewed,us,us
2012-10-20T21:51:10.710Z,6.761,-73.063,159.0,4.4,mb,97.0,165.2,,0.68,us,usp000ju7k,2014-11-07T01:49:07.236Z,"4 km NE of Jordán, Colombia",earthquake,,5.4,,74.0,reviewed,us,us
2012-10-12T12:16:18.840Z,10.508,-62.811,10.0,4.8,mw,335.0,33.0,,1.32,us,usp000jtwm,2015-03-24T01:33:20.136Z,near the coast of Venezuela,earthquake,,,,,reviewed,us,car
2012-10-08T23:02:19.500Z,10.903,-61.836,40.9,3.7,mw,15.0,198.8,,,us,usp000jtrm,2014-11-07T01:49:03.975Z,"38 km NW of Petit Valley, Trinidad and Tobago",earthquake,,,,,reviewed,trn,car
2012-09-29T05:26:11.360Z,7.132,-71.935,35.0,4.5,mb,135.0,29.1,,1.04,us,usp000jt7m,2014-11-07T01:48:56.417Z,"23 km NE of Cubará, Colombia",earthquake,,,,83.0,reviewed,us,us
2012-09-26T02:22:25.200Z,6.82,-73.14,147.0,4.3,mb,51.0,70.6,,,us,usp000jszd,2014-11-07T01:48:55.110Z,"10 km NNW of Jordán, Colombia",earthquake,,,,37.0,reviewed,rsnc,us
2012-09-13T00:22:28.800Z,10.28,-62.21,7.6,4.8,mw,185.0,49.9,,,us,usp000js83,2014-11-07T01:48:51.064Z,"34 km SSE of Güiria, Venezuela",earthquake,,,,,reviewed,car,car
2012-09-10T23:33:56.100Z,10.83,-62.17,89.7,3.7,mw,21.0,180.1,,,us,usp000js4b,2014-11-07T01:48:50.188Z,"31 km NNE of Güiria, Venezuela",earthquake,,,,,reviewed,car,car
2012-09-02T23:12:30.700Z,10.668,-62.539,98.7,4.0,md,14.0,258.0,,,us,usp000jrhq,2014-11-07T01:48:45.998Z,"28 km WNW of Güiria, Venezuela",earthquake,,,,,reviewed,trn,trn
2012-09-01T05:09:45.650Z,6.719,-72.919,163.9,5.1,mb,643.0,30.2,,0.79,us,usp000jrcv,2025-12-22T16:32:30.130Z,"7 km ESE of Cepitá, Colombia",earthquake,,,,295.0,reviewed,us,us
2012-08-29T05:07:07.320Z,8.67,-71.217,24.8,3.8,mw,34.0,65.6,,1.12,us,usp000jr0z,2014-11-07T01:48:39.241Z,"11 km NW of Mérida, Venezuela",earthquake,,12.6,,,reviewed,us,car
2012-08-28T23:27:54.400Z,13.181,-60.743,13.4,4.0,mb,56.0,82.1,,,us,usp000jr0k,2014-11-07T01:48:39.211Z,"41 km ESE of Byera Village, Saint Vincent and the Grenadines",earthquake,,,,2.0,reviewed,trn,us
2012-08-28T22:04:02.080Z,6.668,-72.93,155.2,4.4,mb,119.0,46.8,,0.78,us,usp000jr0d,2014-11-07T01:48:39.171Z,"10 km ESE of Aratoca, Colombia",earthquake,,,,75.0,reviewed,us,us
2012-08-21T16:40:54.670Z,11.806,-66.432,62.5,4.5,mw,165.0,46.8,,0.94,us,usp000jqkf,2015-03-24T02:07:33.245Z,"139 km NNE of Caraballeda, Venezuela",earthquake,,,,,reviewed,us,car
2012-08-21T10:45:29.400Z,10.613,-60.396,66.8,4.1,md,39.0,94.6,,,us,usp000jqk3,2014-11-07T01:48:36.274Z,"73 km SSE of Scarborough, Trinidad and Tobago",earthquake,,,,,reviewed,trn,trn
2012-08-20T20:17:43.630Z,5.465,-73.302,43.1,4.0,mb,18.0,58.1,,1.21,us,usp000jqjk,2014-11-07T01:48:36.180Z,"3 km NNW of Viracachá, Colombia",earthquake,,10.9,,2.0,reviewed,us,us
2012-08-20T13:00:30.870Z,6.755,-73.146,155.9,4.1,mb,38.0,97.9,,0.94,us,usp000jqj8,2014-11-07T01:48:36.131Z,"6 km WNW of Jordán, Colombia",earthquake,,5.9,,25.0,reviewed,us,us
2012-08-09T12:00:59.190Z,6.434,-71.862,36.3,4.6,mb,185.0,58.5,,0.74,us,usp000jq3a,2014-11-07T01:48:32.404Z,"14 km WSW of Tame, Colombia",earthquake,,4.1,,135.0,reviewed,us,us
2012-08-06T15:31:51.930Z,6.776,-73.153,156.5,4.2,mb,43.0,69.2,,1.01,us,usp000jpz2,2014-11-07T01:48:31.368Z,"7 km NW of Jordán, Colombia",earthquake,,5.4,,22.0,reviewed,us,us
2012-07-30T10:18:56.030Z,6.8,-73.033,157.0,4.3,mb,26.0,70.6,,1.01,us,usp000jpn2,2014-11-07T01:48:25.324Z,"8 km NW of Cepitá, Colombia",earthquake,,7.9,,16.0,reviewed,us,us
2012-07-27T16:15:49.000Z,9.22,-69.67,5.0,4.2,mw,41.0,56.0,,,us,usp000jph7,2014-11-07T01:48:24.486Z,"21 km NNE of Guanare, Venezuela",earthquake,,,,,reviewed,car,car
2012-07-13T05:31:31.690Z,6.719,-73.109,159.6,4.2,mb,101.0,98.9,,0.86,us,usp000jnyp,2014-11-07T01:48:19.442Z,"2 km SW of Jordán, Colombia",earthquake,,4.8,,82.0,reviewed,us,us
2012-07-09T09:50:39.710Z,7.378,-73.032,42.1,4.3,mb,61.0,42.7,,1.11,us,usp000jnsu,2015-03-24T01:31:09.681Z,"5 km WNW of Suratá, Colombia",earthquake,,5.5,,22.0,reviewed,us,us
2012-06-15T06:59:21.000Z,6.803,-73.146,150.6,4.4,mb,65.0,34.2,,,us,usp000jmss,2014-11-07T01:48:05.283Z,"9 km NW of Jordán, Colombia",earthquake,,,,20.0,reviewed,rsnc,us
2012-06-10T15:21:40.870Z,6.793,-73.2,155.6,4.2,mb,18.0,96.7,,1.2,us,usp000jmkp,2014-11-07T01:48:03.081Z,"7 km ESE of Zapatoca, Colombia",earthquake,,7.9,,8.0,reviewed,us,us
2012-05-30T00:57:50.540Z,5.279,-73.71,156.3,4.2,mb,66.0,58.4,,0.88,us,usp000jm3w,2014-11-07T01:47:55.058Z,"3 km S of Lenguazaque, Colombia",earthquake,,3.8,,29.0,reviewed,us,us
2012-05-24T18:49:38.890Z,6.748,-73.15,146.7,4.3,mb,20.0,97.9,,1.0,us,usp000jkw1,2014-11-07T01:47:52.465Z,"6 km WNW of Jordán, Colombia",earthquake,,9.5,,16.0,reviewed,us,us
2012-05-20T04:59:57.610Z,6.764,-72.922,155.4,4.3,mb,48.0,84.5,,0.78,us,usp000jknk,2014-11-07T01:47:49.708Z,"5 km E of Cepitá, Colombia",earthquake,,4.3,,28.0,reviewed,us,us
2012-05-17T00:52:21.000Z,10.63,-62.58,78.6,4.4,mw,114.0,58.6,,,us,usp000jkgs,2014-11-07T01:47:48.063Z,"31 km W of Güiria, Venezuela",earthquake,,,,,reviewed,car,car
2012-03-31T09:47:25.100Z,10.54,-63.2,3.1,4.4,mw,224.0,67.9,,,us,usp000jh1j,2014-11-07T01:47:20.916Z,"15 km SSE of Carúpano, Venezuela",earthquake,,,,,reviewed,car,car
2012-03-31T09:14:38.300Z,10.431,-62.944,73.2,4.2,md,12.0,271.2,,,us,usp000jh1g,2014-11-07T01:47:20.902Z,"42 km SE of Carúpano, Venezuela",earthquake,,,,,reviewed,trn,trn
2012-03-25T23:59:44.700Z,10.17,-67.89,5.0,3.7,mw,4.0,342.7,,,us,usp000jgt2,2015-03-24T02:22:27.986Z,"6 km SSW of Guacara, Venezuela",earthquake,,,,,reviewed,car,car
2012-03-25T11:30:17.660Z,6.676,-72.868,159.9,4.3,mb,91.0,150.4,,0.78,us,usp000jgrt,2014-11-07T01:47:18.956Z,"6 km W of Molagavita, Colombia",earthquake,,3.6,,62.0,reviewed,us,us
2012-03-14T07:29:40.750Z,9.38,-70.11,5.0,4.0,mw,20.0,98.1,,,us,usp000jg79,2014-11-07T01:47:14.516Z,"35 km E of Trujillo, Venezuela",earthquake,,,,,reviewed,car,car
2012-02-27T00:11:06.700Z,10.56,-63.62,5.8,4.3,mw,33.0,65.6,,,us,usp000jffe,2014-11-07T01:47:04.999Z,"41 km WSW of Carúpano, Venezuela",earthquake,,,,,reviewed,car,car
2012-02-25T06:15:12.000Z,6.778,-73.135,143.2,4.8,mb,248.0,29.7,,,us,usp000jfbu,2015-03-24T02:08:58.830Z,"6 km NW of Jordán, Colombia",earthquake,,,,150.0,reviewed,rsnc,us
2012-02-24T13:43:16.660Z,6.702,-72.952,161.5,5.3,mb,470.0,33.4,,0.75,us,usp000jfaq,2025-12-22T16:23:31.585Z,"6 km SSE of Cepitá, Colombia",earthquake,,2.3,,293.0,reviewed,us,us
2012-02-24T03:05:40.730Z,6.701,-72.885,154.8,4.4,mb,60.0,122.8,,0.93,us,usp000jf9z,2015-03-24T01:26:29.453Z,"8 km WNW of Molagavita, Colombia",earthquake,,4.7,,40.0,reviewed,us,us
2012-02-20T12:09:38.070Z,6.702,-73.044,163.1,4.2,mb,20.0,134.7,,0.86,us,usp000jf51,2014-11-07T01:47:02.688Z,"2 km WNW of Aratoca, Colombia",earthquake,,6.7,,8.0,reviewed,us,us
2012-02-18T02:22:06.800Z,11.964,-61.416,18.6,4.0,md,28.0,111.0,,,us,usp000jf27,2014-11-07T01:47:02.210Z,"28 km SE of Grenville, Grenada",earthquake,,,,,reviewed,trn,trn
2012-02-13T09:41:26.500Z,9.501,-64.121,3.0,4.4,md,8.0,192.5,,,us,usp000jew4,2014-11-07T01:47:00.756Z,"33 km NE of Cantaura, Venezuela",earthquake,,,,,reviewed,trn,trn
2012-02-11T07:19:03.500Z,12.443,-60.219,4.6,4.6,mb,131.0,94.0,,,us,usp000jetp,2014-11-07T01:47:00.342Z,"98 km SW of Bridgetown, Barbados",earthquake,,,,66.0,reviewed,trn,us
2012-02-11T05:56:35.700Z,10.72,-62.31,86.7,4.2,mw,142.0,43.6,,,us,usp000jetm,2014-11-07T01:47:00.303Z,"15 km N of Güiria, Venezuela",earthquake,,,,,reviewed,car,car
2012-02-11T00:12:19.900Z,10.69,-62.49,82.9,4.3,mw,51.0,74.1,,,us,usp000jet8,2015-03-24T02:36:44.656Z,"24 km WNW of Güiria, Venezuela",earthquake,,,,,reviewed,car,car
2012-01-31T14:52:48.890Z,5.092,-72.979,57.0,4.4,mb,15.0,197.2,,0.89,us,usp000je7e,2014-11-07T01:46:52.305Z,"8 km E of Páez, Colombia",earthquake,,7.7,,6.0,reviewed,us,us
2012-01-31T08:23:00.000Z,10.294,-73.54,10.0,3.0,ml,4.0,269.4,,,us,usp000je71,2014-11-07T01:46:52.271Z,"36 km WSW of Valledupar, Colombia",earthquake,,,,,reviewed,rsnc,rsnc
2012-01-28T01:02:47.900Z,11.309,-61.786,21.9,3.8,md,18.0,183.1,,,us,usp000je29,2014-11-07T01:46:51.115Z,"72 km NNW of Petit Valley, Trinidad and Tobago",earthquake,,,,,reviewed,trn,trn
2012-01-01T02:40:36.400Z,6.677,-73.11,158.1,4.0,mb,23.0,129.3,,0.9,us,usp000jcwk,2015-03-24T02:18:26.587Z,"6 km SSW of Jordán, Colombia",earthquake,,6.2,,10.0,reviewed,us,us
2011-12-29T11:58:29.650Z,6.803,-73.162,144.8,4.2,mb,35.0,75.5,,0.7,us,usp000jct2,2014-11-07T01:46:38.503Z,"10 km NW of Jordán, Colombia",earthquake,,5.0,,25.0,reviewed,us,us
2011-12-25T16:41:01.250Z,8.445,-73.893,35.0,4.6,mb,17.0,93.7,,1.1,us,usp000jcmy,2014-11-07T01:46:37.300Z,"5 km ESE of Arenal, Colombia",earthquake,,,,12.0,reviewed,us,us
2011-12-16T04:06:17.170Z,6.954,-73.185,171.9,4.1,mb,19.0,115.1,,1.14,us,usp000jc8j,2014-11-07T01:46:34.679Z,"12 km ENE of Betulia, Colombia",earthquake,,7.3,,9.0,reviewed,us,us
2011-12-15T01:53:03.210Z,6.704,-72.967,165.2,4.4,mb,109.0,48.6,,0.87,us,usp000jc71,2014-11-07T01:46:34.063Z,"5 km S of Cepitá, Colombia",earthquake,,3.5,,55.0,reviewed,us,us
2011-12-05T18:15:55.700Z,10.307,-62.329,3.0,4.0,md,8.0,290.3,,,us,usp000jbva,2014-11-07T01:46:31.344Z,"30 km S of Güiria, Venezuela",earthquake,,,,,reviewed,trn,trn
2011-12-03T18:20:46.200Z,10.942,-61.41,3.0,4.0,md,7.0,281.1,,,us,usp000jbsk,2014-11-07T01:46:30.645Z,"30 km NNE of Petit Valley, Trinidad and Tobago",earthquake,,,,,reviewed,trn,trn
2011-11-24T09:03:03.870Z,9.988,-59.647,8.6,4.5,mb,39.0,101.2,,1.18,us,usp000jbb6,2014-11-07T01:46:24.482Z,"171 km ESE of Rio Claro, Trinidad and Tobago",earthquake,,18.5,,13.0,reviewed,us,us
2011-11-17T18:08:42.810Z,6.754,-73.096,159.0,4.6,mb,16.0,98.6,,1.31,us,usp000jazv,2014-11-07T01:46:22.131Z,"2 km N of Jordán, Colombia",earthquake,,8.4,,6.0,reviewed,us,us
2011-11-12T20:01:42.590Z,10.622,-62.396,41.2,4.0,mw,41.0,144.8,,1.07,us,usp000jarj,2014-11-07T01:46:20.334Z,"11 km WNW of Güiria, Venezuela",earthquake,,7.4,,,reviewed,us,car
2011-11-12T12:52:02.200Z,10.743,-62.502,81.6,4.9,mwc,203.0,32.7,,0.93,us,usp000jar5,2015-03-24T02:02:28.249Z,"28 km NW of Güiria, Venezuela",earthquake,,,,,reviewed,us,gcmt
2011-11-06T19:00:04.200Z,11.86,-65.36,34.9,4.0,mw,31.0,61.1,,,us,usp000jafn,2014-11-07T01:46:18.663Z,"174 km WNW of Juan Griego, Venezuela",earthquake,,,,,reviewed,car,car
2011-10-31T18:42:13.320Z,6.681,-73.062,161.8,4.1,mb,20.0,71.4,,0.78,us,usp000ja5y,2014-11-07T01:46:12.898Z,"5 km WSW of Aratoca, Colombia",earthquake,,5.7,,10.0,reviewed,us,us
2011-10-20T01:11:51.980Z,6.771,-73.021,155.8,4.5,mb,69.0,33.7,,0.96,us,usp000j9k5,2014-11-07T01:46:08.107Z,"5 km WNW of Cepitá, Colombia",earthquake,,4.3,,37.0,reviewed,us,us
2011-10-12T09:57:03.700Z,10.556,-62.071,3.0,4.0,md,11.0,262.9,,,us,usp000j98p,2014-11-07T01:46:06.207Z,"24 km E of Güiria, Venezuela",earthquake,,,,,reviewed,trn,trn
2011-10-11T23:45:39.600Z,10.375,-62.306,3.0,4.1,md,23.0,88.8,,,us,usp000j98f,2014-11-07T01:46:06.178Z,"22 km S of Güiria, Venezuela",earthquake,,,,,reviewed,trn,trn
2011-10-05T20:20:53.450Z,7.433,-71.849,25.4,4.7,mb,74.0,54.3,,1.08,us,usp000j8yz,2015-03-24T02:15:53.319Z,"55 km NNE of Cubará, Colombia",earthquake,,10.6,,24.0,reviewed,us,us
2011-10-02T17:27:06.000Z,11.74,-69.56,19.0,4.1,mw,25.0,47.3,,,us,usp000j8uy,2014-11-07T01:46:02.340Z,"39 km NNE of Coro, Venezuela",earthquake,,,,,reviewed,car,car
2011-09-20T16:32:39.620Z,6.808,-73.096,158.3,4.2,mb,48.0,69.7,,0.94,us,usp000j8b0,2014-11-07T01:45:56.004Z,"8 km N of Jordán, Colombia",earthquake,,5.5,,32.0,reviewed,us,us
2011-09-08T10:30:49.370Z,10.352,-62.72,64.5,4.4,mw,34.0,80.4,,1.29,us,usp000j7sp,2014-11-07T01:45:51.454Z,"52 km WSW of Güiria, Venezuela",earthquake,,7.4,,,reviewed,us,car
2011-09-05T17:12:13.320Z,6.748,-72.96,170.0,4.3,mb,37.0,47.8,,0.75,us,usp000j7nk,2014-11-07T01:45:50.595Z,"1 km ESE of Cepitá, Colombia",earthquake,,5.2,,10.0,reviewed,us,us
2011-08-27T16:15:29.700Z,12.48,-69.72,15.0,4.7,mw,61.0,54.2,,,us,usp000j74j,2015-03-24T01:41:56.143Z,"101 km NNE of Punto Fijo, Venezuela",earthquake,,,,,reviewed,car,car
2011-08-23T16:52:04.960Z,6.731,-72.985,157.2,4.7,mb,179.0,69.5,,0.64,us,usp000j6xa,2014-11-07T01:45:41.543Z,"2 km SSW of Cepitá, Colombia",earthquake,,,,130.0,reviewed,us,us
2011-08-04T13:16:43.520Z,6.737,-73.012,161.2,4.1,mb,25.0,100.0,,0.82,us,usp000j5ys,2014-11-07T01:45:33.757Z,"4 km WSW of Cepitá, Colombia",earthquake,,6.0,,14.0,reviewed,us,us
2011-08-03T21:33:55.410Z,6.739,-72.935,161.4,4.3,mb,57.0,101.1,,0.91,us,usp000j5xf,2014-11-07T01:45:33.401Z,"4 km ESE of Cepitá, Colombia",earthquake,,5.7,,40.0,reviewed,us,us
2011-07-14T06:35:31.270Z,11.23,-61.839,65.0,4.3,mb,19.0,70.0,,,us,usp000j4v3,2014-11-07T01:45:21.733Z,"66 km NNW of Petit Valley, Trinidad and Tobago",earthquake,,,,1.0,reviewed,trn,us
2011-07-06T02:22:59.390Z,6.774,-73.075,157.1,4.1,mb,27.0,98.7,,0.73,us,usp000j47f,2014-11-07T01:45:17.282Z,"5 km NNE of Jordán, Colombia",earthquake,,7.0,,19.0,reviewed,us,us
2011-06-29T02:23:45.390Z,6.748,-73.029,158.8,4.3,mb,33.0,99.7,,0.92,us,usp000j3xb,2014-11-07T01:45:11.627Z,"6 km N of Aratoca, Colombia",earthquake,,6.2,,24.0,reviewed,us,us
2011-06-14T17:55:13.800Z,6.76,-72.987,158.0,4.7,mb,268.0,57.4,,0.72,us,usp000j35s,2014-11-07T01:45:05.674Z,"1 km WNW of Cepitá, Colombia",earthquake,,3.0,,184.0,reviewed,us,us
2011-05-26T22:50:25.400Z,10.666,-64.779,10.7,4.0,mw,7.0,257.7,,,us,usp000j28f,2014-11-07T01:44:55.337Z,near the coast of Venezuela,earthquake,,,,,reviewed,car,car
2011-05-20T03:14:50.550Z,6.725,-72.908,164.2,4.7,mb,230.0,33.8,,0.72,us,usp000j1vf,2022-07-19T15:42:29.280Z,"8 km ESE of Cepitá, Colombia",earthquake,,,,140.0,reviewed,us,us
2011-05-16T22:18:24.120Z,10.779,-62.285,102.0,4.7,mb,85.0,29.9,,,us,usp000j1q4,2014-11-07T01:44:51.776Z,"22 km N of Güiria, Venezuela",earthquake,,,,6.0,reviewed,trn,us
2011-05-16T05:12:37.520Z,6.742,-72.934,153.8,4.7,mb,121.0,46.4,,0.73,us,usp000j1p5,2014-11-07T01:44:51.651Z,"4 km ESE of Cepitá, Colombia",earthquake,,4.0,,51.0,reviewed,us,us
2011-05-13T15:18:24.590Z,6.722,-72.927,163.6,4.9,mb,361.0,33.7,,0.79,us,usp000j1hr,2022-07-19T15:00:23.039Z,northern Colombia,earthquake,,,,243.0,reviewed,us,us
2011-05-12T03:27:51.600Z,6.89,-73.55,13.6,3.6,ml,9.0,74.0,,,us,usp000j1fb,2014-11-07T01:44:49.816Z,"15 km W of San Vicente de Chucurí, Colombia",earthquake,,,,,reviewed,rsnc,rsnc
2011-05-01T04:52:13.450Z,6.624,-73.164,159.0,4.4,mb,83.0,83.6,,0.73,us,usp000j0uu,2014-11-07T01:44:42.227Z,"5 km SSE of Villanueva, Colombia",earthquake,,5.0,,58.0,reviewed,us,us
2011-04-02T17:30:06.710Z,6.778,-72.957,151.2,4.9,mb,312.0,28.6,,0.85,us,usp000hz54,2022-07-19T11:07:35.709Z,"3 km NE of Cepitá, Colombia",earthquake,,2.9,,202.0,reviewed,us,us
2011-04-01T16:27:43.560Z,6.669,-72.932,167.2,4.6,mb,100.0,53.8,,0.82,us,usp000hz2y,2014-11-07T01:44:26.555Z,"9 km ESE of Aratoca, Colombia",earthquake,,5.4,,77.0,reviewed,us,us
2011-03-16T19:19:00.460Z,10.141,-60.495,40.2,4.6,mb,52.0,56.5,,1.27,us,usp000hxjc,2014-11-07T01:44:11.509Z,"76 km ESE of Rio Claro, Trinidad and Tobago",earthquake,,7.5,,8.0,reviewed,us,us
2011-03-12T09:26:40.800Z,12.077,-69.893,17.3,4.1,mw,24.0,94.6,,,us,usp000hwde,2014-11-07T01:44:01.919Z,"54 km NE of Punto Fijo, Venezuela",earthquake,,,,,reviewed,car,car
2011-03-04T18:42:08.920Z,10.982,-61.669,28.0,3.1,md,12.0,164.1,,,us,usp000hvbq,2014-11-07T01:43:51.611Z,"33 km NNW of Petit Valley, Trinidad and Tobago",earthquake,,,,,reviewed,trn,trn
2011-03-01T04:44:40.980Z,11.265,-62.054,126.0,4.3,mw,20.0,69.3,,,us,usp000hv73,2014-11-07T01:43:49.676Z,"80 km NNE of Güiria, Venezuela",earthquake,,,,,reviewed,trn,car
2011-02-21T05:28:49.560Z,10.316,-60.343,41.2,4.2,mb,40.0,89.0,,1.33,us,usp000huud,2014-11-07T01:43:41.766Z,"91 km E of Rio Claro, Trinidad and Tobago",earthquake,,8.0,,2.0,reviewed,us,us
2011-02-04T12:16:54.840Z,11.322,-62.146,149.1,5.2,mwc,458.0,14.4,,1.08,us,usp000hu2q,2025-12-22T15:58:36.585Z,"84 km NNE of Güiria, Venezuela",earthquake,,1.8,,,reviewed,us,gcmt
2011-01-28T23:39:03.240Z,6.678,-72.91,167.6,4.3,mb,62.0,73.5,,0.71,us,usp000htsq,2014-11-07T01:43:30.884Z,"11 km SE of Cepitá, Colombia",earthquake,,4.3,,31.0,reviewed,us,us
2011-01-27T14:06:47.000Z,4.39,-73.68,4.0,3.9,ml,7.0,107.7,,,us,usp000htqc,2014-11-07T01:43:30.479Z,"5 km NE of El Calvario, Colombia",earthquake,,,,,reviewed,rsnc,rsnc
2011-01-20T09:50:17.950Z,6.592,-73.556,127.9,4.1,mb,13.0,86.4,,0.86,us,usp000htd9,2014-11-07T01:43:27.954Z,"12 km SSW of El Carmen de Chucurí, Colombia",earthquake,,7.8,,1.0,reviewed,us,us
2011-01-06T11:04:45.300Z,6.942,-72.958,179.2,4.5,mb,81.0,138.3,,0.73,us,usp000hsnm,2014-11-07T01:43:22.485Z,"7 km SW of Santa Bárbara, Colombia",earthquake,,7.1,,68.0,reviewed,us,us
2010-12-27T01:00:14.330Z,10.734,-61.635,54.3,5.0,mwc,257.0,31.0,,1.32,us,usp000hs32,2022-05-02T22:30:38.969Z,"10 km WNW of Petit Valley, Trinidad and Tobago",earthquake,,,,,reviewed,us,gcmt
2010-12-14T19:00:02.590Z,7.376,-73.172,140.1,4.4,mb,20.0,69.0,,1.52,us,usp000hqxk,2014-11-07T01:43:06.986Z,"11 km SSE of El Playón, Colombia",earthquake,,15.4,,4.0,reviewed,us,us
2010-12-12T02:41:25.230Z,11.756,-59.368,27.7,4.1,mb,22.0,101.2,,0.79,us,usp000hqu4,2014-11-07T01:43:06.409Z,"146 km S of Oistins, Barbados",earthquake,,15.5,,8.0,reviewed,us,us
2010-11-29T02:13:40.850Z,10.858,-62.207,105.0,4.1,md,13.0,265.2,,,us,usp000hq9r,2014-11-07T01:42:58.973Z,"32 km NNE of Güiria, Venezuela",earthquake,,,,,reviewed,trn,trn
2010-11-27T01:14:49.700Z,9.905,-69.669,5.0,4.2,mw,92.0,34.7,,,us,usp000hq66,2022-07-19T00:52:40.058Z,"5 km WSW of Quíbor, Venezuela",earthquake,,,,,reviewed,car,car
2010-11-26T10:26:02.000Z,8.608,-71.379,5.0,4.0,mw,12.0,101.3,,,us,usp000hq4z,2014-11-07T01:42:58.247Z,"16 km WNW of Ejido, Venezuela",earthquake,,,,,reviewed,car,car
2010-11-07T06:12:49.450Z,6.747,-72.972,166.0,4.2,mb,23.0,72.0,,0.9,us,usp000hp7x,2014-11-07T01:42:52.968Z,"0 km SSE of Cepitá, Colombia",earthquake,,7.6,,11.0,reviewed,us,us
2010-11-02T18:18:46.320Z,6.789,-72.979,156.2,4.8,mb,142.0,46.1,,0.85,us,usp000hnx9,2014-11-07T01:42:50.398Z,"3 km N of Cepitá, Colombia",earthquake,,4.7,,88.0,reviewed,us,us
2010-10-17T09:59:29.700Z,11.304,-70.386,11.7,4.0,mw,20.0,134.1,,,us,usp000hn72,2014-11-07T01:42:43.054Z,"43 km SSW of Punta Cardón, Venezuela",earthquake,,,,,reviewed,car,car
2010-10-14T06:26:53.360Z,6.824,-73.035,145.0,4.5,mb,44.0,98.7,,0.8,us,usp000hn2x,2014-11-07T01:42:42.067Z,"10 km NW of Cepitá, Colombia",earthquake,,,,27.0,reviewed,us,us
2010-10-12T08:47:20.930Z,6.711,-72.953,172.1,4.4,mb,86.0,101.2,,0.73,us,usp000hn0k,2014-11-07T01:42:41.705Z,"5 km SSE of Cepitá, Colombia",earthquake,,4.9,,72.0,reviewed,us,us
2010-09-30T15:56:40.730Z,6.72,-72.993,169.7,4.4,mb,85.0,57.6,,0.69,us,usp000hmdp,2014-11-07T01:42:32.286Z,"4 km NE of Aratoca, Colombia",earthquake,,4.5,,59.0,reviewed,us,us
2010-09-22T19:50:45.200Z,10.421,-62.1,14.0,3.8,mw,16.0,131.6,,,us,usp000hm2s,2014-11-07T01:42:30.177Z,"27 km SE of Güiria, Venezuela",earthquake,,,,,reviewed,trn,car
2010-09-17T14:25:25.280Z,10.231,-62.287,10.0,3.8,mw,20.0,73.2,,1.18,us,usp000hkuw,2014-11-07T01:42:28.648Z,"38 km S of Güiria, Venezuela",earthquake,,,,,reviewed,us,car
2010-09-07T01:54:42.610Z,6.722,-72.995,157.9,4.5,mb,28.0,46.5,,1.18,us,usp000hkc6,2014-11-07T01:42:24.651Z,"4 km NE of Aratoca, Colombia",earthquake,,7.2,,10.0,reviewed,us,us
2010-08-14T08:40:40.690Z,11.291,-62.398,136.9,5.2,mwc,348.0,24.8,,1.09,us,usp000hj4g,2025-12-22T15:49:22.507Z,"79 km N of Güiria, Venezuela",earthquake,,2.3,,,reviewed,us,gcmt
2010-08-13T23:50:37.300Z,9.57,-62.71,23.8,4.4,mw,71.0,54.4,,,us,usp000hj2x,2014-11-07T01:42:14.130Z,"55 km ESE of Maturín, Venezuela",earthquake,,,,,reviewed,car,car
2010-08-02T19:32:11.540Z,11.163,-69.319,16.5,4.0,mb,28.0,67.0,,1.14,us,usp000hhd5,2014-11-07T01:42:08.919Z,"47 km SE of Coro, Venezuela",earthquake,,16.9,,1.0,reviewed,us,us
2010-07-25T13:50:13.700Z,10.849,-70.482,5.0,4.1,mw,16.0,88.8,,,us,usp000hgsv,2014-11-07T01:42:01.438Z,"86 km NNW of Carora, Venezuela",earthquake,,,,,reviewed,car,car
2010-07-25T13:18:30.920Z,10.594,-60.714,51.0,4.1,md,8.0,225.3,,,us,usp000hgsq,2014-11-07T01:42:01.426Z,"45 km E of Sangre Grande, Trinidad and Tobago",earthquake,,,,,reviewed,trn,trn
2010-07-13T10:33:15.800Z,10.612,-62.468,83.3,4.0,mw,10.0,222.8,,,us,usp000hf82,2014-11-07T01:41:52.997Z,"18 km WNW of Güiria, Venezuela",earthquake,,,,,reviewed,car,car
2010-07-09T21:09:56.470Z,10.978,-61.692,47.0,3.6,mw,9.0,169.7,,,us,usp000hf2w,2014-11-07T01:41:51.718Z,"34 km NNW of Petit Valley, Trinidad and Tobago",earthquake,,,,,reviewed,trn,car
2010-07-09T20:50:19.620Z,10.94,-61.718,40.0,3.5,mw,23.0,69.6,,,us,usp000hf2v,2014-11-07T01:41:51.715Z,"32 km NW of Petit Valley, Trinidad and Tobago",earthquake,,,,,reviewed,trn,car
2010-07-07T19:16:20.970Z,6.763,-72.908,163.9,4.6,mb,99.0,48.5,,0.72,us,usp000hf08,2014-11-07T01:41:51.283Z,"7 km E of Cepitá, Colombia",earthquake,,4.1,,68.0,reviewed,us,us
2010-07-06T13:47:49.640Z,10.358,-62.448,49.5,5.0,mw,138.0,45.8,,0.95,us,usp000heyx,2022-07-18T15:45:51.485Z,"29 km SW of Güiria, Venezuela",earthquake,,4.1,,,reviewed,us,car
2010-07-03T12:11:06.600Z,6.759,-72.943,158.6,4.6,mb,96.0,46.3,,0.79,us,usp000hev0,2014-11-07T01:41:50.080Z,"3 km E of Cepitá, Colombia",earthquake,,,,53.0,reviewed,us,us
2010-06-05T01:20:00.140Z,5.091,-72.377,23.3,4.8,mwc,192.0,26.7,,0.81,us,usp000hdku,2022-07-16T14:50:56.265Z,"20 km ESE of Aguazul, Colombia",earthquake,,6.2,,,reviewed,us,gcmt
2010-05-21T02:42:46.300Z,10.97,-62.25,78.9,3.7,mw,15.0,119.2,,,us,usp000hd02,2014-11-07T01:41:30.875Z,"43 km N of Güiria, Venezuela",earthquake,,,,,reviewed,car,car
2010-05-16T01:28:09.510Z,10.009,-61.124,51.7,4.0,mb,42.0,93.8,,1.21,us,usp000hcta,2014-11-07T01:41:29.609Z,"33 km S of Rio Claro, Trinidad and Tobago",earthquake,,5.6,,14.0,reviewed,us,us
2010-05-02T21:21:51.200Z,10.91,-62.17,92.4,4.6,mw,220.0,22.9,,,us,usp000hc82,2022-07-16T12:31:01.379Z,"39 km NNE of Güiria, Venezuela",earthquake,,,,,reviewed,car,car
2010-04-30T19:18:59.400Z,10.98,-63.78,5.0,3.7,mw,21.0,81.0,,,us,usp000hc4p,2022-07-16T12:18:15.535Z,near the coast of Venezuela,earthquake,,,,,reviewed,car,car
2010-04-21T19:29:28.880Z,10.341,-62.259,7.0,4.6,mw,188.0,45.4,,,us,usp000hbrn,2014-11-07T01:41:18.428Z,"26 km S of Güiria, Venezuela",earthquake,,,,,reviewed,trn,car
2010-03-30T03:03:27.230Z,6.296,-71.957,27.7,4.2,mb,24.0,71.8,,0.93,us,usp000ha4r,2014-11-07T01:41:06.508Z,"26 km NW of Municipio Hato Corozal, Colombia",earthquake,,14.1,,2.0,reviewed,us,us
2010-03-21T15:00:00.940Z,6.74,-73.114,155.2,4.5,mb,8.0,98.5,,1.26,us,usp000h9t5,2014-11-07T01:41:04.074Z,"2 km WNW of Jordán, Colombia",earthquake,,14.9,,6.0,reviewed,us,us
2010-03-13T18:59:24.750Z,6.844,-72.921,153.0,4.6,mb,101.0,69.7,,0.88,us,usp000h9b8,2014-11-07T01:40:59.810Z,"8 km WSW of Guaca, Colombia",earthquake,,5.5,,57.0,reviewed,us,us
2010-03-05T21:46:47.800Z,10.88,-63.81,9.9,4.0,mw,5.0,193.0,,,us,usp000h8sq,2022-07-16T05:16:57.081Z,"10 km SE of Porlamar, Venezuela",earthquake,,,,,reviewed,car,car
2010-03-03T07:51:31.060Z,6.811,-72.926,167.0,4.7,mb,160.0,46.7,,0.89,us,usp000h8km,2022-07-16T04:37:56.385Z,"8 km NE of Cepitá, Colombia",earthquake,,,,90.0,reviewed,us,us
2010-02-23T07:21:14.920Z,6.669,-73.213,172.7,4.3,mb,29.0,74.9,,0.89,us,usp000h7kp,2014-11-07T01:40:44.412Z,northern Colombia,earthquake,,8.1,,20.0,reviewed,us,us
2010-02-21T02:41:42.980Z,6.704,-73.039,154.6,4.6,mb,25.0,139.8,,1.14,us,usp000h7hd,2014-11-07T01:40:43.965Z,"2 km WNW of Aratoca, Colombia",earthquake,,6.7,,15.0,reviewed,us,us
2010-02-13T06:04:07.400Z,10.594,-62.419,79.5,4.3,mw,29.0,100.8,,,us,usp000h78j,2014-11-07T01:40:42.310Z,"13 km W of Güiria, Venezuela",earthquake,,,,,reviewed,car,car
2010-02-02T22:32:00.580Z,6.744,-72.908,166.2,4.8,mb,215.0,46.3,,0.8,us,usp000h6w8,2022-07-16T01:49:57.721Z,northern Colombia,earthquake,,3.3,,107.0,reviewed,us,us
2010-02-01T11:06:28.930Z,8.945,-71.005,29.0,4.6,mb,94.0,37.2,,0.78,us,usp000h6us,2014-11-07T01:40:37.811Z,"42 km NNE of Mérida, Venezuela",earthquake,,6.0,,33.0,reviewed,us,us
2010-01-29T00:48:10.440Z,6.714,-72.976,157.5,4.7,mb,128.0,27.9,,0.82,us,usp000h6r5,2014-11-07T01:40:35.016Z,"4 km S of Cepitá, Colombia",earthquake,,3.1,,65.0,reviewed,us,us
2010-01-24T16:40:57.470Z,6.796,-72.972,164.4,4.6,mb,66.0,46.1,,0.75,us,usp000h6jq,2014-11-07T01:40:33.846Z,"4 km N of Cepitá, Colombia",earthquake,,,,36.0,reviewed,us,us
2010-01-16T05:11:07.720Z,5.111,-72.871,10.0,4.4,mb,49.0,52.3,,1.35,us,usp000h66g,2022-07-16T00:22:29.735Z,"11 km S of Chámeza, Colombia",earthquake,,,,13.0,reviewed,us,us
2010-01-15T18:00:46.700Z,10.454,-63.475,8.1,5.6,mwc,325.0,22.5,,1.13,us,usp000h65y,2026-02-28T13:14:06.014Z,"33 km SW of Carúpano, Venezuela",earthquake,,5.6,,,reviewed,us,gcmt
2010-01-13T08:14:49.100Z,12.209,-70.018,12.2,4.2,mw,36.0,50.2,,,us,usp000h62c,2014-11-07T01:40:27.396Z,"60 km NNE of Punto Fijo, Venezuela",earthquake,,,,,reviewed,car,car
2010-01-08T09:31:35.600Z,10.44,-69.74,5.0,4.8,mw,139.0,26.0,,,us,usp000h5ux,2022-05-02T21:33:57.142Z,"47 km NE of Carora, Venezuela",earthquake,,,,,reviewed,car,car
2010-01-08T09:21:16.700Z,10.45,-69.77,5.0,4.7,mw,22.0,89.3,,,us,usp000h5uw,2014-11-07T01:40:25.822Z,"45 km NE of Carora, Venezuela",earthquake,,,,,reviewed,car,car
2010-01-05T03:36:16.400Z,10.86,-62.43,105.5,4.8,mb,163.0,20.7,,,us,usp000h5r5,2022-07-15T23:43:00.173Z,"34 km NNW of Güiria, Venezuela",earthquake,,,,56.0,reviewed,car,us
2010-01-04T14:58:43.000Z,6.79,-73.09,152.2,4.3,mb,13.0,98.3,,,us,usp000h5qe,2014-11-07T01:40:24.960Z,"6 km N of Jordán, Colombia",earthquake,,,,1.0,reviewed,rsnc,us
2009-12-31T10:50:32.400Z,9.682,-70.02,5.0,4.4,mw,22.0,80.6,,,us,usp000h5j7,2014-11-07T01:40:20.472Z,"27 km WSW of El Tocuyo, Venezuela",earthquake,,,,,reviewed,car,car
2009-12-22T12:05:12.500Z,10.462,-69.779,5.0,4.0,mw,25.0,54.6,,,us,usp000h58z,2014-11-07T01:40:17.972Z,"46 km NE of Carora, Venezuela",earthquake,,,,,reviewed,car,car
2009-12-20T11:36:44.880Z,6.731,-72.948,167.0,4.5,mb,81.0,69.9,,0.62,us,usp000h579,2014-11-07T01:40:17.701Z,"3 km SE of Cepitá, Colombia",earthquake,,4.1,,46.0,reviewed,us,us
2009-11-27T08:15:53.360Z,10.434,-69.715,7.0,5.4,mwb,346.0,24.1,,1.0,us,usp000h4fn,2022-07-15T21:48:51.454Z,"49 km NE of Carora, Venezuela",earthquake,,,,,reviewed,us,us
2009-11-22T23:34:16.340Z,10.064,-61.042,50.6,5.2,mwc,93.0,64.3,,1.24,us,usp000h4b5,2022-07-15T21:35:26.200Z,"30 km SSE of Rio Claro, Trinidad and Tobago",earthquake,,5.1,,,reviewed,us,gcmt
2009-11-22T22:51:00.100Z,10.026,-61.035,41.4,5.2,mwc,138.0,47.9,,0.89,us,usp000h4b4,2022-07-15T21:33:48.826Z,"34 km SSE of Rio Claro, Trinidad and Tobago",earthquake,,3.4,,,reviewed,us,gcmt
2009-11-19T03:56:45.700Z,6.729,-72.903,160.3,4.5,mb,68.0,121.0,,1.13,us,usp000h46c,2014-11-07T01:40:07.495Z,"8 km ESE of Cepitá, Colombia",earthquake,,8.7,,44.0,reviewed,us,us
2009-11-16T11:57:39.700Z,7.99,-71.858,5.0,4.0,mw,16.0,108.2,,,us,usp000h43q,2014-11-07T01:40:07.041Z,"44 km ENE of Táriba, Venezuela",earthquake,,,,,reviewed,car,car
2009-11-14T12:56:15.700Z,10.706,-62.499,97.0,4.2,mw,33.0,55.0,,,us,usp000h41r,2014-11-07T01:40:06.541Z,"26 km WNW of Güiria, Venezuela",earthquake,,,,,reviewed,car,car
2009-10-27T16:25:53.820Z,6.767,-72.897,161.9,5.1,mwc,242.0,46.7,,0.86,us,usp000h3fy,2025-12-22T16:06:22.971Z,northern Colombia,earthquake,,,,,reviewed,us,gcmt
2009-10-23T18:55:22.060Z,6.87,-72.895,169.3,4.8,mb,75.0,67.2,,1.43,us,usp000h3b0,2014-11-07T01:39:58.103Z,"4 km W of Guaca, Colombia",earthquake,,,,34.0,reviewed,us,us
2009-10-23T02:12:45.310Z,6.703,-72.925,164.6,4.5,mb,117.0,46.6,,0.73,us,usp000h39r,2014-11-07T01:39:57.872Z,"7 km SE of Cepitá, Colombia",earthquake,,,,53.0,reviewed,us,us
2009-10-03T00:50:12.060Z,6.76,-72.914,149.5,4.8,mb,196.0,47.0,,1.0,us,usp000h299,2022-07-15T18:30:48.346Z,"6 km E of Cepitá, Colombia",earthquake,,6.8,,123.0,reviewed,us,us
2009-09-28T01:20:27.500Z,11.4,-69.65,27.0,4.3,mw,51.0,47.4,,,us,usp000h1xb,2014-11-07T01:39:45.238Z,"2 km E of Coro, Venezuela",earthquake,,,,,reviewed,car,car
2009-09-19T23:10:02.080Z,10.707,-62.607,92.0,4.8,mb,131.0,53.8,,0.72,us,usp000h1pe,2022-07-15T17:53:27.539Z,"36 km WNW of Güiria, Venezuela",earthquake,,,,32.0,reviewed,us,us
2009-09-12T20:06:25.470Z,10.709,-67.927,14.0,6.4,mwc,508.0,18.3,,1.24,us,usp000h1fu,2022-07-15T17:40:17.902Z,"27 km NNE of Puerto Cabello, Venezuela",earthquake,,,,,reviewed,us,gcmt
2009-08-27T16:44:47.640Z,6.779,-72.882,158.6,4.4,mb,47.0,69.9,,0.78,us,usp000h0xr,2014-11-07T01:39:34.051Z,"5 km SW of San Andrés, Colombia",earthquake,,,,25.0,reviewed,us,us
2009-08-07T01:10:59.740Z,6.807,-72.899,164.4,4.4,mb,58.0,100.9,,0.78,us,usp000h01s,2014-11-07T01:39:28.327Z,"5 km W of San Andrés, Colombia",earthquake,,6.0,,33.0,reviewed,us,us
2009-07-23T19:55:53.200Z,11.575,-70.458,29.0,4.6,mw,93.0,22.6,,,us,usp000gzje,2022-07-15T14:35:22.632Z,"28 km WSW of Punta Cardón, Venezuela",earthquake,,,,,reviewed,car,car
2009-07-21T10:10:46.500Z,8.688,-70.252,1.5,4.6,mw,142.0,40.7,,,us,usp000gzgp,2022-07-15T14:25:08.604Z,"8 km NW of Barinas, Venezuela",earthquake,,,,,reviewed,car,car
2009-07-21T07:54:19.920Z,7.305,-72.999,143.5,4.4,mb,129.0,43.0,,0.81,us,usp000gzgj,2022-07-15T14:23:32.343Z,"2 km SE of Matanza, Colombia",earthquake,,,,70.0,reviewed,us,us
2009-07-18T15:43:28.000Z,6.81,-73.08,142.5,4.1,mb,25.0,98.2,,,us,usp000gzdx,2014-11-07T01:39:20.324Z,"8 km NNE of Jordán, Colombia",earthquake,,,,15.0,reviewed,rsnc,us
2009-07-05T00:06:33.740Z,6.779,-72.938,167.2,4.2,mb,55.0,70.5,,0.79,us,usp000gyya,2014-11-07T01:39:17.215Z,"4 km NE of Cepitá, Colombia",earthquake,,5.2,,24.0,reviewed,us,us
2009-06-25T00:56:40.430Z,6.771,-73.086,162.1,4.2,mb,36.0,98.6,,0.88,us,usp000gyjv,2014-11-07T01:39:11.595Z,"4 km NNE of Jordán, Colombia",earthquake,,6.5,,24.0,reviewed,us,us
2009-06-21T05:21:03.000Z,6.81,-73.14,153.0,4.2,mb,25.0,83.4,,,us,usp000gyed,2014-11-07T01:39:10.826Z,"9 km NNW of Jordán, Colombia",earthquake,,,,16.0,reviewed,rsnc,us
2009-06-01T21:48:16.890Z,6.773,-73.006,161.5,4.2,mb,27.0,62.2,,0.82,us,usp000gxs3,2014-11-07T01:39:04.651Z,"4 km WNW of Cepitá, Colombia",earthquake,,8.5,,7.0,reviewed,us,us
2009-05-22T04:53:10.240Z,5.642,-72.6,23.0,4.7,mb,131.0,40.3,,0.98,us,usp000gxd8,2014-11-07T01:39:00.289Z,"9 km NNW of Labranzagrande, Colombia",earthquake,,,,63.0,reviewed,us,us
2009-05-14T16:48:28.300Z,8.96,-60.53,35.1,3.8,mw,14.0,193.4,,,us,usp000gx46,2014-11-07T01:38:57.258Z,"117 km NW of Mabaruma, Guyana",earthquake,,,,,reviewed,car,car
2009-05-04T09:27:19.800Z,10.24,-67.08,3.5,4.0,mw,18.0,169.3,,,us,usp000gwty,2014-11-07T01:38:54.972Z,"10 km E of Las Tejerías, Venezuela",earthquake,,,,,reviewed,car,car
2009-05-04T09:10:20.900Z,10.2,-67.01,6.1,5.5,mwb,341.0,47.6,,,us,usp000gwtx,2022-07-15T09:26:48.051Z,"14 km WNW of Cúa, Venezuela",earthquake,,,,,reviewed,car,us
2009-04-26T16:41:31.430Z,6.689,-72.973,168.4,4.6,mb,103.0,46.7,,0.81,us,usp000gwku,2022-07-15T08:52:58.613Z,"5 km E of Aratoca, Colombia",earthquake,,,,64.0,reviewed,us,us
2009-04-20T08:54:01.840Z,7.712,-73.272,122.7,5.1,mwc,303.0,26.4,,0.94,us,usp000gwd4,2025-12-22T15:36:18.286Z,"14 km ESE of San Alberto, Colombia",earthquake,,,,,reviewed,us,gcmt
2009-04-06T04:51:37.300Z,10.8,-67.9,1.0,4.4,mw,71.0,28.4,,,us,usp000gvu2,2014-11-07T01:38:44.556Z,"38 km NNE of Puerto Cabello, Venezuela",earthquake,,,,,reviewed,car,car
2009-04-06T00:26:43.100Z,10.77,-69.72,1.5,4.0,mw,60.0,62.1,,,us,usp000gvtr,2022-07-15T07:13:52.414Z,"70 km S of Coro, Venezuela",earthquake,,,,,reviewed,car,car
2009-04-05T20:24:13.550Z,10.757,-66.839,10.0,4.3,mw,13.0,94.9,,1.3,us,usp000gvtc,2022-07-15T07:09:14.511Z,"16 km N of Caraballeda, Venezuela",earthquake,,,,,reviewed,us,car
2009-04-04T09:24:33.810Z,10.21,-61.233,45.0,4.9,mb,160.0,34.2,,,us,usp000gvrc,2022-07-15T06:58:01.766Z,"12 km SSW of Rio Claro, Trinidad and Tobago",earthquake,,,,59.0,reviewed,trn,us
2009-04-01T02:03:25.220Z,10.509,-61.097,28.0,4.6,mb,96.0,33.6,,,us,usp000gvmr,2022-07-15T06:45:23.546Z,"9 km SSE of Sangre Grande, Trinidad and Tobago",earthquake,,,,29.0,reviewed,trn,us
2009-03-30T03:08:34.200Z,6.84,-73.07,156.4,4.6,mb,43.0,45.8,,,us,usp000gvhy,2014-11-07T01:38:38.566Z,"12 km NNE of Jordán, Colombia",earthquake,,,,12.0,reviewed,rsnc,us
2009-03-28T13:10:16.400Z,10.306,-62.46,3.8,4.5,mw,99.0,59.1,,,us,usp000gvgv,2014-11-07T01:38:38.391Z,near the coast of Venezuela,earthquake,,,,,reviewed,car,car
2009-03-25T01:42:12.000Z,10.786,-62.255,82.3,4.3,mw,134.0,17.7,,,us,usp000gvcv,2022-07-15T06:26:08.161Z,"23 km NNE of Güiria, Venezuela",earthquake,,,,,reviewed,car,car
2009-02-13T21:22:00.000Z,10.98,-62.0,22.0,3.6,md,7.0,230.9,,,us,usp000gtxj,2014-11-07T01:38:23.775Z,"55 km NE of Güiria, Venezuela",earthquake,,,,,reviewed,trn,trn
2009-02-11T17:17:03.230Z,6.749,-72.914,163.2,5.0,mb,190.0,46.6,,0.76,us,usp000gtnb,2022-07-15T02:27:01.220Z,"6 km E of Cepitá, Colombia",earthquake,,,,121.0,reviewed,us,us
2009-01-31T10:42:34.780Z,6.647,-73.151,167.7,4.4,mb,36.0,53.6,,1.04,us,usp000gtaf,2014-11-07T01:38:16.456Z,"3 km SE of Villanueva, Colombia",earthquake,,,,13.0,reviewed,us,us
2009-01-28T17:30:59.690Z,11.347,-61.544,77.0,3.6,md,13.0,103.6,,0.92,us,usp000gt71,2014-11-07T01:38:15.988Z,"71 km N of Petit Valley, Trinidad and Tobago",earthquake,,8.7,,,reviewed,us,trn
2009-01-16T23:45:50.240Z,6.721,-72.841,172.0,4.4,mb,49.0,67.2,,0.92,us,usp000gsqe,2014-11-07T01:38:12.902Z,"6 km NW of Molagavita, Colombia",earthquake,,4.8,,13.0,reviewed,us,us
2009-01-07T03:18:23.540Z,6.701,-72.863,174.4,4.0,mb,18.0,140.3,,0.56,us,usp000gsa4,2014-11-07T01:38:10.675Z,"6 km WNW of Molagavita, Colombia",earthquake,,6.1,,6.0,reviewed,us,us
2009-01-06T05:32:23.490Z,11.233,-60.341,47.7,4.3,mb,19.0,91.8,,0.8,us,usp000gs8q,2014-11-07T01:38:10.494Z,"43 km E of Scarborough, Trinidad and Tobago",earthquake,,9.5,,3.0,reviewed,us,us
2009-01-03T17:13:08.280Z,10.023,-62.042,99.1,4.1,mb,8.0,118.9,,1.44,us,usp000gs28,2014-11-07T01:38:09.148Z,"42 km WSW of Point Fortin, Trinidad and Tobago",earthquake,,18.1,,1.0,reviewed,us,us
2008-12-31T14:48:52.810Z,6.741,-72.96,168.3,0.0,,8.0,100.8,,0.63,us,usp000grxe,2014-11-07T01:38:04.910Z,northern Colombia,earthquake,,8.5,,,reviewed,us,us
2008-12-28T06:26:36.370Z,6.822,-73.072,163.3,3.7,mb,11.0,163.2,,0.75,us,usp000grpn,2014-11-07T01:38:03.689Z,"10 km NNE of Jordán, Colombia",earthquake,,8.1,,1.0,reviewed,us,us
2008-12-24T21:31:41.270Z,5.169,-73.603,159.9,3.4,mb,8.0,105.0,,1.26,us,usp000grdc,2014-11-07T01:38:02.339Z,"5 km S of Villapinzón, Colombia",earthquake,,9.4,,1.0,reviewed,us,us
2008-12-21T12:55:38.660Z,10.822,-61.664,54.3,4.9,mb,152.0,41.3,,1.02,us,usp000gr3x,2022-07-14T22:46:35.078Z,"18 km NW of Petit Valley, Trinidad and Tobago",earthquake,,,,86.0,reviewed,us,us
2008-12-20T21:20:29.200Z,12.892,-70.536,3.1,4.1,mw,24.0,110.7,,,us,usp000gr22,2014-11-07T01:38:00.665Z,"137 km NNW of Punto Fijo, Venezuela",earthquake,,,,,reviewed,car,car
2008-12-20T12:42:15.440Z,6.725,-72.996,167.2,0.0,,8.0,168.3,,0.54,us,usp000gr0v,2014-11-07T01:38:00.361Z,"4 km SW of Cepitá, Colombia",earthquake,,10.0,,,reviewed,us,us
2008-12-15T22:46:14.470Z,6.573,-72.809,173.3,3.2,mb,6.0,105.0,,0.68,us,usp000gqpf,2014-11-07T01:37:58.553Z,"11 km S of Molagavita, Colombia",earthquake,,10.2,,2.0,reviewed,us,us
2008-12-11T21:13:40.090Z,7.572,-73.832,80.4,0.0,,5.0,111.9,,0.92,us,usp000gqdy,2014-11-07T01:37:57.456Z,"23 km NNE of Cantagallo, Colombia",earthquake,,14.9,,,reviewed,us,us
2008-12-10T07:32:51.750Z,6.714,-72.99,169.6,0.0,,15.0,168.8,,0.49,us,usp000gqav,2014-11-07T01:37:57.028Z,"3 km NE of Aratoca, Colombia",earthquake,,5.9,,,reviewed,us,us
2008-12-07T02:12:09.740Z,6.712,-72.9,170.4,4.0,mb,49.0,90.1,,0.69,us,usp000gq2w,2014-11-07T01:37:54.908Z,"9 km ESE of Cepitá, Colombia",earthquake,,4.7,,29.0,reviewed,us,us
2008-12-04T11:57:07.050Z,6.725,-72.927,170.9,0.0,,13.0,170.5,,0.88,us,usp000gpx8,2014-11-07T01:37:53.824Z,"6 km ESE of Cepitá, Colombia",earthquake,,8.3,,,reviewed,us,us
2008-12-01T07:34:15.360Z,6.814,-73.026,164.5,3.6,mb,15.0,119.2,,0.8,us,usp000gpr5,2014-11-07T01:37:51.162Z,"8 km NW of Cepitá, Colombia",earthquake,,8.0,,1.0,reviewed,us,us
2008-11-29T21:44:00.710Z,6.649,-72.925,170.7,4.3,mb,29.0,70.3,,0.9,us,usp000gpp9,2014-11-07T01:37:49.006Z,"11 km ESE of Aratoca, Colombia",earthquake,,6.1,,3.0,reviewed,us,us
2008-11-28T04:32:32.810Z,6.72,-72.895,170.6,3.7,mb,35.0,77.6,,0.66,us,usp000gpkc,2014-11-07T01:37:48.591Z,"9 km ESE of Cepitá, Colombia",earthquake,,5.0,,16.0,reviewed,us,us
2008-11-28T04:18:40.390Z,10.867,-62.342,90.4,4.1,mb,55.0,44.5,,1.11,us,usp000gpkb,2014-11-07T01:37:48.573Z,"32 km N of Güiria, Venezuela",earthquake,,4.0,,14.0,reviewed,us,us
2008-11-20T07:35:43.610Z,5.326,-72.64,64.4,0.0,,12.0,90.4,,0.81,us,usp000gp3a,2014-11-07T01:37:46.262Z,"7 km ENE of Pajarito, Colombia",earthquake,,10.0,,,reviewed,us,us
2008-11-17T17:12:22.140Z,6.73,-72.925,162.2,4.2,mb,21.0,82.8,,0.47,us,usp000gnxk,2014-11-07T01:37:45.322Z,"6 km ESE of Cepitá, Colombia",earthquake,,5.3,,4.0,reviewed,us,us
2008-11-11T14:31:03.900Z,8.202,-59.086,10.0,4.6,mw,64.0,77.0,,1.04,us,usp000gnfd,2020-04-16T17:04:04.706Z,"76 km E of Mabaruma, Guyana",earthquake,,0.0,,,reviewed,us,car
2008-11-10T07:12:35.660Z,6.699,-72.886,170.9,4.4,mb,38.0,90.1,,0.71,us,usp000gnca,2014-11-07T01:37:43.098Z,"9 km WNW of Molagavita, Colombia",earthquake,,5.5,,21.0,reviewed,us,us
2008-11-05T15:01:41.390Z,10.242,-60.418,37.6,0.0,,12.0,94.7,,1.07,us,usp000gn0u,2014-11-07T01:37:41.216Z,"83 km E of Rio Claro, Trinidad and Tobago",earthquake,,15.8,,,reviewed,us,us
2008-10-31T06:15:03.180Z,6.717,-73.108,158.8,3.8,mb,14.0,119.4,,1.11,us,usp000gmg7,2014-11-07T01:37:34.582Z,"2 km SW of Jordán, Colombia",earthquake,,8.3,,2.0,reviewed,us,us
2008-10-26T09:04:04.470Z,6.695,-72.881,171.2,4.2,mb,23.0,82.8,,1.06,us,usp000gm2c,2014-11-07T01:37:32.587Z,"8 km WNW of Molagavita, Colombia",earthquake,,7.6,,5.0,reviewed,us,us
2008-10-25T12:34:02.390Z,6.747,-73.442,63.3,3.9,mb,17.0,94.2,,1.01,us,usp000gm0d,2014-11-07T01:37:32.302Z,"9 km NE of El Carmen de Chucurí, Colombia",earthquake,,9.3,,1.0,reviewed,us,us
2008-10-19T19:42:34.200Z,10.733,-62.246,79.2,4.3,mw,116.0,45.8,,,us,usp000gkkx,2014-11-07T01:37:30.532Z,"18 km NNE of Güiria, Venezuela",earthquake,,,,,reviewed,car,car
2008-10-15T06:35:21.970Z,3.709,-73.88,61.2,0.0,,12.0,153.5,,0.65,us,usp000gk9v,2014-11-07T01:37:29.329Z,"10 km SSW of Cubarral, Colombia",earthquake,,8.5,,,reviewed,us,us
2008-10-09T08:32:39.630Z,6.883,-73.143,153.6,0.0,,11.0,159.3,,1.08,us,usp000gjry,2014-11-07T01:37:26.335Z,"15 km SW of Piedecuesta, Colombia",earthquake,,9.6,,,reviewed,us,us
2008-10-04T14:17:37.600Z,6.739,-72.91,159.4,4.9,mb,181.0,59.0,,0.69,us,usp000gjaf,2014-11-07T01:37:23.562Z,"7 km ESE of Cepitá, Colombia",earthquake,,,,115.0,reviewed,us,us
2008-10-02T15:11:06.490Z,7.635,-71.887,10.0,4.8,mb,11.0,92.5,,1.13,us,usp000gj5k,2014-11-07T01:37:22.079Z,"40 km ESE of San Cristóbal, Venezuela",earthquake,,,,1.0,reviewed,us,us
2008-09-30T07:57:35.400Z,6.72,-73.034,158.2,4.4,mb,82.0,77.3,,0.83,us,usp000gj0n,2014-11-07T01:37:16.757Z,"3 km NNW of Aratoca, Colombia",earthquake,,5.4,,56.0,reviewed,us,us
2008-09-25T16:43:45.300Z,6.744,-73.076,160.8,4.5,mb,26.0,119.5,,1.09,us,usp000ghq6,2014-11-07T01:37:14.929Z,"2 km ENE of Jordán, Colombia",earthquake,,7.2,,8.0,reviewed,us,us
2008-09-04T21:46:18.900Z,11.507,-61.995,142.0,3.6,md,10.0,218.9,,,us,usp000ggeb,2014-11-07T01:37:07.788Z,"65 km SSW of Saint George's, Grenada",earthquake,,,,,reviewed,trn,trn
2008-09-03T15:04:22.020Z,6.692,-72.947,171.5,0.0,,6.0,170.8,,0.79,us,usp000ggb0,2014-11-07T01:37:07.365Z,"7 km SSE of Cepitá, Colombia",earthquake,,12.0,,,reviewed,us,us
2008-09-03T02:21:38.710Z,5.499,-73.981,124.6,3.9,mb,31.0,86.5,,0.57,us,usp000gg9r,2014-11-07T01:37:07.011Z,"6 km SSE of Maripí, Colombia",earthquake,,4.5,,16.0,reviewed,us,us
2008-09-02T17:08:34.740Z,11.008,-60.724,34.0,3.0,md,5.0,229.3,,,us,usp000gg8b,2014-11-07T01:37:06.631Z,"19 km S of Scarborough, Trinidad and Tobago",earthquake,,,,,reviewed,trn,trn
2008-09-02T11:00:18.450Z,10.98,-60.721,33.0,3.3,md,14.0,213.7,,,us,usp000gg7q,2014-11-07T01:37:06.479Z,"22 km S of Scarborough, Trinidad and Tobago",earthquake,,,,,reviewed,trn,trn
2008-09-01T04:33:27.030Z,6.741,-72.927,170.1,4.1,mb,23.0,70.7,,0.54,us,usp000gg4m,2014-11-07T01:37:04.917Z,"5 km ESE of Cepitá, Colombia",earthquake,,4.9,,4.0,reviewed,us,us
2008-08-31T20:00:05.100Z,10.456,-62.262,85.0,3.1,md,7.0,301.9,,,us,usp000gg3p,2014-11-07T01:37:02.407Z,"13 km SSE of Güiria, Venezuela",earthquake,,,,,reviewed,trn,trn
2008-08-30T20:45:55.920Z,6.757,-73.06,154.4,4.4,mb,23.0,100.8,,1.36,us,usp000gg12,2014-11-07T01:37:02.019Z,"4 km NE of Jordán, Colombia",earthquake,,8.8,,8.0,reviewed,us,us
2008-08-30T07:22:50.050Z,11.59,-62.007,104.0,3.0,md,6.0,219.4,,,us,usp000gfzu,2014-11-07T01:37:01.405Z,"58 km SSW of Saint George's, Grenada",earthquake,,,,,reviewed,trn,trn
2008-08-28T18:03:31.100Z,10.977,-62.34,64.0,2.8,md,4.0,273.7,,,us,usp000gfvb,2014-11-07T01:37:00.896Z,"44 km N of Güiria, Venezuela",earthquake,,,,,reviewed,trn,trn
2008-08-25T15:25:52.280Z,12.488,-61.252,108.0,4.0,md,28.0,76.5,,,us,usp000gfgw,2014-11-07T01:36:59.219Z,"22 km E of Hillsborough, Grenada",earthquake,,,,,reviewed,trn,trn
2008-08-25T09:21:14.120Z,5.758,-72.5,43.8,0.0,,13.0,92.4,,0.84,us,usp000gfg0,2014-11-07T01:36:59.096Z,Colombia,earthquake,,10.0,,,reviewed,us,us
2008-08-25T09:19:02.840Z,6.984,-73.156,145.6,4.0,mb,8.0,140.2,,0.71,us,usp000gffz,2014-11-07T01:36:59.095Z,"9 km S of Girón, Colombia",earthquake,,13.1,,1.0,reviewed,us,us
2008-08-24T12:57:22.810Z,11.296,-61.847,131.0,3.3,md,7.0,200.8,,,us,usp000gfdu,2014-11-07T01:36:58.777Z,"73 km NNW of Petit Valley, Trinidad and Tobago",earthquake,,,,,reviewed,trn,trn
2008-08-23T21:53:13.490Z,10.476,-60.652,43.0,4.9,mwc,116.0,56.3,,,us,usp000gfc3,2016-11-10T02:00:39.706Z,"53 km ESE of Sangre Grande, Trinidad and Tobago",earthquake,,,,,reviewed,trn,gcmt
2008-08-23T12:03:21.040Z,10.945,-61.282,60.0,3.2,md,4.0,182.2,,,us,usp000gfaz,2014-11-07T01:36:58.121Z,"33 km NNE of Paradise, Trinidad and Tobago",earthquake,,,,,reviewed,trn,trn
2008-08-22T13:07:24.990Z,10.718,-61.828,52.0,2.6,md,4.0,259.7,,,us,usp000gf89,2014-11-07T01:36:57.767Z,"30 km W of Petit Valley, Trinidad and Tobago",earthquake,,,,,reviewed,trn,trn
2008-08-21T19:01:23.810Z,7.036,-73.851,117.0,0.0,,15.0,76.9,,0.99,us,usp000gf6a,2014-11-07T01:36:57.516Z,northern Colombia,earthquake,,9.4,,,reviewed,us,us
2008-08-21T03:59:52.510Z,6.637,-72.957,176.1,0.0,,11.0,139.5,,0.79,us,usp000gf4p,2014-11-07T01:36:57.308Z,"9 km SE of Aratoca, Colombia",earthquake,,7.7,,,reviewed,us,us
2008-08-20T20:10:17.550Z,11.657,-61.259,36.0,3.1,md,7.0,133.8,,,us,usp000gf3y,2014-11-07T01:36:57.258Z,"62 km SE of Saint David’s, Grenada",earthquake,,,,,reviewed,trn,trn
2008-08-20T07:38:48.900Z,10.888,-62.182,73.0,3.0,md,4.0,267.7,,,us,usp000gf2h,2014-11-07T01:36:57.141Z,"36 km NNE of Güiria, Venezuela",earthquake,,,,,reviewed,trn,trn
2008-08-17T23:58:33.600Z,10.235,-69.676,5.0,4.6,mw,65.0,71.6,,,us,usp000gex9,2014-11-07T01:36:56.091Z,"34 km N of Quíbor, Venezuela",earthquake,,,,,reviewed,car,car
2008-08-17T18:41:42.350Z,6.725,-72.927,169.2,4.0,mb,17.0,150.3,,0.69,us,usp000gewq,2014-11-07T01:36:55.739Z,"6 km ESE of Cepitá, Colombia",earthquake,,7.2,,3.0,reviewed,us,us
2008-08-17T11:56:39.130Z,6.361,-72.481,195.7,4.0,mb,28.0,145.4,,0.72,us,usp000gevs,2014-11-07T01:36:55.642Z,"6 km SSW of El Cocuy, Colombia",earthquake,,7.3,,15.0,reviewed,us,us
2008-08-16T23:00:12.980Z,10.749,-61.464,30.0,2.6,md,5.0,110.6,,,us,usp000geug,2014-11-07T01:36:55.543Z,"10 km ENE of Petit Valley, Trinidad and Tobago",earthquake,,,,,reviewed,trn,trn
2008-08-16T06:18:53.430Z,11.023,-62.102,62.0,2.8,md,5.0,243.3,,,us,usp000gesr,2014-11-07T01:36:54.953Z,"53 km NNE of Güiria, Venezuela",earthquake,,,,,reviewed,trn,trn
2008-08-14T15:23:53.530Z,10.387,-62.465,3.0,3.2,md,5.0,298.2,,,us,usp000genw,2014-11-07T01:36:53.979Z,near the coast of Venezuela,earthquake,,,,,reviewed,trn,trn
2008-08-13T11:36:31.180Z,10.696,-61.494,36.0,3.0,md,6.0,96.7,,,us,usp000gejt,2014-11-07T01:36:53.611Z,"4 km NE of Port of Spain, Trinidad and Tobago",earthquake,,,,,reviewed,trn,trn
2008-08-13T08:15:43.070Z,10.912,-62.251,68.0,2.8,md,4.0,271.4,,,us,usp000gej9,2014-11-07T01:36:53.538Z,"37 km N of Güiria, Venezuela",earthquake,,,,,reviewed,trn,trn
2008-08-12T12:30:07.700Z,10.612,-60.514,30.0,4.4,mb,19.0,186.4,,,us,usp000gegf,2014-11-07T01:36:53.365Z,"67 km E of Sangre Grande, Trinidad and Tobago",earthquake,,,,2.0,reviewed,trn,us
2008-08-11T08:16:45.270Z,10.988,-60.324,57.0,3.2,md,8.0,248.1,,,us,usp000gedw,2014-11-07T01:36:53.050Z,"49 km ESE of Scarborough, Trinidad and Tobago",earthquake,,,,,reviewed,trn,trn
2008-08-11T07:19:26.400Z,10.514,-64.171,13.1,5.2,mwc,386.0,20.8,,,us,usp000gedr,2022-05-02T19:44:06.269Z,"6 km N of Cumaná, Venezuela",earthquake,,,,,reviewed,car,gcmt
2008-08-10T18:40:14.420Z,6.737,-72.914,166.5,4.6,mb,115.0,44.8,,0.77,us,usp000gece,2014-11-07T01:36:52.735Z,"6 km ESE of Cepitá, Colombia",earthquake,,4.3,,83.0,reviewed,us,us
2008-08-10T09:56:52.400Z,10.478,-62.235,3.0,3.1,md,6.0,276.9,,,us,usp000geb3,2014-11-07T01:36:52.370Z,"12 km SSE of Güiria, Venezuela",earthquake,,,,,reviewed,trn,trn
2008-08-10T08:29:40.080Z,10.601,-62.13,3.0,2.9,md,6.0,263.6,,,us,usp000geat,2014-11-07T01:36:52.296Z,"18 km E of Güiria, Venezuela",earthquake,,,,,reviewed,trn,trn
2008-08-09T19:09:10.640Z,10.956,-62.225,74.0,3.1,md,7.0,255.0,,,us,usp000ge9t,2014-11-07T01:36:52.177Z,"42 km N of Güiria, Venezuela",earthquake,,,,,reviewed,trn,trn
2008-08-08T22:47:42.830Z,10.42,-62.167,3.0,2.7,md,6.0,277.8,,,us,usp000ge7u,2014-11-07T01:36:51.897Z,"22 km SE of Güiria, Venezuela",earthquake,,,,,reviewed,trn,trn
2008-08-08T22:21:58.270Z,10.477,-60.485,80.0,3.0,md,6.0,282.7,,,us,usp000ge7s,2014-11-07T01:36:51.894Z,"71 km E of Sangre Grande, Trinidad and Tobago",earthquake,,,,,reviewed,trn,trn
2008-08-08T04:06:11.540Z,10.24,-60.031,82.0,4.0,md,35.0,146.7,,,us,usp000ge5g,2014-11-07T01:36:51.624Z,"125 km E of Rio Claro, Trinidad and Tobago",earthquake,,,,,reviewed,trn,trn
2008-08-07T12:27:04.370Z,11.593,-59.945,55.0,3.8,md,37.0,86.1,,,us,usp000ge2m,2014-11-07T01:36:51.291Z,"97 km ENE of Scarborough, Trinidad and Tobago",earthquake,,,,,reviewed,trn,trn
2008-08-05T18:18:33.390Z,10.473,-60.364,30.0,2.9,md,4.0,297.7,,,us,usp000gdx1,2014-11-07T01:36:50.573Z,"84 km E of Sangre Grande, Trinidad and Tobago",earthquake,,,,,reviewed,trn,trn
2008-08-05T07:51:32.540Z,10.653,-61.777,46.0,2.9,md,5.0,252.2,,,us,usp000gdvv,2014-11-07T01:36:50.379Z,Trinidad,earthquake,,,,,reviewed,trn,trn
2008-08-04T13:14:32.120Z,11.386,-60.12,27.0,3.5,md,12.0,245.2,,,us,usp000gdu5,2014-11-07T01:36:49.987Z,"70 km ENE of Scarborough, Trinidad and Tobago",earthquake,,,,,reviewed,trn,trn
2008-08-01T10:00:31.110Z,10.968,-62.317,80.0,2.9,md,5.0,314.5,,,us,usp000gdke,2014-11-07T01:36:47.762Z,"43 km N of Güiria, Venezuela",earthquake,,,,,reviewed,trn,trn
2008-08-01T07:42:07.270Z,10.569,-60.64,37.0,3.1,md,7.0,265.0,,,us,usp000gdk9,2014-11-07T01:36:47.427Z,"53 km E of Sangre Grande, Trinidad and Tobago",earthquake,,,,,reviewed,trn,trn
2008-08-01T03:21:38.200Z,6.84,-73.093,153.6,3.6,mb,13.0,100.2,,1.09,us,usp000gdjz,2014-11-07T01:36:47.134Z,"11 km N of Jordán, Colombia",earthquake,,9.8,,5.0,reviewed,us,us
2008-08-01T00:14:29.460Z,13.047,-60.742,89.0,3.5,md,11.0,236.7,,,us,usp000gdjh,2014-11-07T01:36:46.587Z,"46 km ESE of Biabou, Saint Vincent and the Grenadines",earthquake,,,,,reviewed,trn,trn
2008-07-30T20:59:17.870Z,10.404,-61.647,88.0,2.7,md,4.0,226.2,,,us,usp000gdg9,2014-11-07T01:36:44.355Z,"19 km W of Couva, Trinidad and Tobago",earthquake,,,,,reviewed,trn,trn
2008-07-30T09:24:01.960Z,10.608,-62.203,10.0,3.2,md,5.0,267.7,,,us,usp000gdf4,2014-11-07T01:36:44.216Z,"10 km ENE of Güiria, Venezuela",earthquake,,,,,reviewed,trn,trn
2008-07-29T23:20:43.900Z,10.77,-62.35,81.4,3.8,md,11.0,265.8,,,us,usp000gde9,2014-11-07T01:36:44.138Z,"22 km NNW of Güiria, Venezuela",earthquake,,,,,reviewed,car,car
2008-07-28T09:42:26.450Z,11.045,-62.137,86.0,3.1,md,5.0,256.0,,,us,usp000gdan,2014-11-07T01:36:43.651Z,"54 km NNE of Güiria, Venezuela",earthquake,,,,,reviewed,trn,trn
2008-07-27T21:42:10.300Z,10.46,-62.64,1.9,3.5,md,13.0,79.8,,,us,usp000gd9m,2014-11-07T01:36:43.551Z,"39 km WSW of Güiria, Venezuela",earthquake,,,,,reviewed,car,car
2008-07-26T15:07:09.120Z,12.517,-59.439,49.0,4.4,mb,68.0,53.5,,,us,usp000gd6k,2014-11-07T01:36:43.197Z,"62 km S of Oistins, Barbados",earthquake,,,,14.0,reviewed,trn,us
2008-07-25T04:01:02.690Z,6.763,-72.925,174.0,3.9,mb,37.0,82.3,,0.74,us,usp000gd3k,2014-11-07T01:36:42.858Z,"5 km E of Cepitá, Colombia",earthquake,,6.0,,11.0,reviewed,us,us
2008-07-25T03:52:33.570Z,11.027,-62.454,72.0,3.2,md,4.0,344.4,,,us,usp000gd3j,2014-11-07T01:36:42.857Z,"52 km NNW of Güiria, Venezuela",earthquake,,,,,reviewed,trn,trn
2008-07-22T18:58:41.980Z,10.472,-61.769,34.0,3.2,md,6.0,247.8,,,us,usp000gcww,2014-11-07T01:36:41.552Z,"33 km SW of Mucurapo, Trinidad and Tobago",earthquake,,,,,reviewed,trn,trn
2008-07-21T19:28:45.860Z,10.881,-62.034,92.0,2.9,md,5.0,252.5,,,us,usp000gcu2,2014-11-07T01:36:41.276Z,"44 km NE of Güiria, Venezuela",earthquake,,,,,reviewed,trn,trn
2008-07-21T10:49:26.180Z,11.349,-60.751,44.0,3.1,md,10.0,174.4,,,us,usp000gcsx,2014-11-07T01:36:41.147Z,"18 km N of Scarborough, Trinidad and Tobago",earthquake,,,,,reviewed,trn,trn
2008-07-20T09:57:55.660Z,10.777,-62.288,79.0,4.0,md,13.0,262.8,,,us,usp000gcpx,2014-11-07T01:36:40.846Z,"22 km N of Güiria, Venezuela",earthquake,,,,,reviewed,trn,trn
2008-07-20T08:28:58.110Z,10.361,-60.935,30.0,2.9,md,4.0,281.9,,,us,usp000gcps,2014-11-07T01:36:40.837Z,"27 km ENE of Rio Claro, Trinidad and Tobago",earthquake,,,,,reviewed,trn,trn
2008-07-18T10:51:05.720Z,11.024,-61.461,31.0,3.3,md,6.0,143.7,,,us,usp000gcge,2014-11-07T01:36:39.899Z,"37 km NNE of Petit Valley, Trinidad and Tobago",earthquake,,,,,reviewed,trn,trn
2008-07-18T09:22:29.990Z,10.117,-61.837,26.0,3.0,md,6.0,274.4,,,us,usp000gcg9,2014-11-07T01:36:39.891Z,"17 km WSW of Point Fortin, Trinidad and Tobago",earthquake,,,,,reviewed,trn,trn
2008-07-17T06:55:51.630Z,10.727,-60.906,17.0,3.2,md,4.0,197.7,,,us,usp000gcda,2014-11-07T01:36:39.103Z,"28 km ENE of Sangre Grande, Trinidad and Tobago",earthquake,,,,,reviewed,trn,trn
2008-07-16T23:59:46.900Z,10.91,-62.2,21.1,3.6,md,11.0,252.9,,,us,usp000gccg,2014-11-07T01:36:39.032Z,"38 km NNE of Güiria, Venezuela",earthquake,,,,,reviewed,car,trn
2008-07-14T18:22:07.630Z,10.635,-60.633,79.0,3.5,md,4.0,265.1,,,us,usp000gc5x,2014-11-07T01:36:37.908Z,"54 km E of Sangre Grande, Trinidad and Tobago",earthquake,,,,,reviewed,trn,trn
2008-07-14T17:31:30.020Z,10.442,-60.428,43.0,4.6,mb,73.0,86.2,,,us,usp000gc5v,2014-11-07T01:36:37.890Z,"78 km ESE of Sangre Grande, Trinidad and Tobago",earthquake,,,,20.0,reviewed,trn,us
2008-07-13T14:36:31.520Z,12.281,-59.05,37.0,3.5,md,6.0,297.0,,,us,usp000gc29,2014-11-07T01:36:37.421Z,"100 km SSE of Crane, Barbados",earthquake,,,,,reviewed,trn,trn
2008-07-12T10:39:29.310Z,10.514,-61.123,29.0,2.6,md,4.0,168.0,,,us,usp000gbyt,2014-11-07T01:36:37.098Z,"8 km S of Sangre Grande, Trinidad and Tobago",earthquake,,,,,reviewed,trn,trn
2008-07-12T10:25:09.820Z,10.335,-60.284,28.0,3.6,md,8.0,296.5,,,us,usp000gbyr,2014-11-07T01:36:37.093Z,"96 km ESE of Sangre Grande, Trinidad and Tobago",earthquake,,,,,reviewed,trn,trn
2008-07-11T18:22:10.000Z,7.552,-73.13,34.8,3.9,mb,19.0,80.9,,1.44,us,usp000gbwz,2014-11-07T01:36:36.865Z,"12 km NE of El Playón, Colombia",earthquake,,21.0,,1.0,reviewed,us,us
2008-07-10T05:56:41.700Z,12.463,-71.554,10.0,4.1,mb,12.0,120.4,,1.34,us,usp000gbtc,2014-11-07T01:36:36.403Z,"113 km NE of Uribia, Colombia",earthquake,,,,1.0,reviewed,us,us
2008-07-10T05:06:24.960Z,10.817,-62.003,45.0,2.8,md,4.0,333.4,,,us,usp000gbt7,2014-11-07T01:36:36.373Z,"41 km NE of Güiria, Venezuela",earthquake,,,,,reviewed,trn,trn
2008-07-09T18:50:20.430Z,10.955,-62.262,87.0,3.5,md,10.0,255.4,,,us,usp000gbrw,2014-11-07T01:36:36.171Z,"41 km N of Güiria, Venezuela",earthquake,,,,,reviewed,trn,trn
2008-07-09T12:43:12.720Z,6.742,-73.059,173.6,4.2,mb,15.0,146.9,,1.2,us,usp000gbr3,2014-11-07T01:36:36.112Z,"4 km ENE of Jordán, Colombia",earthquake,,9.5,,2.0,reviewed,us,us
2008-07-09T03:55:15.520Z,10.351,-62.226,5.0,3.1,md,6.0,321.0,,,us,usp000gbpw,2014-11-07T01:36:35.937Z,"26 km SSE of Güiria, Venezuela",earthquake,,,,,reviewed,trn,trn
2008-07-08T23:23:45.320Z,11.231,-61.574,8.0,2.9,md,7.0,156.4,,,us,usp000gbpc,2014-11-07T01:36:35.892Z,"58 km N of Petit Valley, Trinidad and Tobago",earthquake,,,,,reviewed,trn,trn
2008-07-08T14:24:51.730Z,10.342,-60.332,65.0,3.4,md,9.0,285.9,,,us,usp000gbnc,2014-11-07T01:36:35.788Z,"91 km ESE of Sangre Grande, Trinidad and Tobago",earthquake,,,,,reviewed,trn,trn
2008-07-08T03:07:50.030Z,10.489,-60.35,30.0,3.1,md,9.0,278.7,,,us,usp000gbmb,2014-11-07T01:36:35.599Z,"86 km E of Sangre Grande, Trinidad and Tobago",earthquake,,,,,reviewed,trn,trn
2008-07-07T23:05:58.700Z,10.764,-61.797,45.0,2.5,md,7.0,218.5,,,us,usp000gbkx,2014-11-07T01:36:35.546Z,"28 km WNW of Petit Valley, Trinidad and Tobago",earthquake,,,,,reviewed,trn,trn
2008-07-05T21:50:34.580Z,10.337,-60.315,65.0,3.4,md,5.0,309.5,,,us,usp000gbe0,2014-11-07T01:36:34.683Z,"93 km ESE of Sangre Grande, Trinidad and Tobago",earthquake,,,,,reviewed,trn,trn
2008-07-05T15:31:36.030Z,6.774,-73.035,164.7,4.4,mb,17.0,70.6,,0.92,us,usp000gbdf,2014-11-07T01:36:34.639Z,"7 km WNW of Cepitá, Colombia",earthquake,,7.6,,7.0,reviewed,us,us
2008-07-05T07:37:38.440Z,10.626,-60.696,66.0,4.2,mb,46.0,91.6,,,us,usp000gbch,2014-11-07T01:36:34.510Z,"47 km E of Sangre Grande, Trinidad and Tobago",earthquake,,,,13.0,reviewed,trn,us
2008-07-04T17:28:44.520Z,10.502,-62.182,5.0,3.4,md,5.0,319.4,,,us,usp000gbb3,2014-11-07T01:36:34.246Z,"15 km ESE of Güiria, Venezuela",earthquake,,,,,reviewed,trn,trn
2008-07-04T14:34:23.910Z,10.3,-60.432,67.0,3.3,md,5.0,304.4,,,us,usp000gbaq,2014-11-07T01:36:34.182Z,"81 km E of Rio Claro, Trinidad and Tobago",earthquake,,,,,reviewed,trn,trn
2008-07-04T08:59:53.080Z,10.287,-60.248,68.0,3.4,md,6.0,302.0,,,us,usp000gba4,2014-11-07T01:36:34.107Z,"101 km E of Rio Claro, Trinidad and Tobago",earthquake,,,,,reviewed,trn,trn
2008-07-04T07:24:19.750Z,10.378,-60.267,93.0,3.3,md,4.0,309.6,,,us,usp000gba2,2014-11-07T01:36:34.101Z,"97 km ESE of Sangre Grande, Trinidad and Tobago",earthquake,,,,,reviewed,trn,trn
2008-07-03T21:17:20.080Z,10.393,-62.232,12.0,3.4,md,6.0,282.1,,,us,usp000gb8y,2014-11-07T01:36:33.813Z,"21 km SSE of Güiria, Venezuela",earthquake,,,,,reviewed,trn,trn
2008-07-03T21:11:51.680Z,10.396,-60.334,86.0,3.3,md,4.0,305.9,,,us,usp000gb8x,2014-11-07T01:36:33.810Z,"89 km ESE of Sangre Grande, Trinidad and Tobago",earthquake,,,,,reviewed,trn,trn
2008-07-03T13:55:34.800Z,10.374,-60.4,50.0,3.1,md,4.0,304.1,,,us,usp000gb85,2014-11-07T01:36:33.646Z,"83 km ESE of Sangre Grande, Trinidad and Tobago",earthquake,,,,,reviewed,trn,trn
2008-07-03T13:27:31.640Z,10.853,-60.84,80.0,2.7,md,5.0,190.3,,,us,usp000gb82,2014-11-07T01:36:33.636Z,"38 km SSW of Scarborough, Trinidad and Tobago",earthquake,,,,,reviewed,trn,trn
2008-07-03T10:31:37.020Z,10.518,-60.453,25.0,2.7,md,4.0,288.8,,,us,usp000gb7r,2014-11-07T01:36:33.597Z,"74 km E of Sangre Grande, Trinidad and Tobago",earthquake,,,,,reviewed,trn,trn
2008-07-03T10:13:35.260Z,10.487,-60.316,41.0,3.3,md,6.0,288.1,,,us,usp000gb7p,2014-11-07T01:36:33.590Z,"89 km SSE of Scarborough, Trinidad and Tobago",earthquake,,,,,reviewed,trn,trn
2008-07-03T08:53:09.550Z,10.64,-60.675,68.0,2.9,md,4.0,258.6,,,us,usp000gb7h,2014-11-07T01:36:33.566Z,"50 km E of Sangre Grande, Trinidad and Tobago",earthquake,,,,,reviewed,trn,trn
2008-07-03T08:31:16.970Z,10.51,-60.45,64.0,2.8,md,4.0,283.5,,,us,usp000gb7e,2014-11-07T01:36:33.555Z,"74 km E of Sangre Grande, Trinidad and Tobago",earthquake,,,,,reviewed,trn,trn
2008-07-03T08:13:58.280Z,10.253,-60.292,94.0,3.1,md,4.0,304.1,,,us,usp000gb7b,2014-11-07T01:36:33.546Z,"96 km E of Rio Claro, Trinidad and Tobago",earthquake,,,,,reviewed,trn,trn
2008-07-03T08:08:15.280Z,10.394,-60.452,61.0,3.0,md,4.0,300.5,,,us,usp000gb7a,2014-11-07T01:36:33.543Z,"77 km ESE of Sangre Grande, Trinidad and Tobago",earthquake,,,,,reviewed,trn,trn
2008-07-03T07:30:08.110Z,10.328,-60.296,71.0,3.4,md,6.0,299.3,,,us,usp000gb77,2014-11-07T01:36:33.529Z,"95 km ESE of Sangre Grande, Trinidad and Tobago",earthquake,,,,,reviewed,trn,trn
2008-07-03T07:16:24.660Z,10.349,-60.202,78.0,3.7,md,11.0,291.2,,,us,usp000gb76,2014-11-07T01:36:33.524Z,"104 km ESE of Sangre Grande, Trinidad and Tobago",earthquake,,,,,reviewed,trn,trn
2008-07-03T06:46:57.820Z,10.243,-60.347,72.0,3.3,md,5.0,312.4,,,us,usp000gb75,2014-11-07T01:36:33.520Z,"91 km E of Rio Claro, Trinidad and Tobago",earthquake,,,,,reviewed,trn,trn
2008-07-03T06:34:53.700Z,10.281,-60.442,33.9,5.8,mwc,619.0,37.3,,0.87,us,usp000gb74,2022-07-13T04:40:41.157Z,"80 km E of Rio Claro, Trinidad and Tobago",earthquake,,5.6,,,reviewed,us,us
2008-07-01T07:06:26.800Z,12.482,-60.983,70.0,3.5,md,12.0,190.9,,,us,usp000gb25,2014-11-07T01:36:31.540Z,"51 km E of Hillsborough, Grenada",earthquake,,,,,reviewed,trn,trn
2008-06-27T05:08:11.640Z,11.148,-62.413,147.6,5.2,mwc,290.0,35.8,,0.99,us,usp000gap7,2025-12-22T15:33:10.719Z,"64 km N of Güiria, Venezuela",earthquake,,2.2,,,reviewed,us,gcmt
2008-06-24T22:54:28.190Z,6.732,-72.949,169.7,4.0,mb,23.0,101.4,,0.36,us,usp000gag5,2014-11-07T01:36:25.655Z,"3 km SE of Cepitá, Colombia",earthquake,,5.7,,6.0,reviewed,us,us
2008-06-22T13:07:44.790Z,6.682,-72.929,164.1,4.5,mb,92.0,67.0,,0.69,us,usp000gaah,2014-11-07T01:36:24.982Z,"9 km SSE of Cepitá, Colombia",earthquake,,,,67.0,reviewed,us,us
2008-06-18T17:05:27.370Z,6.653,-72.983,172.3,4.2,mb,52.0,86.0,,0.98,us,usp000ga0n,2014-11-07T01:36:22.953Z,"6 km SE of Aratoca, Colombia",earthquake,,5.7,,24.0,reviewed,us,us
2008-06-17T10:19:29.830Z,6.647,-72.871,173.6,0.0,,8.0,156.3,,0.55,us,usp000g9vv,2014-11-07T01:36:22.338Z,"7 km WSW of Molagavita, Colombia",earthquake,,9.3,,,reviewed,us,us
2008-06-16T04:10:15.040Z,11.108,-61.008,3.0,2.5,md,5.0,190.2,,,us,usp000g9sp,2014-11-07T01:36:21.885Z,Windward Islands,earthquake,,,,,reviewed,trn,trn
2008-06-16T00:36:32.290Z,10.839,-62.138,78.8,2.7,md,6.0,269.1,,,us,usp000g9s5,2014-11-07T01:36:21.854Z,"33 km NNE of Güiria, Venezuela",earthquake,,,,,reviewed,trn,trn
2008-06-13T05:21:51.550Z,10.844,-62.259,67.2,3.5,md,15.0,258.8,,,us,usp000g9ec,2014-11-07T01:36:20.451Z,"29 km N of Güiria, Venezuela",earthquake,,,,,reviewed,trn,trn
2008-06-12T22:16:17.870Z,11.39,-61.842,121.2,3.3,md,14.0,200.3,,,us,usp000g9cx,2014-11-07T01:36:20.282Z,"73 km S of Saint George's, Grenada",earthquake,,,,,reviewed,trn,trn
2008-06-11T14:43:13.820Z,6.652,-72.921,166.9,4.6,mb,26.0,132.7,,0.83,us,usp000g982,2014-11-07T01:36:19.298Z,"11 km ESE of Aratoca, Colombia",earthquake,,5.7,,7.0,reviewed,us,us
2008-06-11T13:31:18.870Z,10.521,-62.438,1.2,3.1,md,6.0,293.6,,,us,usp000g97w,2014-11-07T01:36:19.275Z,"16 km WSW of Güiria, Venezuela",earthquake,,,,,reviewed,trn,trn
2008-06-10T05:25:27.260Z,6.722,-71.928,10.0,4.1,ml,18.0,90.6,,1.29,us,usp000g93b,2014-11-07T01:36:18.066Z,"18 km WSW of Fortul, Colombia",earthquake,,,,,reviewed,us,rsnc
2008-06-09T11:01:47.600Z,9.363,-63.196,16.9,4.1,mw,17.0,71.3,,,us,usp000g909,2014-11-07T01:36:17.028Z,"42 km S of Maturín, Venezuela",earthquake,,,,,reviewed,car,car
2008-06-07T22:21:18.040Z,10.932,-62.081,73.8,3.0,md,9.0,244.0,,,us,usp000g8uu,2014-11-07T01:36:15.985Z,"45 km NNE of Güiria, Venezuela",earthquake,,,,,reviewed,trn,trn
2008-06-07T13:34:13.100Z,4.37,-73.82,0.0,3.6,ml,5.0,133.9,,,us,usp000g8tx,2014-11-07T01:36:15.877Z,"6 km NE of Quetame, Colombia",earthquake,,,,,reviewed,rsnc,rsnc
2008-06-07T03:50:09.810Z,4.36,-73.943,26.6,4.0,mb,13.0,83.6,,1.05,us,usp000g8sn,2014-11-07T01:36:15.738Z,"2 km NNW of Fosca, Colombia",earthquake,,12.4,,2.0,reviewed,us,us
2008-06-06T23:39:17.990Z,10.884,-61.567,35.9,2.5,md,4.0,264.4,,,us,usp000g8rp,2014-11-07T01:36:15.652Z,"20 km N of Petit Valley, Trinidad and Tobago",earthquake,,,,,reviewed,trn,trn
2008-06-06T03:49:37.250Z,10.67,-59.69,66.0,4.1,mb,28.0,102.0,,1.08,us,usp000g8pv,2014-11-07T01:36:15.407Z,"127 km ESE of Scarborough, Trinidad and Tobago",earthquake,,9.2,,6.0,reviewed,us,us
2008-06-05T15:56:07.600Z,6.717,-72.96,163.5,0.0,,8.0,169.7,,0.46,us,usp000g8n3,2014-11-07T01:36:15.119Z,"4 km SSE of Cepitá, Colombia",earthquake,,8.9,,,reviewed,us,us
2008-06-03T02:48:35.200Z,4.46,-73.76,3.4,3.4,ml,10.0,91.2,,,us,usp000g8es,2014-11-07T01:36:13.850Z,"12 km NNW of El Calvario, Colombia",earthquake,,,,,reviewed,rsnc,rsnc
2008-06-02T23:50:25.000Z,4.42,-73.72,0.0,4.2,mb,36.0,70.9,,,us,usp000g8ef,2014-11-07T01:36:13.801Z,"7 km N of El Calvario, Colombia",earthquake,,,,9.0,reviewed,rsnc,us
2008-06-01T01:58:33.620Z,10.886,-62.036,95.2,3.6,md,12.0,241.7,,,us,usp000g88v,2014-11-07T01:36:11.239Z,"44 km NE of Güiria, Venezuela",earthquake,,,,,reviewed,trn,trn
2008-05-30T09:51:02.780Z,6.713,-73.047,164.5,4.0,mb,30.0,82.5,,1.09,us,usp000g844,2014-11-07T01:36:07.900Z,"3 km WNW of Aratoca, Colombia",earthquake,,6.7,,7.0,reviewed,us,us
2008-05-29T18:33:00.680Z,10.928,-62.241,91.3,4.0,md,36.0,92.5,,,us,usp000g82d,2014-11-07T01:36:07.706Z,"39 km N of Güiria, Venezuela",earthquake,,,,,reviewed,trn,trn
2008-05-29T07:45:56.000Z,11.613,-61.84,119.2,3.9,md,19.0,203.1,,,us,usp000g81a,2014-11-07T01:36:07.549Z,"49 km S of Saint George's, Grenada",earthquake,,,,,reviewed,trn,trn
2008-05-29T06:09:10.940Z,10.733,-62.41,75.4,3.6,md,11.0,270.5,,,us,usp000g812,2014-11-07T01:36:07.522Z,"21 km NW of Güiria, Venezuela",earthquake,,,,,reviewed,trn,trn
2008-05-28T23:26:08.360Z,6.77,-72.953,168.2,4.1,mb,12.0,91.2,,0.67,us,usp000g80c,2014-11-07T01:36:07.440Z,"2 km NE of Cepitá, Colombia",earthquake,,7.7,,2.0,reviewed,us,us
2008-05-28T03:12:07.000Z,4.38,-73.83,4.0,4.0,ml,14.0,69.0,,,us,usp000g7yb,2014-11-07T01:36:07.219Z,"6 km NNE of Quetame, Colombia",earthquake,,,,,reviewed,rsnc,rsnc
2008-05-25T09:39:54.780Z,4.509,-73.779,25.1,3.8,mb,11.0,70.9,,1.48,us,usp000g7rb,2014-11-07T01:36:06.176Z,"13 km E of Fómeque, Colombia",earthquake,,16.1,,1.0,reviewed,us,us
2008-05-25T00:08:06.360Z,10.848,-62.511,99.4,3.1,md,6.0,275.7,,,us,usp000g7py,2014-11-07T01:36:05.962Z,"37 km NW of Güiria, Venezuela",earthquake,,,,,reviewed,trn,trn
2008-05-24T21:04:07.660Z,4.363,-73.88,10.0,3.5,mb,6.0,150.0,,1.51,us,usp000g7pj,2014-11-07T01:36:05.460Z,"3 km NNW of Quetame, Colombia",earthquake,,,,1.0,reviewed,us,us
2008-05-24T20:36:05.820Z,4.317,-73.802,10.0,4.3,mb,15.0,107.9,,1.62,us,usp000g7pg,2014-11-07T01:36:05.455Z,"6 km ESE of Quetame, Colombia",earthquake,,,,4.0,reviewed,us,us
2008-05-24T20:21:30.610Z,4.271,-73.875,16.8,4.3,mb,25.0,87.0,,0.92,us,usp000g7pe,2014-11-07T01:36:05.450Z,"6 km SSW of Quetame, Colombia",earthquake,,9.7,,10.0,reviewed,us,us
2008-05-24T20:08:02.100Z,4.319,-73.807,22.6,4.3,mb,31.0,83.0,,0.99,us,usp000g7pc,2014-11-07T01:36:05.446Z,"6 km ESE of Quetame, Colombia",earthquake,,10.3,,9.0,reviewed,us,us
2008-05-24T19:20:42.490Z,4.33,-73.764,8.9,5.9,mwc,466.0,26.4,,0.96,us,usp000g7p6,2022-07-13T18:58:34.251Z,"6 km WSW of El Calvario, Colombia",earthquake,,6.2,,,reviewed,us,us
2008-05-24T17:08:15.530Z,4.39,-73.74,10.0,4.1,mb,16.0,76.6,,1.4,us,usp000g7ny,2014-11-07T01:36:05.370Z,"5 km NW of El Calvario, Colombia",earthquake,,,,3.0,reviewed,us,us
2008-05-24T14:12:51.820Z,10.993,-62.146,88.7,3.3,md,18.0,246.4,,,us,usp000g7nf,2014-11-07T01:36:05.340Z,"48 km NNE of Güiria, Venezuela",earthquake,,,,,reviewed,trn,trn
2008-05-24T13:36:23.320Z,11.081,-59.986,42.6,4.0,md,5.0,272.5,,,us,usp000g7ne,2014-11-07T01:36:05.339Z,"82 km E of Scarborough, Trinidad and Tobago",earthquake,,,,,reviewed,trn,trn
2008-05-21T09:39:18.350Z,10.504,-61.734,19.1,2.8,md,4.0,230.8,,,us,usp000g7d3,2014-11-07T01:36:04.107Z,"27 km SW of Mucurapo, Trinidad and Tobago",earthquake,,,,,reviewed,trn,trn
2008-05-21T05:47:06.250Z,11.221,-60.981,37.0,2.6,md,5.0,224.2,,,us,usp000g7cp,2014-11-07T01:36:03.999Z,"27 km W of Scarborough, Trinidad and Tobago",earthquake,,,,,reviewed,trn,trn
2008-05-20T01:15:09.290Z,6.811,-73.063,159.6,4.3,mb,43.0,67.5,,1.14,us,usp000g79e,2014-11-07T01:36:03.573Z,"9 km NNE of Jordán, Colombia",earthquake,,7.1,,16.0,reviewed,us,us
2008-05-19T13:05:39.490Z,10.393,-62.222,3.0,3.2,md,7.0,281.7,,,us,usp000g788,2014-11-07T01:36:03.328Z,"22 km SSE of Güiria, Venezuela",earthquake,,,,,reviewed,trn,trn
2008-05-19T08:23:47.180Z,6.703,-73.008,171.0,3.8,mb,16.0,85.6,,0.81,us,usp000g77s,2014-11-07T01:36:03.253Z,"1 km NE of Aratoca, Colombia",earthquake,,7.0,,1.0,reviewed,us,us
2008-05-18T18:32:12.610Z,10.961,-62.352,60.0,2.7,md,7.0,263.8,,,us,usp000g76b,2014-11-07T01:36:03.063Z,"42 km N of Güiria, Venezuela",earthquake,,,,,reviewed,trn,trn
2008-05-17T19:20:07.010Z,11.865,-61.627,98.0,3.3,md,6.0,183.8,,,us,usp000g73j,2014-11-07T01:36:02.229Z,"20 km SSE of Saint David’s, Grenada",earthquake,,,,,reviewed,trn,trn
2008-05-17T14:42:47.200Z,10.614,-62.157,39.0,3.0,md,5.0,280.7,,,us,usp000g72x,2014-11-07T01:36:02.132Z,"16 km ENE of Güiria, Venezuela",earthquake,,,,,reviewed,trn,trn
2008-05-17T09:10:51.580Z,10.945,-62.161,90.0,3.9,md,40.0,44.6,,,us,usp000g726,2014-11-07T01:36:02.050Z,"43 km NNE of Güiria, Venezuela",earthquake,,,,,reviewed,trn,trn
2008-05-17T01:12:01.430Z,11.526,-61.629,23.0,3.2,md,8.0,168.7,,,us,usp000g719,2014-11-07T01:36:01.834Z,"58 km S of Saint David’s, Grenada",earthquake,,,,,reviewed,trn,trn
2008-05-16T04:51:53.010Z,6.684,-72.924,163.6,4.1,mb,52.0,74.3,,0.73,us,usp000g6xz,2014-11-07T01:36:01.142Z,"9 km SE of Cepitá, Colombia",earthquake,,5.2,,30.0,reviewed,us,us
2008-05-15T17:17:14.900Z,10.811,-62.031,89.0,2.8,md,8.0,270.5,,,us,usp000g6vz,2014-11-07T01:36:00.809Z,"39 km NE of Güiria, Venezuela",earthquake,,,,,reviewed,trn,trn
2008-05-15T05:52:45.460Z,6.794,-72.966,170.3,0.0,,9.0,89.9,,0.91,us,usp000g6u4,2014-11-07T01:36:00.656Z,"4 km NNE of Cepitá, Colombia",earthquake,,9.4,,,reviewed,us,us
2008-05-14T03:01:56.170Z,11.039,-61.922,56.0,2.9,md,7.0,219.0,,,us,usp000g6nk,2014-11-07T01:36:00.116Z,"55 km NW of Petit Valley, Trinidad and Tobago",earthquake,,,,,reviewed,trn,trn
2008-05-12T09:32:09.960Z,6.73,-73.077,164.1,4.5,mb,16.0,100.8,,1.33,us,usp000g67f,2014-11-07T01:35:57.679Z,"2 km E of Jordán, Colombia",earthquake,,9.3,,4.0,reviewed,us,us
2008-05-11T14:53:38.000Z,6.706,-72.912,164.1,4.3,mb,57.0,67.1,,0.72,us,usp000g63g,2014-11-07T01:35:56.349Z,"8 km SE of Cepitá, Colombia",earthquake,,,,27.0,reviewed,us,us
2008-05-11T05:24:23.260Z,6.698,-72.754,177.6,3.7,mb,13.0,128.9,,1.23,us,usp000g62r,2014-11-07T01:35:56.258Z,"2 km W of Málaga, Colombia",earthquake,,9.3,,1.0,reviewed,us,us
2008-05-10T00:46:43.570Z,10.465,-62.143,3.0,3.6,md,15.0,247.3,,,us,usp000g5yx,2014-11-07T01:35:54.693Z,"21 km SE of Güiria, Venezuela",earthquake,,,,,reviewed,trn,trn
2008-05-09T19:39:07.030Z,6.678,-72.946,165.5,4.7,mb,101.0,67.0,,0.82,us,usp000g5y9,2014-11-07T01:35:54.470Z,"8 km ESE of Aratoca, Colombia",earthquake,,4.7,,70.0,reviewed,us,us
2008-05-09T13:44:55.200Z,6.753,-73.031,168.6,3.1,mb,7.0,100.9,,0.62,us,usp000g5xn,2014-11-07T01:35:54.426Z,"6 km W of Cepitá, Colombia",earthquake,,8.9,,1.0,reviewed,us,us
2008-05-07T20:05:05.580Z,8.635,-73.753,35.0,0.0,,7.0,103.6,,1.47,us,usp000g5sx,2014-11-07T01:35:52.668Z,"5 km ENE of La Gloria, Colombia",earthquake,,,,,reviewed,us,us
2008-05-07T19:27:10.070Z,11.939,-60.726,35.0,3.0,md,4.0,301.2,,,us,usp000g5su,2014-11-07T01:35:52.643Z,"83 km N of Scarborough, Trinidad and Tobago",earthquake,,,,,reviewed,trn,trn
2008-05-07T18:42:58.810Z,11.821,-61.066,22.0,3.6,md,16.0,152.1,,,us,usp000g5sm,2014-11-07T01:35:52.610Z,"69 km ESE of Grenville, Grenada",earthquake,,,,,reviewed,trn,trn
2008-05-06T08:03:08.280Z,10.966,-62.308,91.0,3.0,md,5.0,260.7,,,us,usp000g5my,2014-11-07T01:35:51.684Z,"43 km N of Güiria, Venezuela",earthquake,,,,,reviewed,trn,trn
2008-05-06T02:48:28.300Z,6.689,-72.929,168.7,4.2,mb,48.0,49.2,,0.87,us,usp000g5kz,2014-11-07T01:35:51.591Z,"8 km SE of Cepitá, Colombia",earthquake,,5.6,,24.0,reviewed,us,us
2008-05-05T22:08:44.240Z,10.327,-62.266,3.0,3.2,md,7.0,287.4,,,us,usp000g5k9,2014-11-07T01:35:51.518Z,"27 km S of Güiria, Venezuela",earthquake,,,,,reviewed,trn,trn
2008-05-05T03:10:27.150Z,10.428,-62.22,3.0,3.0,md,5.0,291.0,,,us,usp000g5hk,2014-11-07T01:35:51.338Z,"18 km SSE of Güiria, Venezuela",earthquake,,,,,reviewed,trn,trn
2008-05-05T01:17:45.770Z,6.767,-73.065,168.1,0.0,,14.0,74.1,,1.11,us,usp000g5h8,2014-11-07T01:35:51.289Z,"5 km NE of Jordán, Colombia",earthquake,,8.3,,,reviewed,us,us
2008-05-04T04:41:55.050Z,6.858,-73.143,161.4,3.5,mb,16.0,160.0,,1.17,us,usp000g5f3,2014-11-07T01:35:50.881Z,"14 km ENE of Zapatoca, Colombia",earthquake,,9.2,,4.0,reviewed,us,us
2008-05-02T14:33:16.000Z,6.85,-73.31,146.8,4.3,mb,31.0,39.3,,,us,usp000g5bg,2014-11-07T01:35:49.836Z,"6 km NW of Zapatoca, Colombia",earthquake,,,,9.0,reviewed,rsnc,us
2008-05-01T03:37:28.710Z,13.081,-60.82,51.0,3.1,md,7.0,291.1,,,us,usp000g57t,2014-11-07T01:35:47.996Z,"36 km ESE of Biabou, Saint Vincent and the Grenadines",earthquake,,,,,reviewed,trn,trn
2008-05-01T00:43:22.660Z,6.796,-73.045,168.3,0.0,,7.0,119.2,,0.56,us,usp000g57k,2014-11-07T01:35:47.624Z,"8 km NE of Jordán, Colombia",earthquake,,9.9,,,reviewed,us,us
2008-04-30T14:45:50.230Z,13.156,-59.105,3.0,3.8,md,5.0,343.7,,,us,usp000g56e,2014-11-07T01:35:45.394Z,"37 km E of Crane, Barbados",earthquake,,,,,reviewed,trn,trn
2008-04-29T21:50:51.440Z,11.315,-61.157,5.0,3.1,md,6.0,202.8,,,us,usp000g54y,2014-11-07T01:35:45.212Z,"48 km WNW of Scarborough, Trinidad and Tobago",earthquake,,,,,reviewed,trn,trn
2008-04-28T01:37:06.620Z,6.7,-72.938,170.2,0.0,,12.0,138.9,,0.48,us,usp000g505,2014-11-07T01:35:44.569Z,"7 km SE of Cepitá, Colombia",earthquake,,7.1,,,reviewed,us,us
2008-04-27T04:25:25.400Z,10.098,-69.536,2.7,4.2,mw,30.0,67.5,,,us,usp000g4yh,2014-11-07T01:35:44.237Z,"19 km W of Barquisimeto, Venezuela",earthquake,,,,,reviewed,car,car
2008-04-26T16:13:14.460Z,6.642,-72.902,172.3,3.1,mb,7.0,123.2,,0.67,us,usp000g4x3,2014-11-07T01:35:44.042Z,"10 km WSW of Molagavita, Colombia",earthquake,,10.4,,1.0,reviewed,us,us
2008-04-25T23:04:57.650Z,6.895,-73.148,163.6,3.6,mb,10.0,158.8,,1.14,us,usp000g4uy,2014-11-07T01:35:43.757Z,"14 km SW of Piedecuesta, Colombia",earthquake,,15.2,,1.0,reviewed,us,us
2008-04-24T02:00:43.420Z,6.674,-72.909,168.8,0.0,,7.0,172.5,,0.26,us,usp000g4py,2014-11-07T01:35:42.076Z,"11 km W of Molagavita, Colombia",earthquake,,8.7,,,reviewed,us,us
2008-04-23T11:45:01.950Z,13.367,-60.586,27.0,2.9,md,8.0,292.1,,,us,usp000g4ms,2014-11-07T01:35:41.807Z,"55 km SE of Vieux Fort, Saint Lucia",earthquake,,,,,reviewed,trn,trn
2008-04-21T22:39:56.040Z,10.789,-62.224,83.0,3.4,md,7.0,260.4,,,us,usp000g4ha,2014-11-07T01:35:41.400Z,"24 km NNE of Güiria, Venezuela",earthquake,,,,,reviewed,trn,trn
2008-04-20T18:56:52.570Z,13.388,-60.559,33.0,3.2,md,7.0,298.1,,,us,usp000g4ee,2014-11-07T01:35:41.089Z,"55 km SE of Vieux Fort, Saint Lucia",earthquake,,,,,reviewed,trn,trn
2008-04-19T18:51:34.340Z,11.265,-61.919,115.0,3.2,md,5.0,235.5,,,us,usp000g4bq,2014-11-07T01:35:40.808Z,"74 km NNW of Petit Valley, Trinidad and Tobago",earthquake,,,,,reviewed,trn,trn
2008-04-19T00:02:12.100Z,8.943,-61.507,82.0,4.1,md,24.0,159.8,,,us,usp000g497,2014-11-07T01:35:40.405Z,"61 km ESE of Tucupita, Venezuela",earthquake,,,,,reviewed,trn,trn
2008-04-18T02:21:35.220Z,10.292,-62.071,29.0,2.9,md,5.0,310.2,,,us,usp000g46y,2014-11-07T01:35:39.754Z,"40 km SE of Güiria, Venezuela",earthquake,,,,,reviewed,trn,trn
2008-04-16T21:17:39.210Z,6.73,-72.964,168.7,3.2,mb,21.0,130.7,,0.64,us,usp000g43z,2014-11-07T01:35:38.333Z,"2 km SSE of Cepitá, Colombia",earthquake,,5.4,,2.0,reviewed,us,us
2008-04-16T03:51:53.000Z,11.381,-69.552,15.9,4.1,mw,37.0,57.6,,,us,usp000g41k,2014-11-07T01:35:37.954Z,"13 km E of Coro, Venezuela",earthquake,,,,,reviewed,car,car
2008-04-14T09:50:44.850Z,11.414,-61.127,10.0,3.1,md,8.0,149.8,,,us,usp000g3wh,2014-11-07T01:35:37.037Z,"49 km WNW of Scarborough, Trinidad and Tobago",earthquake,,,,,reviewed,trn,trn
2008-04-13T11:07:55.290Z,10.904,-61.011,29.3,2.6,md,8.0,139.8,,,us,usp000g3u9,2014-11-07T01:35:36.621Z,"37 km NNE of Sangre Grande, Trinidad and Tobago",earthquake,,,,,reviewed,trn,trn
2008-04-13T10:09:01.720Z,10.995,-62.194,108.0,3.3,md,16.0,222.6,,,us,usp000g3u4,2014-11-07T01:35:36.605Z,"47 km NNE of Güiria, Venezuela",earthquake,,,,,reviewed,trn,trn
2008-04-12T16:49:52.130Z,11.479,-61.084,22.0,3.3,md,16.0,127.2,,,us,usp000g3sc,2014-11-07T01:35:36.399Z,"50 km NW of Scarborough, Trinidad and Tobago",earthquake,,,,,reviewed,trn,trn
2008-04-12T16:48:15.840Z,11.436,-61.038,32.0,3.4,md,28.0,128.0,,,us,usp000g3sb,2014-11-07T01:35:36.395Z,"43 km NW of Scarborough, Trinidad and Tobago",earthquake,,,,,reviewed,trn,trn
2008-04-12T07:52:17.410Z,11.041,-61.892,74.0,2.9,md,6.0,213.3,,,us,usp000g3ra,2014-11-07T01:35:36.220Z,"53 km NW of Petit Valley, Trinidad and Tobago",earthquake,,,,,reviewed,trn,trn
2008-04-12T04:50:11.700Z,10.22,-62.029,3.0,3.0,md,6.0,293.7,,,us,usp000g3qu,2014-11-07T01:35:36.173Z,"38 km W of Point Fortin, Trinidad and Tobago",earthquake,,,,,reviewed,trn,trn
2008-04-11T19:01:46.100Z,12.776,-70.357,21.3,4.0,mw,20.0,87.1,,,us,usp000g3pu,2014-11-07T01:35:35.923Z,"121 km N of Punto Fijo, Venezuela",earthquake,,,,,reviewed,car,car
2008-04-10T00:16:11.980Z,13.031,-61.071,243.0,3.7,md,18.0,158.8,,,us,usp000g3gu,2014-11-07T01:35:34.582Z,"17 km E of Port Elizabeth, Saint Vincent and the Grenadines",earthquake,,,,,reviewed,trn,trn
2008-04-09T23:29:35.470Z,10.822,-62.207,72.0,3.3,md,8.0,256.9,,,us,usp000g3gq,2014-11-07T01:35:34.574Z,"28 km NNE of Güiria, Venezuela",earthquake,,,,,reviewed,trn,trn
2008-04-09T03:53:40.910Z,6.721,-72.977,170.4,3.7,mb,15.0,70.7,,0.4,us,usp000g3ds,2014-11-07T01:35:34.068Z,"3 km S of Cepitá, Colombia",earthquake,,5.8,,2.0,reviewed,us,us
2008-04-05T15:26:15.690Z,11.183,-61.596,6.0,3.2,md,6.0,158.5,,,us,usp000g35d,2014-11-07T01:35:31.504Z,"53 km N of Petit Valley, Trinidad and Tobago",earthquake,,,,,reviewed,trn,trn
2008-04-04T06:56:42.310Z,11.589,-61.96,156.0,4.0,mw,52.0,52.5,,,us,usp000g33a,2014-11-07T01:35:30.542Z,"56 km SSW of Saint George's, Grenada",earthquake,,,,,reviewed,trn,car
2008-04-04T05:07:23.830Z,6.715,-72.902,171.3,0.0,,9.0,139.3,,0.77,us,usp000g334,2014-11-07T01:35:30.459Z,"9 km ESE of Cepitá, Colombia",earthquake,,9.5,,,reviewed,us,us
2008-04-03T19:07:55.890Z,12.231,-69.971,10.8,4.0,md,21.0,55.0,,0.74,us,usp000g320,2014-11-07T01:35:29.791Z,"64 km NNE of Punto Fijo, Venezuela",earthquake,,16.5,,,reviewed,us,car
2008-04-03T15:49:00.410Z,11.467,-61.049,43.0,2.9,md,7.0,138.8,,,us,usp000g31n,2014-11-07T01:35:29.734Z,"46 km NW of Scarborough, Trinidad and Tobago",earthquake,,,,,reviewed,trn,trn
2008-04-03T00:04:56.670Z,10.915,-62.213,72.0,3.3,md,7.0,255.2,,,us,usp000g2zp,2014-11-07T01:35:28.325Z,"38 km NNE of Güiria, Venezuela",earthquake,,,,,reviewed,trn,trn
2008-04-02T00:09:24.780Z,11.025,-62.228,95.0,3.4,md,7.0,253.6,,,us,usp000g2xg,2014-11-07T01:35:27.342Z,"50 km N of Güiria, Venezuela",earthquake,,,,,reviewed,trn,trn
2008-04-01T20:05:53.820Z,6.716,-72.883,170.9,0.0,,7.0,172.2,,0.67,us,usp000g2x0,2014-11-07T01:35:27.021Z,"9 km WNW of Molagavita, Colombia",earthquake,,9.0,,,reviewed,us,us
2008-04-01T15:58:01.940Z,6.724,-72.944,165.0,0.0,,10.0,170.0,,0.29,us,usp000g2wp,2014-11-07T01:35:26.876Z,"4 km SE of Cepitá, Colombia",earthquake,,7.4,,,reviewed,us,us
2008-04-01T08:11:37.960Z,6.665,-72.871,173.8,0.0,,9.0,140.7,,0.47,us,usp000g2vk,2014-11-07T01:35:25.609Z,"6 km W of Molagavita, Colombia",earthquake,,8.0,,,reviewed,us,us
2008-04-01T06:41:24.070Z,11.06,-61.628,17.0,3.0,md,8.0,159.5,,,us,usp000g2vg,2014-11-07T01:35:25.567Z,"40 km NNW of Petit Valley, Trinidad and Tobago",earthquake,,,,,reviewed,trn,trn
2008-03-30T10:38:15.010Z,6.667,-72.884,172.8,3.9,mb,11.0,140.5,,0.69,us,usp000g2q9,2014-11-07T01:35:21.278Z,"8 km W of Molagavita, Colombia",earthquake,,8.0,,3.0,reviewed,us,us
2008-03-28T16:35:56.960Z,6.685,-72.916,159.8,5.0,mb,222.0,44.8,,0.77,us,usp000g2jk,2022-07-13T20:33:47.728Z,"10 km SE of Cepitá, Colombia",earthquake,,2.9,,122.0,reviewed,us,us
2008-03-24T13:30:18.970Z,10.902,-62.462,103.9,4.6,mb,10.0,200.0,,1.26,us,usp000g289,2014-11-07T01:35:18.806Z,"40 km NNW of Güiria, Venezuela",earthquake,,9.6,,1.0,reviewed,us,us
2008-03-24T05:54:32.910Z,6.766,-72.994,171.4,0.0,,17.0,66.9,,0.83,us,usp000g270,2014-11-07T01:35:18.683Z,"2 km WNW of Cepitá, Colombia",earthquake,,7.0,,,reviewed,us,us
2008-03-20T15:28:18.960Z,10.435,-62.389,20.8,4.7,mb,45.0,88.3,,1.18,us,usp000g1v8,2014-11-07T01:35:16.959Z,"18 km SSW of Güiria, Venezuela",earthquake,,17.1,,18.0,reviewed,us,us
2008-03-18T21:44:30.550Z,6.67,-73.021,169.4,4.3,mb,27.0,66.8,,0.79,us,usp000g1rm,2014-11-07T01:35:16.548Z,"2 km S of Aratoca, Colombia",earthquake,,5.5,,4.0,reviewed,us,us
2008-03-18T13:20:30.980Z,6.116,-73.732,128.9,4.4,mb,12.0,85.2,,0.79,us,usp000g1r4,2014-11-07T01:35:16.506Z,"12 km WNW of Chipatá, Colombia",earthquake,,7.3,,1.0,reviewed,us,us
2008-03-15T20:47:34.030Z,7.246,-73.586,122.3,0.0,,6.0,136.7,,1.0,us,usp000g1jj,2014-11-07T01:35:15.818Z,"18 km SSW of Sabana de Torres, Colombia",earthquake,,17.2,,,reviewed,us,us
2008-03-11T02:32:18.750Z,11.046,-62.205,73.0,3.1,md,7.0,266.2,,,us,usp000g16u,2014-11-07T01:35:13.786Z,"52 km N of Güiria, Venezuela",earthquake,,,,,reviewed,trn,trn
2008-03-10T19:35:14.820Z,13.259,-60.716,49.0,3.4,md,11.0,246.3,,,us,usp000g15z,2014-11-07T01:35:13.715Z,"43 km E of Georgetown, Saint Vincent and the Grenadines",earthquake,,,,,reviewed,trn,ath
2008-03-10T01:52:04.040Z,6.683,-72.905,170.9,4.4,mb,60.0,67.1,,0.66,us,usp000g146,2014-11-07T01:35:13.506Z,"10 km W of Molagavita, Colombia",earthquake,,4.6,,31.0,reviewed,us,us
2008-03-10T01:13:34.060Z,6.835,-73.067,155.6,0.0,,5.0,163.0,,0.37,us,usp000g140,2014-11-07T01:35:13.479Z,"11 km NNE of Jordán, Colombia",earthquake,,35.3,,,reviewed,us,us
2008-03-09T22:17:09.310Z,10.639,-62.573,83.3,4.5,mb,37.0,61.0,,0.91,us,usp000g13h,2014-11-07T01:35:13.423Z,"30 km WNW of Güiria, Venezuela",earthquake,,4.5,,2.0,reviewed,us,us
2008-03-09T02:22:20.760Z,10.977,-61.982,100.0,3.0,md,8.0,233.5,,,us,usp000g10p,2014-11-07T01:35:13.111Z,"56 km NE of Güiria, Venezuela",earthquake,,,,,reviewed,trn,trn
2008-03-08T20:58:35.100Z,10.916,-62.29,100.0,3.6,md,28.0,64.6,,,us,usp000g109,2014-11-07T01:35:13.056Z,"37 km N of Güiria, Venezuela",earthquake,,,,,reviewed,trn,trn
2008-03-07T16:05:45.460Z,6.754,-73.06,161.3,4.3,mb,26.0,146.7,,1.23,us,usp000g0x4,2014-11-07T01:35:12.409Z,"4 km ENE of Jordán, Colombia",earthquake,,8.7,,10.0,reviewed,us,us
2008-03-07T02:51:10.640Z,10.411,-62.144,18.0,2.9,md,4.0,315.8,,,us,usp000g0w1,2014-11-07T01:35:11.934Z,"24 km SE of Güiria, Venezuela",earthquake,,,,,reviewed,trn,trn
2008-03-06T13:48:26.130Z,10.494,-61.934,25.0,2.9,md,6.0,258.9,,,us,usp000g0uz,2014-11-07T01:35:11.856Z,"40 km ESE of Güiria, Venezuela",earthquake,,,,,reviewed,trn,trn
2008-03-01T20:54:10.170Z,6.723,-72.948,164.9,0.0,,7.0,169.9,,0.25,us,usp000g0ea,2014-11-07T01:35:09.278Z,"4 km SE of Cepitá, Colombia",earthquake,,10.0,,,reviewed,us,us
2008-02-29T22:40:27.350Z,10.415,-62.349,6.0,2.9,md,5.0,327.3,,,us,usp000g0au,2014-11-07T01:35:05.300Z,"18 km SSW of Güiria, Venezuela",earthquake,,,,,reviewed,trn,trn
2008-02-29T05:48:36.140Z,10.756,-62.148,91.0,3.0,md,5.0,309.9,,,us,usp000g09f,2014-11-07T01:35:05.073Z,"25 km NE of Güiria, Venezuela",earthquake,,,,,reviewed,trn,trn
2008-02-28T06:52:56.010Z,10.754,-60.341,11.0,3.2,md,6.0,290.4,,,us,usp000g06c,2014-11-07T01:35:04.716Z,"64 km SE of Scarborough, Trinidad and Tobago",earthquake,,,,,reviewed,trn,trn
2008-02-28T04:48:38.650Z,10.661,-62.602,72.0,3.7,md,10.0,284.0,,,us,usp000g062,2014-11-07T01:35:04.672Z,"34 km WNW of Güiria, Venezuela",earthquake,,,,,reviewed,trn,trn
2008-02-25T10:52:11.400Z,10.178,-70.925,9.2,4.4,mw,21.0,101.1,,,us,usp000fzxe,2014-11-07T01:35:03.466Z,"37 km E of Lagunillas, Venezuela",earthquake,,,,,reviewed,car,car
2008-02-25T07:59:50.890Z,10.157,-70.904,15.4,5.0,mwc,255.0,31.1,,0.99,us,usp000fzx2,2022-07-13T21:30:58.868Z,"39 km E of Lagunillas, Venezuela",earthquake,,,,,reviewed,us,gcmt
2008-02-24T15:49:09.690Z,6.75,-72.98,162.5,4.7,mb,55.0,130.0,,1.1,us,usp000fzv3,2014-11-07T01:35:03.128Z,"0 km SW of Cepitá, Colombia",earthquake,,6.2,,22.0,reviewed,us,us
2008-02-24T08:32:22.830Z,10.854,-61.446,33.0,2.9,md,7.0,108.1,,,us,usp000fzua,2014-11-07T01:35:03.002Z,"20 km NNE of Petit Valley, Trinidad and Tobago",earthquake,,,,,reviewed,trn,trn
2008-02-23T10:34:51.030Z,7.424,-73.259,139.1,0.0,,13.0,105.6,,1.12,us,usp000fzrr,2014-11-07T01:35:02.074Z,"8 km SW of El Playón, Colombia",earthquake,,,,,reviewed,us,us
2008-02-22T15:18:49.680Z,10.95,-62.013,33.0,3.0,md,4.0,304.4,,,us,usp000fzpc,2014-11-07T01:35:01.679Z,"51 km NE of Güiria, Venezuela",earthquake,,,,,reviewed,trn,trn
2008-02-22T08:54:07.590Z,11.473,-60.641,34.0,3.8,md,11.0,203.4,,,us,usp000fznf,2014-11-07T01:35:01.601Z,"33 km NNE of Scarborough, Trinidad and Tobago",earthquake,,,,,reviewed,trn,trn
2008-02-22T06:36:00.430Z,11.213,-61.361,10.0,2.9,md,5.0,235.7,,,us,usp000fzmz,2014-11-07T01:35:01.524Z,"60 km NNE of Petit Valley, Trinidad and Tobago",earthquake,,,,,reviewed,trn,trn
2008-02-22T05:15:00.610Z,12.302,-59.845,15.0,3.7,md,4.0,260.5,,,us,usp000fzms,2014-11-07T01:35:01.391Z,"91 km SSW of Oistins, Barbados",earthquake,,,,,reviewed,trn,trn
2008-02-22T04:20:44.390Z,10.982,-61.701,27.0,3.2,md,7.0,171.7,,,us,usp000fzmj,2014-11-07T01:35:01.240Z,"35 km NNW of Petit Valley, Trinidad and Tobago",earthquake,,,,,reviewed,trn,trn
2008-02-21T18:46:31.550Z,10.883,-62.281,70.0,3.6,md,13.0,240.1,,,us,usp000fzj9,2014-11-07T01:35:00.645Z,"33 km N of Güiria, Venezuela",earthquake,,,,,reviewed,trn,trn
2008-02-21T08:44:25.160Z,6.724,-72.934,174.8,4.5,mb,37.0,90.9,,0.63,us,usp000fzg9,2014-11-07T01:35:00.042Z,"5 km SE of Cepitá, Colombia",earthquake,,5.1,,17.0,reviewed,us,us
2008-02-20T00:45:18.620Z,11.297,-61.738,20.0,3.6,md,13.0,169.5,,,us,usp000fz9r,2014-11-07T01:34:59.074Z,"69 km NNW of Petit Valley, Trinidad and Tobago",earthquake,,,,,reviewed,trn,trn
2008-02-19T04:45:15.550Z,9.395,-62.008,49.0,3.8,md,10.0,326.5,,,us,usp000fz7c,2014-11-07T01:34:58.588Z,"37 km N of Tucupita, Venezuela",earthquake,,,,,reviewed,trn,trn
2008-02-17T21:15:01.840Z,6.74,-72.929,154.9,5.4,mwc,398.0,47.0,,0.95,us,usp000fz4p,2025-12-22T15:28:40.384Z,"5 km ESE of Cepitá, Colombia",earthquake,,2.2,,,reviewed,us,gcmt
2008-02-15T02:47:31.430Z,10.382,-61.925,6.0,3.2,md,5.0,290.5,,,us,usp000fyy4,2014-11-07T01:34:57.215Z,"35 km NW of Point Fortin, Trinidad and Tobago",earthquake,,,,,reviewed,trn,trn
2008-02-14T21:43:12.920Z,11.26,-61.673,23.0,3.1,md,6.0,172.8,,,us,usp000fyxk,2014-11-07T01:34:57.178Z,"63 km NNW of Petit Valley, Trinidad and Tobago",earthquake,,,,,reviewed,trn,trn
2008-02-14T10:53:43.170Z,10.257,-62.241,8.0,2.9,md,6.0,291.1,,,us,usp000fyw8,2014-11-07T01:34:56.985Z,"35 km S of Güiria, Venezuela",earthquake,,,,,reviewed,trn,trn
2008-02-14T06:25:46.120Z,10.95,-63.075,1.0,3.6,md,4.0,348.8,,,us,usp000fyvr,2014-11-07T01:34:56.865Z,"37 km NNE of Carúpano, Venezuela",earthquake,,,,,reviewed,trn,trn
2008-02-14T05:30:44.910Z,10.394,-62.194,3.0,3.4,md,7.0,280.6,,,us,usp000fyvp,2014-11-07T01:34:56.862Z,"23 km SSE of Güiria, Venezuela",earthquake,,,,,reviewed,trn,trn
2008-02-13T22:41:31.510Z,10.434,-62.385,3.0,3.2,md,6.0,285.3,,,us,usp000fyuy,2014-11-07T01:34:56.772Z,"18 km SSW of Güiria, Venezuela",earthquake,,,,,reviewed,trn,trn
2008-02-13T20:06:40.690Z,10.32,-62.256,6.0,4.8,mw,182.0,50.5,,,us,usp000fyuk,2022-07-13T22:09:58.547Z,"28 km S of Güiria, Venezuela",earthquake,,,,,reviewed,trn,car
2008-02-12T08:56:39.110Z,11.065,-62.296,109.0,3.4,md,14.0,145.5,,,us,usp000fyr7,2014-11-07T01:34:56.271Z,"53 km N of Güiria, Venezuela",earthquake,,,,,reviewed,trn,trn
2008-02-11T09:44:59.240Z,10.863,-62.395,75.0,3.3,md,7.0,268.9,,,us,usp000fynt,2014-11-07T01:34:55.942Z,"33 km NNW of Güiria, Venezuela",earthquake,,,,,reviewed,trn,trn
2008-02-09T20:23:33.220Z,10.216,-61.833,20.0,3.1,md,7.0,242.6,,,us,usp000fyjb,2014-11-07T01:34:55.487Z,"16 km WNW of Point Fortin, Trinidad and Tobago",earthquake,,,,,reviewed,trn,trn
2008-02-09T03:15:46.550Z,11.522,-61.87,95.0,3.2,md,4.0,205.8,,,us,usp000fyg1,2014-11-07T01:34:55.126Z,"60 km SSW of Saint George's, Grenada",earthquake,,,,,reviewed,trn,trn
2008-02-06T10:14:54.120Z,11.155,-62.029,115.0,3.1,md,7.0,230.6,,,us,usp000fy9z,2014-11-07T01:34:54.382Z,"70 km NNE of Güiria, Venezuela",earthquake,,,,,reviewed,trn,trn
2008-02-03T01:27:32.630Z,10.324,-62.163,3.0,3.0,md,7.0,284.6,,,us,usp000fy17,2014-11-07T01:34:52.652Z,"31 km SSE of Güiria, Venezuela",earthquake,,,,,reviewed,trn,trn
2008-02-02T11:03:05.490Z,12.727,-60.7,57.0,3.9,md,20.0,190.9,,,us,usp000fxze,2014-11-07T01:34:52.115Z,"66 km ESE of Port Elizabeth, Saint Vincent and the Grenadines",earthquake,,,,,reviewed,trn,trn
2008-02-02T09:45:21.890Z,10.699,-61.773,39.0,3.0,md,8.0,224.2,,,us,usp000fxz9,2014-11-07T01:34:52.081Z,"24 km W of Petit Valley, Trinidad and Tobago",earthquake,,,,,reviewed,trn,trn
2008-01-31T13:22:13.390Z,10.878,-61.174,31.0,2.7,md,6.0,159.3,,,us,usp000fxv6,2014-11-07T01:34:47.369Z,"29 km NNE of Arima, Trinidad and Tobago",earthquake,,,,,reviewed,trn,trn
2008-01-31T05:55:13.210Z,11.534,-59.999,12.0,3.8,md,11.0,248.2,,,us,usp000fxun,2014-11-07T01:34:47.332Z,"89 km ENE of Scarborough, Trinidad and Tobago",earthquake,,,,,reviewed,trn,trn
2008-01-31T04:42:34.500Z,10.76,-59.917,24.0,3.3,md,6.0,284.0,,,us,usp000fxuj,2014-11-07T01:34:47.327Z,"100 km ESE of Scarborough, Trinidad and Tobago",earthquake,,,,,reviewed,trn,trn
2008-01-31T03:28:53.910Z,10.786,-62.401,107.0,3.4,md,8.0,284.4,,,us,usp000fxud,2014-11-07T01:34:47.319Z,"25 km NNW of Güiria, Venezuela",earthquake,,,,,reviewed,trn,trn
2008-01-30T16:06:44.720Z,10.553,-61.874,12.0,3.2,md,6.0,248.1,,,us,usp000fxsx,2014-11-07T01:34:47.129Z,"38 km WSW of Mucurapo, Trinidad and Tobago",earthquake,,,,,reviewed,trn,trn
2008-01-29T04:28:13.500Z,10.233,-71.855,29.6,4.2,mw,76.0,25.7,,,us,usp000fxp8,2014-11-07T01:34:46.643Z,"47 km WSW of Cabimas, Venezuela",earthquake,,,,,reviewed,car,car
2008-01-29T03:53:00.050Z,10.638,-60.758,85.0,3.4,md,8.0,239.0,,,us,usp000fxp3,2014-11-07T01:34:46.632Z,"41 km E of Sangre Grande, Trinidad and Tobago",earthquake,,,,,reviewed,trn,trn
2008-01-28T15:13:17.260Z,11.034,-61.017,17.0,2.6,md,7.0,119.4,,,us,usp000fxn0,2014-11-07T01:34:46.513Z,"34 km WSW of Scarborough, Trinidad and Tobago",earthquake,,,,,reviewed,trn,trn
2008-01-28T09:11:01.320Z,10.62,-61.834,6.0,3.1,md,6.0,237.7,,,us,usp000fxmh,2014-11-07T01:34:46.467Z,"32 km WSW of Petit Valley, Trinidad and Tobago",earthquake,,,,,reviewed,trn,trn
2008-01-25T04:25:19.650Z,6.781,-73.013,165.2,3.5,mb,8.0,152.8,,0.48,us,usp000fxdr,2014-11-07T01:34:45.824Z,northern Colombia,earthquake,,11.4,,1.0,reviewed,us,us
2008-01-25T02:52:10.710Z,10.365,-61.973,23.0,3.0,md,4.0,298.0,,,us,usp000fxdg,2014-11-07T01:34:45.789Z,"38 km WNW of Point Fortin, Trinidad and Tobago",earthquake,,,,,reviewed,trn,trn
2008-01-25T01:20:17.260Z,10.688,-62.289,63.0,3.3,md,5.0,317.4,,,us,usp000fxda,2014-11-07T01:34:45.776Z,"12 km N of Güiria, Venezuela",earthquake,,,,,reviewed,trn,trn
2008-01-24T10:49:59.130Z,13.256,-60.73,105.0,3.2,md,4.0,287.0,,,us,usp000fxbp,2014-11-07T01:34:45.606Z,"42 km E of Georgetown, Saint Vincent and the Grenadines",earthquake,,,,,reviewed,trn,trn
2008-01-24T10:44:44.100Z,10.734,-61.452,32.0,2.7,md,4.0,152.9,,,us,usp000fxbm,2014-11-07T01:34:45.600Z,"10 km NE of Port of Spain, Trinidad and Tobago",earthquake,,,,,reviewed,trn,trn
2008-01-22T19:38:08.620Z,6.738,-72.905,175.0,4.9,mb,19.0,85.9,,0.79,us,usp000fx8e,2014-11-07T01:34:45.141Z,"7 km ESE of Cepitá, Colombia",earthquake,,7.4,,3.0,reviewed,us,us
2008-01-22T14:36:04.030Z,10.603,-60.863,28.0,3.0,md,6.0,231.2,,,us,usp000fx7v,2014-11-07T01:34:45.023Z,"29 km E of Sangre Grande, Trinidad and Tobago",earthquake,,,,,reviewed,trn,trn
2008-01-20T19:04:56.160Z,6.627,-73.068,157.4,3.9,mb,11.0,74.0,,0.85,us,usp000fx3t,2014-11-07T01:34:44.199Z,"2 km N of Curití, Colombia",earthquake,,15.6,,1.0,reviewed,us,us
2008-01-20T18:32:45.580Z,10.842,-61.101,27.0,3.1,md,11.0,125.3,,,us,usp000fx3p,2014-11-07T01:34:44.175Z,"28 km N of Sangre Grande, Trinidad and Tobago",earthquake,,,,,reviewed,trn,trn
2008-01-19T00:36:14.290Z,10.217,-62.16,3.0,3.2,md,4.0,318.1,,,us,usp000fwzt,2014-11-07T01:34:43.705Z,"42 km SSE of Güiria, Venezuela",earthquake,,,,,reviewed,trn,trn
2008-01-18T14:58:27.390Z,11.083,-62.071,58.0,3.2,md,6.0,239.3,,,us,usp000fwys,2014-11-07T01:34:43.561Z,"61 km NNE of Güiria, Venezuela",earthquake,,,,,reviewed,trn,trn
2008-01-16T23:47:31.600Z,9.724,-72.649,168.5,4.7,mw,182.0,26.2,,,us,usp000fwv8,2014-11-07T01:34:43.033Z,"38 km SSW of Machiques, Venezuela",earthquake,,,,,reviewed,car,car
2008-01-12T14:14:59.880Z,10.265,-62.331,3.0,4.0,md,20.0,163.8,,,us,usp000fwja,2014-11-07T01:34:41.067Z,"34 km S of Güiria, Venezuela",earthquake,,,,,reviewed,trn,trn
2008-01-12T05:39:06.820Z,6.748,-72.915,172.0,4.2,mb,25.0,155.7,,0.82,us,usp000fwhg,2014-11-07T01:34:40.788Z,"6 km E of Cepitá, Colombia",earthquake,,8.5,,8.0,reviewed,us,us
2008-01-11T09:05:20.130Z,10.951,-62.191,74.0,3.5,md,9.0,250.8,,,us,usp000fwf7,2014-11-07T01:34:40.229Z,"42 km NNE of Güiria, Venezuela",earthquake,,,,,reviewed,trn,trn
2008-01-10T04:19:33.510Z,11.223,-62.092,114.0,2.8,md,6.0,234.4,,,us,usp000fwct,2014-11-07T01:34:39.958Z,"74 km NNE of Güiria, Venezuela",earthquake,,,,,reviewed,trn,trn
2008-01-08T15:17:03.510Z,10.481,-62.21,1.0,3.5,md,7.0,275.6,,,us,usp000fw8s,2014-11-07T01:34:38.991Z,"14 km SE of Güiria, Venezuela",earthquake,,,,,reviewed,trn,trn
2008-01-06T02:31:56.500Z,9.77,-62.36,26.4,3.7,mw,14.0,201.4,,,us,usp000fw2h,2014-11-07T01:34:37.532Z,"85 km NNW of Tucupita, Venezuela",earthquake,,,,,reviewed,car,car
2008-01-04T12:51:30.270Z,6.852,-72.978,172.3,4.2,mb,21.0,67.3,,0.98,us,usp000fvyq,2014-11-07T01:34:36.591Z,"10 km N of Cepitá, Colombia",earthquake,,8.3,,6.0,reviewed,us,us
2008-01-04T09:18:41.520Z,10.359,-62.05,26.0,2.9,md,4.0,307.0,,,us,usp000fvyc,2014-11-07T01:34:36.526Z,"36 km SE of Güiria, Venezuela",earthquake,,,,,reviewed,trn,trn
2008-01-02T02:07:14.100Z,10.836,-62.282,80.0,2.9,md,9.0,260.6,,,us,usp000fvu0,2014-11-07T01:34:35.507Z,"28 km N of Güiria, Venezuela",earthquake,,,,,reviewed,trn,trn
2007-12-31T18:33:32.700Z,10.002,-62.232,3.0,3.2,md,4.0,322.9,,,us,usp000fvr5,2014-11-07T01:34:31.615Z,"63 km WSW of Point Fortin, Trinidad and Tobago",earthquake,,,,,reviewed,trn,trn
2007-12-31T09:49:51.580Z,10.145,-61.011,34.0,3.1,md,7.0,254.3,,,us,usp000fvq8,2014-11-07T01:34:31.415Z,"25 km SE of Rio Claro, Trinidad and Tobago",earthquake,,,,,reviewed,trn,trn
2007-12-30T21:11:57.750Z,10.177,-61.669,26.0,3.0,md,7.0,131.0,,,us,usp000fvp6,2014-11-07T01:34:31.318Z,"1 km E of Point Fortin, Trinidad and Tobago",earthquake,,,,,reviewed,trn,trn
2007-12-30T14:59:50.780Z,6.675,-73.046,156.3,4.1,mb,28.0,88.4,,1.19,us,usp000fvnk,2014-11-07T01:34:31.270Z,"3 km SW of Aratoca, Colombia",earthquake,,8.5,,4.0,reviewed,us,us
2007-12-29T05:18:51.000Z,10.594,-61.564,33.0,3.2,md,9.0,102.3,,,us,usp000fvjf,2014-11-07T01:34:30.894Z,"8 km SSW of Mucurapo, Trinidad and Tobago",earthquake,,,,,reviewed,trn,trn
2007-12-28T21:24:39.300Z,11.729,-61.806,96.0,3.0,md,4.0,201.2,,,us,usp000fvhk,2014-11-07T01:34:30.818Z,"36 km S of Saint George's, Grenada",earthquake,,,,,reviewed,trn,trn
2007-12-28T07:33:30.470Z,11.054,-62.12,66.0,3.4,md,11.0,225.4,,,us,usp000fvg0,2014-11-07T01:34:30.664Z,"56 km NNE of Güiria, Venezuela",earthquake,,,,,reviewed,trn,trn
2007-12-27T23:55:40.700Z,8.285,-71.226,1.1,3.7,mw,7.0,149.0,,,us,usp000fvec,2014-11-07T01:34:30.410Z,"17 km SW of Mucumpiz, Venezuela",earthquake,,,,,reviewed,car,car
2007-12-27T15:51:35.050Z,10.784,-62.502,104.0,3.5,md,10.0,272.1,,,us,usp000fvd7,2014-11-07T01:34:30.270Z,"31 km NW of Güiria, Venezuela",earthquake,,,,,reviewed,trn,trn
2007-12-27T10:31:33.600Z,10.847,-61.865,52.0,2.9,md,6.0,225.1,,,us,usp000fvc6,2014-11-07T01:34:30.095Z,"38 km WNW of Petit Valley, Trinidad and Tobago",earthquake,,,,,reviewed,trn,trn
2007-12-27T10:27:04.820Z,10.691,-62.441,88.0,2.9,md,5.0,289.0,,,us,usp000fvc5,2014-11-07T01:34:30.093Z,"20 km NW of Güiria, Venezuela",earthquake,,,,,reviewed,trn,trn
2007-12-26T11:33:49.470Z,10.889,-62.455,108.0,3.5,md,18.0,64.1,,,us,usp000fv9b,2014-11-07T01:34:29.183Z,"38 km NNW of Güiria, Venezuela",earthquake,,,,,reviewed,trn,trn
2007-12-26T09:15:25.700Z,6.728,-73.013,163.9,4.4,mb,15.0,129.7,,1.31,us,usp000fv95,2014-11-07T01:34:29.167Z,"3 km N of Aratoca, Colombia",earthquake,,10.5,,1.0,reviewed,us,us
2007-12-26T05:59:52.400Z,10.762,-65.68,5.9,4.6,mw,61.0,30.3,,,us,usp000fv8w,2022-07-13T23:37:25.753Z,"99 km ENE of Guatire, Venezuela",earthquake,,,,,reviewed,car,car
2007-12-24T19:29:32.150Z,6.806,-72.97,168.9,4.1,mb,13.0,82.8,,0.84,us,usp000fv5n,2014-11-07T01:34:28.680Z,"5 km N of Cepitá, Colombia",earthquake,,,,1.0,reviewed,us,us
2007-12-23T06:26:37.030Z,6.755,-73.021,161.4,4.3,mb,13.0,91.2,,0.86,us,usp000fv2f,2014-11-07T01:34:28.289Z,"5 km W of Cepitá, Colombia",earthquake,,8.6,,3.0,reviewed,us,us
2007-12-20T15:40:48.720Z,10.767,-59.265,104.0,4.1,md,16.0,287.5,,,us,usp000fuwg,2014-11-07T01:34:27.461Z,"167 km ESE of Scarborough, Trinidad and Tobago",earthquake,,,,,reviewed,trn,trn
2007-12-19T12:36:08.020Z,6.844,-73.017,167.0,4.4,mb,9.0,152.1,,0.88,us,usp000futd,2014-11-07T01:34:26.959Z,"10 km NNW of Cepitá, Colombia",earthquake,,13.6,,1.0,reviewed,us,us
2007-12-15T05:31:56.400Z,11.402,-61.92,112.0,3.2,md,6.0,211.8,,,us,usp000fug8,2014-11-07T01:34:25.584Z,"74 km SSW of Saint George's, Grenada",earthquake,,,,,reviewed,trn,trn
2007-12-14T08:54:38.730Z,6.646,-72.884,169.7,4.3,mb,23.0,140.8,,0.68,us,usp000fuep,2014-11-07T01:34:25.391Z,"8 km WSW of Molagavita, Colombia",earthquake,,6.3,,10.0,reviewed,us,us
2007-12-12T20:31:31.100Z,10.656,-62.4,75.8,4.9,mwc,153.0,23.4,,,us,usp000fub3,2022-07-14T00:07:10.668Z,"14 km NW of Güiria, Venezuela",earthquake,,,,,reviewed,car,gcmt
2007-12-11T05:11:13.610Z,11.815,-60.255,5.0,3.6,md,10.0,255.8,,,us,usp000fu85,2014-11-07T01:34:23.667Z,"87 km NE of Scarborough, Trinidad and Tobago",earthquake,,,,,reviewed,trn,trn
2007-12-11T03:30:24.760Z,10.646,-61.753,46.0,2.7,md,4.0,222.3,,,us,usp000fu82,2014-11-07T01:34:23.662Z,"23 km WSW of Petit Valley, Trinidad and Tobago",earthquake,,,,,reviewed,trn,trn
2007-12-10T04:02:46.000Z,10.77,-69.4,5.0,4.2,mb,16.0,84.9,,,us,usp000fu61,2014-11-07T01:34:23.386Z,"76 km SSE of Coro, Venezuela",earthquake,,,,1.0,reviewed,car,us
2007-12-08T23:04:53.560Z,7.086,-73.135,137.8,4.1,mb,9.0,139.0,,1.37,us,usp000fu2u,2014-11-07T01:34:22.536Z,"4 km ENE of Girón, Colombia",earthquake,,16.0,,1.0,reviewed,us,us
2007-12-08T02:01:34.590Z,6.713,-72.941,166.2,4.6,mb,99.0,46.6,,0.72,us,usp000fu0t,2014-11-07T01:34:22.277Z,"5 km SE of Cepitá, Colombia",earthquake,,3.4,,45.0,reviewed,us,us
2007-12-06T14:59:10.230Z,6.725,-72.943,165.0,4.5,mb,46.0,64.5,,0.84,us,usp000ftxu,2014-11-07T01:34:21.741Z,"4 km SE of Cepitá, Colombia",earthquake,,5.6,,20.0,reviewed,us,us
2007-12-04T05:48:33.400Z,10.364,-62.25,18.5,4.0,mw,16.0,133.4,,,us,usp000ftts,2014-11-07T01:34:21.100Z,"24 km SSE of Güiria, Venezuela",earthquake,,,,,reviewed,car,car
2007-11-26T10:12:02.780Z,6.708,-72.986,164.3,3.9,mb,7.0,149.3,,0.57,us,usp000ftbj,2014-11-07T01:34:15.023Z,"3 km ENE of Aratoca, Colombia",earthquake,,18.6,,1.0,reviewed,us,us
2007-11-23T07:21:27.480Z,10.814,-62.233,73.0,2.9,md,6.0,260.0,,,us,usp000ft4d,2014-11-07T01:34:13.913Z,"27 km NNE of Güiria, Venezuela",earthquake,,,,,reviewed,trn,trn
2007-11-23T02:44:01.950Z,10.644,-62.427,100.0,3.1,md,6.0,277.8,,,us,usp000ft44,2014-11-07T01:34:13.881Z,"15 km WNW of Güiria, Venezuela",earthquake,,,,,reviewed,trn,trn
2007-11-21T06:06:55.090Z,11.466,-62.042,17.0,3.1,md,4.0,302.9,,,us,usp000ft0m,2014-11-07T01:34:13.140Z,"72 km SSW of Saint George's, Grenada",earthquake,,,,,reviewed,trn,trn
2007-11-20T05:56:21.420Z,6.744,-72.978,156.5,4.5,mb,78.0,57.4,,0.78,us,usp000fsye,2014-11-07T01:34:12.406Z,"1 km SSW of Cepitá, Colombia",earthquake,,,,50.0,reviewed,us,us
2007-11-19T21:44:43.380Z,11.149,-61.909,55.0,2.8,md,6.0,212.4,,,us,usp000fsxa,2014-11-07T01:34:12.224Z,"63 km NW of Petit Valley, Trinidad and Tobago",earthquake,,,,,reviewed,trn,trn
2007-11-19T19:54:08.800Z,10.446,-62.222,3.0,3.1,md,6.0,278.3,,,us,usp000fsx3,2014-11-07T01:34:12.181Z,"16 km SSE of Güiria, Venezuela",earthquake,,,,,reviewed,trn,trn
2007-11-19T19:20:47.920Z,6.769,-72.976,167.8,0.0,,13.0,70.6,,0.75,us,usp000fsx2,2014-11-07T01:34:12.179Z,"1 km N of Cepitá, Colombia",earthquake,,7.3,,,reviewed,us,us
2007-11-19T08:20:09.760Z,9.004,-63.479,21.9,4.3,md,30.0,107.1,,,us,usp000fsw8,2014-11-07T01:34:12.048Z,"76 km E of San José de Guanipa, Venezuela",earthquake,,,,,reviewed,trn,trn
2007-11-18T08:22:06.180Z,13.11,-60.541,22.0,3.8,md,8.0,107.2,,,us,usp000fsu9,2014-11-07T01:34:11.771Z,"64 km ESE of Byera Village, Saint Vincent and the Grenadines",earthquake,,,,,reviewed,trn,trn
2007-11-18T04:01:31.630Z,10.846,-61.973,46.0,3.0,md,7.0,237.5,,,us,usp000fsts,2014-11-07T01:34:11.640Z,"46 km NE of Güiria, Venezuela",earthquake,,,,,reviewed,trn,trn
2007-11-16T05:42:05.800Z,10.97,-62.123,79.0,3.3,md,6.0,246.5,,,us,usp000fsp4,2014-11-07T01:34:11.038Z,"47 km NNE of Güiria, Venezuela",earthquake,,,,,reviewed,trn,trn
2007-11-14T10:17:43.790Z,10.859,-62.107,83.0,2.6,md,7.0,248.8,,,us,usp000fsh6,2014-11-07T01:34:10.159Z,"37 km NE of Güiria, Venezuela",earthquake,,,,,reviewed,trn,car
2007-11-14T05:46:12.850Z,10.825,-61.372,31.0,2.9,md,11.0,96.7,,,us,usp000fsh0,2014-11-07T01:34:10.143Z,"19 km N of Paradise, Trinidad and Tobago",earthquake,,,,,reviewed,trn,trn
2007-11-13T16:54:41.520Z,10.596,-62.264,93.0,3.1,md,8.0,271.7,,,us,usp000fsg2,2014-11-07T01:34:10.032Z,"4 km ENE of Güiria, Venezuela",earthquake,,,,,reviewed,trn,trn
2007-11-10T05:36:26.260Z,11.573,-62.11,113.0,3.3,md,10.0,235.9,,,us,usp000fsa2,2014-11-07T01:34:08.992Z,"65 km SW of Saint George's, Grenada",earthquake,,,,,reviewed,trn,trn
2007-11-10T05:19:25.650Z,11.121,-62.471,25.0,3.2,md,7.0,269.0,,,us,usp000fsa1,2014-11-07T01:34:08.990Z,"63 km NNW of Güiria, Venezuela",earthquake,,,,,reviewed,trn,trn
2007-11-04T13:24:32.430Z,11.211,-61.897,33.0,2.9,ml,11.0,208.3,,,us,usp000fryu,2014-11-07T01:34:06.990Z,"68 km NW of Petit Valley, Trinidad and Tobago",earthquake,,,,,reviewed,trn,us
2007-11-03T02:09:15.990Z,10.946,-61.668,23.0,2.6,md,8.0,159.3,,,us,usp000frvv,2014-11-07T01:34:06.485Z,"30 km NNW of Petit Valley, Trinidad and Tobago",earthquake,,,,,reviewed,trn,trn
2007-11-03T00:34:35.620Z,10.214,-61.4,31.0,3.1,md,5.0,273.5,,,us,usp000frvj,2014-11-07T01:34:06.443Z,"5 km E of Debe, Trinidad and Tobago",earthquake,,,,,reviewed,trn,trn
2007-11-03T00:18:06.750Z,10.858,-62.342,56.0,3.1,md,9.0,265.0,,,us,usp000frvg,2014-11-07T01:34:06.435Z,"31 km N of Güiria, Venezuela",earthquake,,,,,reviewed,trn,trn
2007-11-02T18:15:11.610Z,10.427,-62.224,3.0,3.0,md,6.0,279.6,,,us,usp000frux,2014-11-07T01:34:06.160Z,"18 km SSE of Güiria, Venezuela",earthquake,,,,,reviewed,trn,trn
2007-11-02T18:11:24.950Z,11.079,-60.98,23.0,2.5,md,5.0,178.4,,,us,usp000fruv,2014-11-07T01:34:06.150Z,"29 km WSW of Scarborough, Trinidad and Tobago",earthquake,,,,,reviewed,trn,trn
2007-11-02T00:14:03.320Z,10.813,-61.896,47.0,3.1,md,5.0,231.4,,,us,usp000frt9,2014-11-07T01:34:05.658Z,"40 km WNW of Petit Valley, Trinidad and Tobago",earthquake,,,,,reviewed,trn,trn
2007-11-01T17:44:52.400Z,10.08,-64.35,12.6,4.3,mb,31.0,90.2,,,us,usp000frsn,2014-11-07T01:34:05.279Z,"34 km ESE of Puerto La Cruz, Venezuela",earthquake,,,,5.0,reviewed,car,us
2007-10-30T05:19:01.910Z,11.634,-61.594,85.0,3.2,md,4.0,183.7,,,us,usp000frkd,2014-11-07T01:34:01.292Z,"46 km S of Saint David’s, Grenada",earthquake,,,,,reviewed,trn,trn
2007-10-28T23:42:21.940Z,11.247,-61.963,75.0,3.3,md,8.0,218.7,,,us,usp000frgg,2014-11-07T01:34:00.328Z,"75 km NW of Petit Valley, Trinidad and Tobago",earthquake,,,,,reviewed,trn,trn
2007-10-28T21:43:38.230Z,11.107,-62.113,83.0,3.0,md,8.0,241.0,,,us,usp000frga,2014-11-07T01:34:00.311Z,"62 km NNE of Güiria, Venezuela",earthquake,,,,,reviewed,trn,trn
2007-10-28T07:15:23.070Z,10.917,-62.286,74.0,3.1,md,4.0,274.5,,,us,usp000freu,2014-11-07T01:34:00.161Z,"37 km N of Güiria, Venezuela",earthquake,,,,,reviewed,trn,trn
2007-10-28T02:53:01.880Z,11.481,-60.548,24.0,3.4,md,4.0,229.2,,,us,usp000fref,2014-11-07T01:34:00.136Z,"38 km NNE of Scarborough, Trinidad and Tobago",earthquake,,,,,reviewed,trn,trn
2007-10-27T02:27:21.060Z,6.799,-73.059,167.0,0.0,,11.0,127.7,,1.09,us,usp000frbk,2014-11-07T01:33:59.815Z,"8 km NNE of Jordán, Colombia",earthquake,,8.9,,,reviewed,us,us
2007-10-27T02:03:07.330Z,10.71,-62.399,71.0,3.7,md,12.0,145.5,,,us,usp000frbf,2014-11-07T01:33:59.802Z,"18 km NW of Güiria, Venezuela",earthquake,,,,,reviewed,trn,trn
2007-10-25T17:59:28.100Z,6.772,-72.991,167.0,4.3,mb,15.0,77.6,,0.71,us,usp000fr8q,2014-11-07T01:33:59.454Z,"2 km NW of Cepitá, Colombia",earthquake,,7.2,,3.0,reviewed,us,us
2007-10-25T14:33:41.510Z,13.323,-60.692,29.0,3.4,md,7.0,251.8,,,us,usp000fr8d,2014-11-07T01:33:59.426Z,"46 km E of Georgetown, Saint Vincent and the Grenadines",earthquake,,,,,reviewed,trn,trn
2007-10-24T05:59:04.290Z,10.345,-61.924,1.0,3.4,md,7.0,274.7,,,us,usp000fr5a,2014-11-07T01:33:58.836Z,"32 km NW of Point Fortin, Trinidad and Tobago",earthquake,,,,,reviewed,trn,trn
2007-10-24T04:47:00.010Z,10.337,-62.026,2.0,3.5,md,7.0,279.2,,,us,usp000fr58,2014-11-07T01:33:58.832Z,"39 km SE of Güiria, Venezuela",earthquake,,,,,reviewed,trn,trn
2007-10-24T02:46:21.440Z,10.388,-61.858,7.0,3.0,md,5.0,266.3,,,us,usp000fr52,2014-11-07T01:33:58.819Z,"30 km NW of Point Fortin, Trinidad and Tobago",earthquake,,,,,reviewed,trn,trn
2007-10-24T02:32:16.220Z,10.327,-61.976,7.0,3.5,md,7.0,278.5,,,us,usp000fr4z,2014-11-07T01:33:58.814Z,"36 km WNW of Point Fortin, Trinidad and Tobago",earthquake,,,,,reviewed,trn,trn
2007-10-22T13:06:53.960Z,6.826,-73.164,159.5,0.0,,10.0,160.1,,1.17,us,usp000fr2e,2014-11-07T01:33:58.447Z,"11 km E of Zapatoca, Colombia",earthquake,,9.9,,,reviewed,us,us
2007-10-22T10:16:10.720Z,11.491,-61.674,10.0,3.2,md,5.0,198.7,,,us,usp000fr29,2014-11-07T01:33:58.423Z,"61 km S of Saint David’s, Grenada",earthquake,,,,,reviewed,trn,trn
2007-10-22T05:52:31.240Z,11.519,-61.57,12.0,4.0,md,23.0,98.9,,,us,usp000fr1w,2014-11-07T01:33:58.367Z,"59 km S of Saint David’s, Grenada",earthquake,,,,,reviewed,trn,trn
2007-10-21T07:01:35.760Z,10.748,-62.306,64.0,3.4,md,9.0,266.8,,,us,usp000fqzq,2014-11-07T01:33:58.086Z,"18 km N of Güiria, Venezuela",earthquake,,,,,reviewed,trn,trn
2007-10-20T02:34:12.600Z,8.39,-71.29,5.0,3.7,md,10.0,93.8,,,us,usp000fqxm,2014-11-07T01:33:57.857Z,"17 km W of Mucumpiz, Venezuela",earthquake,,,,,reviewed,car,car
2007-10-17T21:17:58.520Z,10.698,-60.859,46.0,3.1,md,6.0,207.3,,,us,usp000fqsw,2014-11-07T01:33:56.955Z,"32 km ENE of Sangre Grande, Trinidad and Tobago",earthquake,,,,,reviewed,trn,trn
2007-10-16T11:58:45.900Z,10.762,-62.32,65.7,4.0,mw,39.0,49.9,,,us,usp000fqpg,2014-11-07T01:33:56.558Z,"20 km N of Güiria, Venezuela",earthquake,,,,,reviewed,car,car
2007-10-14T17:42:02.040Z,6.75,-72.963,173.4,3.9,mb,6.0,168.7,,0.69,us,usp000fqjb,2014-11-07T01:33:55.929Z,"1 km ESE of Cepitá, Colombia",earthquake,,27.5,,1.0,reviewed,us,us
2007-10-14T08:20:53.870Z,10.746,-62.378,96.0,3.4,md,11.0,268.6,,,us,usp000fqhd,2014-11-07T01:33:55.817Z,near the coast of Venezuela,earthquake,,,,,reviewed,trn,trn
2007-10-13T02:02:02.730Z,6.788,-73.024,166.6,3.9,mb,15.0,70.5,,0.94,us,usp000fqe9,2014-11-07T01:33:55.262Z,"6 km NW of Cepitá, Colombia",earthquake,,,,1.0,reviewed,us,us
2007-10-11T00:36:53.880Z,10.717,-62.154,89.0,3.3,md,8.0,258.7,,,us,usp000fq9u,2014-11-07T01:33:54.037Z,"22 km NE of Güiria, Venezuela",earthquake,,,,,reviewed,trn,trn
2007-10-08T13:49:29.150Z,6.775,-73.041,168.4,0.0,,6.0,165.5,,0.22,us,usp000fq4g,2014-11-07T01:33:52.111Z,"7 km NE of Jordán, Colombia",earthquake,,10.9,,,reviewed,us,us
2007-10-06T08:11:03.960Z,10.126,-60.415,72.0,3.8,md,12.0,302.8,,,us,usp000fq00,2014-11-07T01:33:51.515Z,"85 km ESE of Rio Claro, Trinidad and Tobago",earthquake,,,,,reviewed,trn,trn
2007-10-05T04:10:41.990Z,6.712,-72.983,167.8,4.2,mb,42.0,70.0,,0.59,us,usp000fpx3,2014-11-07T01:33:50.947Z,"4 km ENE of Aratoca, Colombia",earthquake,,5.2,,26.0,reviewed,us,us
2007-10-05T00:51:32.660Z,11.109,-61.859,38.0,2.9,md,5.0,234.9,,,us,usp000fpwp,2014-11-07T01:33:50.859Z,"56 km NW of Petit Valley, Trinidad and Tobago",earthquake,,,,,reviewed,trn,trn
2007-10-03T16:15:13.190Z,6.755,-72.895,169.4,4.2,mb,19.0,82.8,,0.74,us,usp000fpt6,2014-11-07T01:33:49.880Z,"8 km SW of San Andrés, Colombia",earthquake,,6.6,,3.0,reviewed,us,us
2007-10-03T05:33:44.390Z,11.211,-61.859,35.0,3.0,md,7.0,201.8,,,us,usp000fps6,2014-11-07T01:33:48.861Z,"66 km NNW of Petit Valley, Trinidad and Tobago",earthquake,,,,,reviewed,trn,trn
2007-10-03T05:13:50.500Z,6.8,-73.18,143.7,4.1,m,13.0,160.3,,,us,usp000fps4,2014-11-07T01:33:48.853Z,northern Colombia,earthquake,,,,,reviewed,rsnc,rsnc
2007-10-02T13:59:14.110Z,11.284,-61.522,27.0,3.1,md,10.0,144.9,,,us,usp000fpq5,2014-11-07T01:33:47.961Z,"64 km N of Petit Valley, Trinidad and Tobago",earthquake,,,,,reviewed,trn,trn
2007-09-29T18:13:18.930Z,11.569,-59.992,45.0,3.6,md,10.0,258.2,,,us,usp000fpf8,2014-11-07T01:33:42.156Z,"91 km ENE of Scarborough, Trinidad and Tobago",earthquake,,,,,reviewed,trn,trn
2007-09-29T10:38:57.620Z,10.622,-62.551,5.0,3.1,md,5.0,326.5,,,us,usp000fpe2,2014-11-07T01:33:42.018Z,"28 km W of Güiria, Venezuela",earthquake,,,,,reviewed,trn,trn
2007-09-27T02:09:20.530Z,10.647,-62.553,66.0,3.4,md,7.0,293.0,,,us,usp000fp6e,2014-11-07T01:33:40.746Z,"28 km WNW of Güiria, Venezuela",earthquake,,,,,reviewed,trn,trn
2007-09-25T03:09:57.310Z,10.714,-61.901,52.0,3.4,md,9.0,237.6,,,us,usp000fp2a,2014-11-07T01:33:39.134Z,"38 km W of Petit Valley, Trinidad and Tobago",earthquake,,,,,reviewed,trn,trn
2007-09-24T18:08:09.990Z,10.827,-62.213,77.0,3.2,md,13.0,257.4,,,us,usp000fp1b,2014-11-07T01:33:38.985Z,"29 km NNE of Güiria, Venezuela",earthquake,,,,,reviewed,trn,trn
2007-09-20T03:41:43.750Z,10.849,-62.197,70.0,3.1,md,4.0,327.3,,,us,usp000fnrd,2014-11-07T01:33:37.541Z,"32 km NNE of Güiria, Venezuela",earthquake,,,,,reviewed,trn,trn
2007-09-19T23:35:41.680Z,10.935,-62.253,70.0,3.6,md,8.0,257.6,,,us,usp000fnqy,2014-11-07T01:33:37.484Z,"39 km N of Güiria, Venezuela",earthquake,,,,,reviewed,trn,trn
2007-09-18T06:49:14.410Z,10.611,-61.721,9.0,3.1,md,8.0,202.1,,,us,usp000fnk5,2014-11-07T01:33:36.912Z,"20 km WSW of Mucurapo, Trinidad and Tobago",earthquake,,,,,reviewed,trn,trn
2007-09-17T07:20:02.880Z,10.957,-62.211,65.0,3.2,md,10.0,253.4,,,us,usp000fnh0,2014-11-07T01:33:36.306Z,"43 km NNE of Güiria, Venezuela",earthquake,,,,,reviewed,trn,trn
2007-09-16T22:02:11.280Z,10.808,-61.356,33.0,3.0,md,8.0,93.2,,,us,usp000fnfy,2014-11-07T01:33:36.147Z,"17 km N of Paradise, Trinidad and Tobago",earthquake,,,,,reviewed,trn,trn
2007-09-16T06:06:39.660Z,11.747,-61.78,135.0,4.2,mw,26.0,62.1,,,us,usp000fndx,2014-11-07T01:33:35.870Z,"33 km S of Saint George's, Grenada",earthquake,,,,,reviewed,trn,car
2007-09-14T10:25:35.800Z,10.173,-71.799,14.0,4.0,mw,20.0,75.5,,,us,usp000fn83,2014-11-07T01:33:35.110Z,"45 km WSW of Cabimas, Venezuela",earthquake,,,,,reviewed,car,car
2007-09-13T03:28:22.110Z,10.914,-62.324,79.0,2.9,md,4.0,328.8,,,us,usp000fn3c,2014-11-07T01:33:34.143Z,"37 km N of Güiria, Venezuela",earthquake,,,,,reviewed,trn,trn
2007-09-11T09:12:31.500Z,6.631,-72.941,169.8,4.2,mb,14.0,151.9,,0.73,us,usp000fmwk,2014-11-07T01:33:32.791Z,"11 km SE of Aratoca, Colombia",earthquake,,7.9,,1.0,reviewed,us,us
2007-09-09T06:13:24.450Z,10.475,-62.315,3.0,3.8,md,8.0,280.0,,,us,usp000fmrq,2014-11-07T01:33:31.993Z,"11 km S of Güiria, Venezuela",earthquake,,,,,reviewed,trn,trn
2007-09-09T06:11:51.280Z,10.364,-62.259,3.0,3.8,md,8.0,289.8,,,us,usp000fmrp,2014-11-07T01:33:31.991Z,"23 km S of Güiria, Venezuela",earthquake,,,,,reviewed,trn,trn
2007-09-09T01:49:48.870Z,10.91,-62.87,7.0,3.9,md,5.0,329.4,,,us,usp000fmr4,2014-11-07T01:33:31.890Z,"49 km ENE of Carúpano, Venezuela",earthquake,,,,,reviewed,trn,trn
2007-09-09T00:45:10.300Z,6.681,-72.912,161.9,4.2,mb,34.0,70.8,,0.88,us,usp000fmqz,2014-11-07T01:33:31.876Z,"10 km SE of Cepitá, Colombia",earthquake,,,,5.0,reviewed,us,us
2007-09-08T21:07:43.240Z,10.957,-61.545,52.0,2.9,md,4.0,199.0,,,us,usp000fmqk,2014-11-07T01:33:31.854Z,"28 km N of Petit Valley, Trinidad and Tobago",earthquake,,,,,reviewed,trn,trn
2007-09-08T03:46:20.370Z,10.688,-62.796,93.0,3.9,md,7.0,291.7,,,us,usp000fmp2,2014-11-07T01:33:31.708Z,"50 km E of Carúpano, Venezuela",earthquake,,,,,reviewed,trn,trn
2007-09-05T23:04:58.100Z,10.908,-73.916,0.1,3.1,mw,14.0,175.4,,,us,usp000fmha,2014-11-07T01:33:30.936Z,"37 km ESE of Ciénaga, Colombia",earthquake,,,,,reviewed,car,car
2007-09-05T22:22:57.000Z,10.615,-68.563,2.6,4.2,mw,19.0,77.7,,,us,usp000fmh8,2014-11-07T01:33:30.928Z,"32 km SW of Tucacas, Venezuela",earthquake,,,,,reviewed,car,car
2007-09-05T13:32:30.390Z,10.963,-61.993,77.7,3.0,md,10.0,234.5,,,us,usp000fmg9,2014-11-07T01:33:30.661Z,"54 km NE of Güiria, Venezuela",earthquake,,,,,reviewed,trn,trn
2007-09-05T06:06:40.900Z,10.667,-62.474,3.0,3.1,md,5.0,323.7,,,us,usp000fmfp,2014-11-07T01:33:30.588Z,"21 km WNW of Güiria, Venezuela",earthquake,,,,,reviewed,trn,trn
2007-09-04T19:03:22.590Z,6.826,-73.034,159.0,4.0,mb,13.0,145.9,,1.2,us,usp000fmed,2014-11-07T01:33:30.416Z,"10 km NW of Cepitá, Colombia",earthquake,,9.9,,1.0,reviewed,us,us
2007-09-04T10:50:20.440Z,10.314,-60.964,33.1,3.0,md,7.0,254.5,,,us,usp000fmdm,2014-11-07T01:33:30.350Z,"23 km E of Rio Claro, Trinidad and Tobago",earthquake,,,,,reviewed,trn,trn
2007-08-31T21:38:54.200Z,12.802,-59.799,3.0,3.8,md,5.0,316.5,,,us,usp000fm3j,2014-11-07T01:33:25.097Z,"38 km SSW of Bridgetown, Barbados",earthquake,,,,,reviewed,trn,trn
2007-08-31T05:37:17.800Z,10.85,-62.049,100.4,3.4,md,5.0,268.8,,,us,usp000fm29,2014-11-07T01:33:24.794Z,"40 km NE of Güiria, Venezuela",earthquake,,,,,reviewed,trn,trn
2007-08-30T17:22:54.000Z,10.376,-70.293,5.0,4.0,mw,22.0,60.7,,,us,usp000fm12,2014-11-07T01:33:24.661Z,"32 km NW of Carora, Venezuela",earthquake,,,,,reviewed,car,car
2007-08-30T16:27:25.670Z,12.781,-60.942,80.7,3.4,md,8.0,234.1,,,us,usp000fm0y,2014-11-07T01:33:24.650Z,"40 km SE of Port Elizabeth, Saint Vincent and the Grenadines",earthquake,,,,,reviewed,trn,trn
2007-08-30T12:57:16.520Z,10.404,-62.28,3.0,3.5,md,8.0,283.2,,,us,usp000fm0n,2014-11-07T01:33:24.623Z,"19 km S of Güiria, Venezuela",earthquake,,,,,reviewed,trn,trn
2007-08-28T06:35:23.680Z,11.325,-61.601,25.9,3.0,md,5.0,192.1,,,us,usp000fkvj,2014-11-07T01:33:23.831Z,"69 km N of Petit Valley, Trinidad and Tobago",earthquake,,,,,reviewed,trn,trn
2007-08-27T21:43:30.780Z,10.842,-62.028,97.2,3.0,md,9.0,257.3,,,us,usp000fkuj,2014-11-07T01:33:23.671Z,"41 km NE of Güiria, Venezuela",earthquake,,,,,reviewed,trn,trn
2007-08-25T17:53:54.730Z,10.461,-62.129,3.9,3.6,md,13.0,158.1,,,us,usp000fkpk,2014-11-07T01:33:22.798Z,"22 km SE of Güiria, Venezuela",earthquake,,,,,reviewed,trn,trn
2007-08-25T14:05:35.550Z,6.862,-73.082,164.9,0.0,,8.0,144.1,,0.66,us,usp000fkp7,2014-11-07T01:33:22.738Z,"14 km N of Jordán, Colombia",earthquake,,10.8,,,reviewed,us,us
2007-08-25T10:54:36.050Z,6.837,-73.145,162.4,0.0,,11.0,117.3,,0.94,us,usp000fknr,2014-11-07T01:33:22.701Z,"12 km NNW of Jordán, Colombia",earthquake,,8.4,,,reviewed,us,us
2007-08-24T16:54:40.090Z,10.986,-62.187,106.5,3.3,md,9.0,250.8,,,us,usp000fkkx,2014-11-07T01:33:22.533Z,"46 km NNE of Güiria, Venezuela",earthquake,,,,,reviewed,trn,trn
2007-08-23T20:17:39.500Z,11.087,-61.808,30.5,2.8,md,5.0,272.3,,,us,usp000fkhp,2014-11-07T01:33:22.089Z,"51 km NNW of Petit Valley, Trinidad and Tobago",earthquake,,,,,reviewed,trn,trn
2007-08-23T02:57:08.090Z,6.909,-73.123,161.6,3.6,mb,6.0,142.3,,0.16,us,usp000fkg9,2014-11-07T01:33:21.312Z,"11 km SW of Piedecuesta, Colombia",earthquake,,21.9,,1.0,reviewed,us,us
2007-08-21T22:54:51.170Z,6.744,-72.909,168.4,4.5,mb,95.0,68.7,,0.63,us,usp000fkdc,2014-11-07T01:33:20.894Z,"7 km E of Cepitá, Colombia",earthquake,,4.2,,24.0,reviewed,us,us
2007-08-20T21:31:03.750Z,6.669,-72.922,169.8,4.1,mb,11.0,93.7,,0.53,us,usp000fkb1,2014-11-07T01:33:20.083Z,"11 km ESE of Aratoca, Colombia",earthquake,,7.4,,2.0,reviewed,us,us
2007-08-19T19:04:49.600Z,10.605,-60.886,43.7,3.0,md,5.0,225.5,,,us,usp000fk7h,2014-11-07T01:33:19.469Z,"26 km E of Sangre Grande, Trinidad and Tobago",earthquake,,,,,reviewed,trn,trn
2007-08-19T17:48:38.340Z,10.725,-62.432,68.0,3.1,md,6.0,287.1,,,us,usp000fk7c,2014-11-07T01:33:19.449Z,"21 km NW of Güiria, Venezuela",earthquake,,,,,reviewed,trn,trn
2007-08-19T03:19:13.000Z,11.361,-62.056,113.0,3.5,md,10.0,226.2,,,us,usp000fk5y,2014-11-07T01:33:19.200Z,"83 km SSW of Saint George's, Grenada",earthquake,,,,,reviewed,trn,trn
2007-08-16T16:09:30.000Z,11.028,-62.283,102.1,3.6,md,8.0,207.7,,,us,usp000fjxz,2014-11-07T01:33:17.441Z,"49 km N of Güiria, Venezuela",earthquake,,,,,reviewed,trn,trn
2007-08-16T05:22:44.010Z,6.726,-72.923,171.6,0.0,,8.0,150.3,,0.62,us,usp000fjvc,2014-11-07T01:33:17.059Z,"6 km ESE of Cepitá, Colombia",earthquake,,10.1,,,reviewed,us,us
2007-08-14T13:29:58.800Z,10.973,-61.768,38.2,2.8,md,6.0,188.1,,,us,usp000fjp3,2014-11-07T01:33:15.945Z,"38 km NW of Petit Valley, Trinidad and Tobago",earthquake,,,,,reviewed,trn,trn
2007-08-14T10:51:10.090Z,10.814,-62.279,79.0,3.1,md,6.0,263.1,,,us,usp000fjnu,2014-11-07T01:33:15.924Z,"26 km N of Güiria, Venezuela",earthquake,,,,,reviewed,trn,trn
2007-08-13T22:57:14.770Z,6.681,-72.931,173.8,4.3,mb,12.0,151.1,,0.62,us,usp000fjmf,2014-11-07T01:33:15.737Z,"9 km SSE of Cepitá, Colombia",earthquake,,8.7,,2.0,reviewed,us,us
2007-08-11T17:43:55.190Z,6.611,-72.932,171.2,4.0,mb,15.0,131.6,,1.01,us,usp000fje4,2014-11-07T01:33:14.825Z,"13 km SE of Aratoca, Colombia",earthquake,,9.0,,4.0,reviewed,us,us
2007-08-09T17:02:06.930Z,10.823,-60.05,50.7,3.8,md,9.0,274.0,,,us,usp000fj9a,2014-11-07T01:33:13.768Z,"84 km ESE of Scarborough, Trinidad and Tobago",earthquake,,,,,reviewed,trn,trn
2007-08-08T08:13:38.820Z,10.739,-61.305,14.7,2.8,md,4.0,232.6,,,us,usp000fj5g,2014-11-07T01:33:13.195Z,"11 km NNE of Paradise, Trinidad and Tobago",earthquake,,,,,reviewed,trn,trn
2007-08-08T03:05:56.430Z,10.889,-62.283,71.8,3.7,md,8.0,260.3,,,us,usp000fj50,2014-11-07T01:33:13.144Z,"34 km N of Güiria, Venezuela",earthquake,,,,,reviewed,trn,trn
2007-08-08T01:42:54.860Z,12.274,-59.567,10.0,3.5,md,5.0,313.7,,,us,usp000fj4s,2014-11-07T01:33:13.088Z,"88 km S of Oistins, Barbados",earthquake,,,,,reviewed,trn,trn
2007-08-07T17:40:42.260Z,10.552,-61.924,19.4,2.9,md,6.0,252.5,,,us,usp000fj41,2014-11-07T01:33:12.969Z,"41 km E of Güiria, Venezuela",earthquake,,,,,reviewed,trn,trn
2007-08-07T07:39:24.630Z,6.794,-73.027,168.7,0.0,,7.0,146.7,,0.5,us,usp000fj35,2014-11-07T01:33:12.900Z,"7 km NW of Cepitá, Colombia",earthquake,,12.4,,,reviewed,us,us
2007-08-06T17:00:15.080Z,11.012,-61.846,104.0,3.5,md,5.0,239.3,,,us,usp000fj1m,2014-11-07T01:33:12.686Z,"47 km NW of Petit Valley, Trinidad and Tobago",earthquake,,,,,reviewed,trn,trn
2007-08-06T05:12:51.450Z,10.87,-62.308,48.0,3.8,md,10.0,260.3,,,us,usp000fj06,2014-11-07T01:33:12.536Z,"32 km N of Güiria, Venezuela",earthquake,,,,,reviewed,trn,trn
2007-08-06T02:36:02.050Z,12.921,-60.825,25.0,3.3,md,4.0,268.8,,,us,usp000fhzu,2014-11-07T01:33:12.505Z,"45 km SE of Biabou, Saint Vincent and the Grenadines",earthquake,,,,,reviewed,trn,trn
2007-08-05T22:51:17.590Z,10.974,-62.342,72.0,3.5,md,10.0,258.3,,,us,usp000fhzc,2014-11-07T01:33:12.448Z,"44 km N of Güiria, Venezuela",earthquake,,,,,reviewed,trn,trn
2007-08-02T20:47:22.020Z,10.709,-62.236,54.0,2.6,md,5.0,280.4,,,us,usp000fhr2,2014-11-07T01:33:10.991Z,"16 km NNE of Güiria, Venezuela",earthquake,,,,,reviewed,trn,trn
2007-08-01T08:25:11.810Z,11.503,-62.16,26.0,3.1,md,7.0,243.3,,,us,usp000fhkj,2014-11-07T01:33:08.782Z,"75 km SW of Saint George's, Grenada",earthquake,,,,,reviewed,trn,trn
2007-07-29T22:13:04.700Z,11.321,-61.855,70.0,3.2,md,6.0,202.0,,,us,usp000fhd7,2014-11-07T01:33:05.237Z,"76 km NNW of Petit Valley, Trinidad and Tobago",earthquake,,,,,reviewed,trn,trn
2007-07-29T17:18:42.040Z,6.74,-73.032,160.6,3.8,mb,11.0,166.7,,0.74,us,usp000fhcg,2014-11-07T01:33:05.175Z,"5 km NNW of Aratoca, Colombia",earthquake,,9.1,,1.0,reviewed,us,us
2007-07-29T16:17:41.120Z,6.716,-72.949,158.7,4.3,mb,42.0,70.7,,0.82,us,usp000fhcb,2014-11-07T01:33:05.157Z,"5 km SSE of Cepitá, Colombia",earthquake,,4.1,,8.0,reviewed,us,us
2007-07-29T01:22:03.620Z,11.053,-62.556,13.0,3.3,md,5.0,321.6,,,us,usp000fhb6,2014-11-07T01:33:04.997Z,"59 km NNW of Güiria, Venezuela",earthquake,,,,,reviewed,trn,trn
2007-07-28T21:58:58.650Z,10.087,-62.281,3.0,3.0,md,5.0,304.8,,,us,usp000fhar,2014-11-07T01:33:04.943Z,"54 km S of Güiria, Venezuela",earthquake,,,,,reviewed,trn,trn
2007-07-28T18:44:01.850Z,6.714,-72.936,170.8,0.0,,7.0,170.6,,0.1,us,usp000fha8,2014-11-07T01:33:04.901Z,"6 km SE of Cepitá, Colombia",earthquake,,9.7,,,reviewed,us,us
2007-07-28T05:41:45.380Z,11.149,-62.142,91.0,3.1,md,10.0,241.8,,,us,usp000fh8u,2014-11-07T01:33:04.635Z,"65 km NNE of Güiria, Venezuela",earthquake,,,,,reviewed,trn,trn
2007-07-28T01:56:15.660Z,11.683,-61.694,91.0,3.2,md,9.0,180.5,,,us,usp000fh8f,2014-11-07T01:33:04.610Z,"40 km S of Saint David’s, Grenada",earthquake,,,,,reviewed,trn,trn
2007-07-27T21:26:25.890Z,11.044,-61.947,63.0,2.9,md,8.0,223.1,,,us,usp000fh7q,2014-11-07T01:33:04.484Z,"57 km NW of Petit Valley, Trinidad and Tobago",earthquake,,,,,reviewed,trn,trn
2007-07-24T01:07:18.290Z,11.18,-61.733,22.0,2.5,md,5.0,181.8,,,us,usp000fgz4,2014-11-07T01:33:02.913Z,"56 km NNW of Petit Valley, Trinidad and Tobago",earthquake,,,,,reviewed,trn,trn
2007-07-23T22:40:01.240Z,10.225,-62.389,3.0,3.0,md,5.0,301.5,,,us,usp000fgyt,2014-11-07T01:33:02.881Z,"40 km SSW of Güiria, Venezuela",earthquake,,,,,reviewed,trn,trn
2007-07-23T22:21:28.340Z,10.488,-62.442,7.0,3.2,md,7.0,284.5,,,us,usp000fgyr,2014-11-07T01:33:02.827Z,"18 km WSW of Güiria, Venezuela",earthquake,,,,,reviewed,trn,trn
2007-07-23T22:10:28.790Z,11.07,-61.774,19.0,2.7,md,8.0,189.0,,,us,usp000fgyq,2014-11-07T01:33:02.826Z,"47 km NNW of Petit Valley, Trinidad and Tobago",earthquake,,,,,reviewed,trn,trn
2007-07-23T17:07:46.230Z,11.231,-61.746,51.0,3.0,md,6.0,215.4,,,us,usp000fgy8,2014-11-07T01:33:02.770Z,"62 km NNW of Petit Valley, Trinidad and Tobago",earthquake,,,,,reviewed,trn,trn
2007-07-23T07:12:49.020Z,10.93,-62.505,106.0,3.9,md,9.0,280.3,,,us,usp000fgxb,2014-11-07T01:33:02.657Z,"45 km NNW of Güiria, Venezuela",earthquake,,,,,reviewed,trn,trn
2007-07-23T05:55:46.860Z,6.342,-72.891,189.5,4.4,mb,67.0,52.3,,0.75,us,usp000fgx3,2014-11-07T01:33:02.596Z,"8 km W of Onzaga, Colombia",earthquake,,,,27.0,reviewed,us,us
2007-07-23T05:50:06.820Z,11.669,-61.222,181.0,3.1,md,6.0,169.1,,,us,usp000fgx2,2014-11-07T01:33:02.595Z,"64 km SE of Saint David’s, Grenada",earthquake,,,,,reviewed,trn,trn
2007-07-21T21:55:53.510Z,11.332,-61.505,41.0,2.9,md,4.0,177.9,,,us,usp000fgtu,2014-11-07T01:33:02.137Z,"70 km N of Petit Valley, Trinidad and Tobago",earthquake,,,,,reviewed,trn,trn
2007-07-18T16:22:45.780Z,11.063,-62.22,78.0,3.6,md,11.0,248.8,,,us,usp000fgjj,2014-11-07T01:32:59.923Z,"54 km N of Güiria, Venezuela",earthquake,,,,,reviewed,trn,trn
2007-07-16T22:58:23.390Z,7.182,-72.126,29.5,5.2,mwc,463.0,29.0,,0.78,us,usp000fgd1,2022-07-14T05:44:13.791Z,"19 km N of Cubará, Colombia",earthquake,,,,,reviewed,us,gcmt
2007-07-16T03:39:08.290Z,11.033,-60.704,11.0,4.0,md,24.0,99.7,,,us,usp000fga6,2014-11-07T01:32:58.322Z,"16 km SSE of Scarborough, Trinidad and Tobago",earthquake,,,,,reviewed,trn,trn
2007-07-16T01:32:18.900Z,10.632,-62.354,89.0,4.9,mb,248.0,36.4,,,us,usp000fg9v,2014-11-07T01:32:58.282Z,"8 km NW of Güiria, Venezuela",earthquake,,,,69.0,reviewed,trn,us
2007-07-14T06:14:51.280Z,6.832,-73.092,156.7,3.9,mb,20.0,84.6,,0.92,us,usp000fg4q,2014-11-07T01:32:57.372Z,"10 km N of Jordán, Colombia",earthquake,,7.4,,4.0,reviewed,us,us
2007-07-13T12:34:39.730Z,10.953,-62.806,4.0,3.3,md,5.0,327.9,,,us,usp000fg3e,2014-11-07T01:32:57.176Z,"58 km ENE of Carúpano, Venezuela",earthquake,,,,,reviewed,trn,trn
2007-07-11T08:38:41.540Z,6.714,-73.039,175.8,3.9,mb,26.0,70.7,,0.83,us,usp000ffyz,2014-11-07T01:32:56.439Z,"3 km NW of Aratoca, Colombia",earthquake,,6.8,,6.0,reviewed,us,us
2007-07-08T17:43:29.090Z,6.746,-72.985,156.6,4.7,mb,30.0,70.6,,0.82,us,usp000ffsn,2014-11-07T01:32:55.649Z,"1 km SW of Cepitá, Colombia",earthquake,,,,6.0,reviewed,us,us
2007-07-08T04:29:38.650Z,5.199,-72.707,62.1,4.4,mb,53.0,51.8,,0.71,us,usp000ffqw,2014-11-07T01:32:55.446Z,"6 km ESE of Recetor, Colombia",earthquake,,5.1,,28.0,reviewed,us,us
2007-07-07T18:53:00.490Z,10.431,-62.493,3.0,3.3,md,4.0,338.1,,,us,usp000ffpf,2014-11-07T01:32:55.214Z,"26 km SW of Güiria, Venezuela",earthquake,,,,,reviewed,trn,trn
2007-07-07T05:42:36.050Z,11.171,-61.672,60.0,3.1,md,7.0,171.0,,,us,usp000ffn3,2014-11-07T01:32:55.050Z,"53 km NNW of Petit Valley, Trinidad and Tobago",earthquake,,,,,reviewed,trn,trn
2007-07-06T20:03:39.390Z,10.821,-62.377,46.0,3.1,md,6.0,269.0,,,us,usp000ffmd,2014-11-07T01:32:54.970Z,"28 km NNW of Güiria, Venezuela",earthquake,,,,,reviewed,trn,trn
2007-07-06T19:08:19.580Z,10.048,-72.462,174.6,4.6,mb,39.0,61.7,,0.84,us,usp000ffm9,2014-11-07T01:32:54.957Z,"9 km E of Machiques, Venezuela",earthquake,,4.8,,8.0,reviewed,us,us
2007-07-05T19:33:32.980Z,10.861,-61.414,34.0,2.6,md,7.0,102.1,,,us,usp000ffjc,2014-11-07T01:32:54.708Z,"23 km NE of Petit Valley, Trinidad and Tobago",earthquake,,,,,reviewed,trn,trn
2007-07-05T18:35:30.590Z,10.73,-63.306,5.0,4.2,mb,17.0,153.9,,,us,usp000ffj9,2014-11-07T01:32:54.691Z,"9 km NW of Carúpano, Venezuela",earthquake,,,,5.0,reviewed,trn,us
2007-07-05T16:03:10.180Z,10.236,-62.211,26.0,3.3,md,6.0,291.9,,,us,usp000ffj1,2014-11-07T01:32:54.672Z,"38 km SSE of Güiria, Venezuela",earthquake,,,,,reviewed,trn,trn
2007-07-05T15:31:14.690Z,10.127,-62.302,8.0,3.2,md,6.0,300.0,,,us,usp000ffhz,2014-11-07T01:32:54.665Z,"49 km S of Güiria, Venezuela",earthquake,,,,,reviewed,trn,trn
2007-07-05T14:40:33.330Z,10.31,-61.262,65.0,2.6,md,4.0,224.2,,,us,usp000ffhw,2014-11-07T01:32:54.656Z,"9 km SSE of Tabaquite, Trinidad and Tobago",earthquake,,,,,reviewed,trn,trn
2007-07-05T12:32:47.550Z,10.748,-62.368,64.0,3.0,md,4.0,332.8,,,us,usp000ffhn,2014-11-07T01:32:54.626Z,"20 km NNW of Güiria, Venezuela",earthquake,,,,,reviewed,trn,trn
2007-07-05T05:50:12.560Z,10.827,-62.211,74.0,2.8,md,4.0,328.9,,,us,usp000ffh4,2014-11-07T01:32:54.579Z,"29 km NNE of Güiria, Venezuela",earthquake,,,,,reviewed,trn,trn
2007-07-03T09:18:41.430Z,10.868,-62.054,75.0,3.0,md,7.0,256.8,,,us,usp000ffc1,2014-11-07T01:32:53.344Z,"41 km NE of Güiria, Venezuela",earthquake,,,,,reviewed,trn,trn
2007-07-03T05:52:13.920Z,10.479,-61.089,32.0,2.5,md,4.0,211.4,,,us,usp000ffbf,2014-11-07T01:32:53.102Z,"12 km SSE of Sangre Grande, Trinidad and Tobago",earthquake,,,,,reviewed,trn,trn
2007-06-30T04:15:08.580Z,10.182,-62.921,3.0,3.3,md,8.0,176.5,,,us,usp000ff55,2014-11-07T01:32:47.381Z,"56 km NNE of Maturín, Venezuela",earthquake,,,,,reviewed,trn,trn
2007-06-29T06:41:21.550Z,10.461,-61.652,40.0,3.1,md,6.0,211.2,,,us,usp000ff2r,2014-11-07T01:32:46.980Z,"20 km WNW of Couva, Trinidad and Tobago",earthquake,,,,,reviewed,trn,trn
2007-06-26T20:07:04.990Z,10.864,-62.053,101.0,3.3,md,5.0,268.1,,,us,usp000fexb,2014-11-07T01:32:46.168Z,"41 km NE of Güiria, Venezuela",earthquake,,,,,reviewed,trn,trn
2007-06-25T22:14:49.790Z,10.94,-62.208,102.0,2.9,md,5.0,265.5,,,us,usp000fevw,2014-11-07T01:32:46.038Z,"41 km NNE of Güiria, Venezuela",earthquake,,,,,reviewed,trn,trn
2007-06-25T10:28:47.760Z,10.39,-60.359,47.0,3.2,md,4.0,305.1,,,us,usp000feu8,2014-11-07T01:32:45.857Z,"87 km ESE of Sangre Grande, Trinidad and Tobago",earthquake,,,,,reviewed,trn,trn
2007-06-21T13:34:52.870Z,7.18,-72.209,49.6,4.1,mb,27.0,69.5,,0.84,us,usp000fegb,2014-11-07T01:32:44.602Z,"22 km NNW of Cubará, Colombia",earthquake,,6.4,,3.0,reviewed,us,us
2007-06-20T19:04:06.990Z,7.136,-72.175,23.3,5.2,mwc,351.0,24.5,,0.87,us,usp000fef3,2022-05-02T20:19:58.888Z,"16 km NNW of Cubará, Colombia",earthquake,,,,,reviewed,us,gcmt
2007-06-20T08:14:16.520Z,7.081,-72.055,53.2,4.2,mb,24.0,84.7,,0.72,us,usp000fedu,2014-11-07T01:32:44.068Z,Colombia-Venezuela border region,earthquake,,7.1,,6.0,reviewed,us,us
2007-06-19T23:39:15.480Z,7.182,-72.087,55.5,3.8,md,10.0,89.7,,0.81,us,usp000fecu,2014-11-07T01:32:43.881Z,"19 km N of Cubará, Colombia",earthquake,,10.7,,,reviewed,us,car
2007-06-19T22:27:09.730Z,7.119,-72.057,61.6,3.7,md,10.0,88.1,,0.68,us,usp000fecq,2014-11-07T01:32:43.875Z,Colombia-Venezuela border region,earthquake,,9.0,,,reviewed,us,car
2007-06-15T10:34:18.090Z,6.725,-73.04,156.1,4.4,mb,19.0,82.5,,1.39,us,usp000fe2d,2014-11-07T01:32:42.701Z,"4 km NW of Aratoca, Colombia",earthquake,,,,5.0,reviewed,us,us
2007-06-11T08:05:11.840Z,9.807,-60.44,30.0,0.0,,6.0,290.1,,0.55,us,usp000fdtu,2014-11-07T01:32:41.141Z,"97 km SE of Rio Claro, Trinidad and Tobago",earthquake,,0.0,,,reviewed,us,us
2007-06-10T16:05:49.690Z,6.679,-73.59,129.2,0.0,,6.0,134.2,,0.14,us,usp000fds6,2014-11-07T01:32:40.915Z,"8 km WSW of El Carmen de Chucurí, Colombia",earthquake,,13.9,,,reviewed,us,us
2007-06-08T19:19:50.910Z,6.72,-72.959,163.0,4.4,mb,46.0,68.8,,0.74,us,usp000fdn9,2014-11-07T01:32:40.515Z,"4 km SSE of Cepitá, Colombia",earthquake,,,,19.0,reviewed,us,us
2007-06-08T19:09:29.760Z,6.709,-72.901,169.5,3.8,mb,16.0,74.3,,0.57,us,usp000fdn8,2014-11-07T01:32:40.512Z,"9 km ESE of Cepitá, Colombia",earthquake,,6.7,,3.0,reviewed,us,us
2007-06-07T11:09:28.460Z,6.955,-73.242,160.5,0.0,,6.0,154.3,,1.24,us,usp000fdj8,2014-11-07T01:32:40.035Z,"7 km NE of Betulia, Colombia",earthquake,,10.5,,,reviewed,us,us
2007-06-07T02:44:14.670Z,6.757,-72.983,169.3,3.9,mb,21.0,70.6,,0.66,us,usp000fdhe,2014-11-07T01:32:39.942Z,"0 km WNW of Cepitá, Colombia",earthquake,,6.2,,1.0,reviewed,us,us
2007-06-05T10:04:11.440Z,11.851,-61.805,128.0,3.4,md,13.0,203.2,,,us,usp000fddu,2014-11-07T01:32:39.393Z,"23 km SSW of Saint George's, Grenada",earthquake,,,,,reviewed,trn,trn
2007-06-04T13:53:28.620Z,10.615,-61.21,47.0,2.9,md,5.0,117.0,,,us,usp000fdc2,2014-11-07T01:32:39.017Z,"8 km ESE of Arima, Trinidad and Tobago",earthquake,,,,,reviewed,trn,trn
2007-06-04T09:26:21.630Z,10.793,-62.13,83.0,3.0,md,9.0,253.3,,,us,usp000fdbg,2014-11-07T01:32:38.942Z,"30 km NE of Güiria, Venezuela",earthquake,,,,,reviewed,trn,trn
2007-06-04T05:30:04.230Z,10.995,-62.212,34.0,3.3,md,8.0,252.4,,,us,usp000fdb2,2014-11-07T01:32:38.863Z,"47 km NNE of Güiria, Venezuela",earthquake,,,,,reviewed,trn,trn
2007-06-04T01:59:02.720Z,11.061,-61.982,88.0,3.6,md,7.0,227.5,,,us,usp000fdat,2014-11-07T01:32:38.745Z,"62 km NW of Petit Valley, Trinidad and Tobago",earthquake,,,,,reviewed,trn,trn
2007-06-03T06:50:03.710Z,6.692,-72.914,172.6,0.0,,7.0,151.2,,0.36,us,usp000fd99,2014-11-07T01:32:38.411Z,"9 km SE of Cepitá, Colombia",earthquake,,16.4,,,reviewed,us,us
2007-06-02T07:22:41.220Z,6.905,-73.157,157.4,0.0,,8.0,87.3,,1.24,us,usp000fd6z,2014-11-07T01:32:37.130Z,"13 km E of Betulia, Colombia",earthquake,,11.2,,,reviewed,us,us
2007-06-02T06:53:09.720Z,10.929,-62.356,60.0,3.2,md,8.0,263.8,,,us,usp000fd6v,2014-11-07T01:32:37.113Z,"39 km N of Güiria, Venezuela",earthquake,,,,,reviewed,trn,trn
2007-06-02T03:31:07.780Z,10.764,-62.723,3.0,3.3,md,7.0,286.0,,,us,usp000fd6h,2014-11-07T01:32:36.920Z,"50 km WNW of Güiria, Venezuela",earthquake,,,,,reviewed,trn,trn
2007-05-31T20:52:04.060Z,6.695,-72.911,169.9,0.0,,12.0,139.5,,0.93,us,usp000fd44,2014-11-07T01:32:34.081Z,"9 km SE of Cepitá, Colombia",earthquake,,8.4,,,reviewed,us,us
2007-05-31T12:43:22.390Z,11.199,-62.09,114.0,2.7,md,5.0,237.3,,,us,usp000fd3j,2014-11-07T01:32:34.029Z,"72 km NNE of Güiria, Venezuela",earthquake,,,,,reviewed,trn,trn
2007-05-31T08:51:48.170Z,10.541,-61.541,33.0,3.0,md,5.0,148.4,,,us,usp000fd3d,2014-11-07T01:32:33.933Z,"12 km SSW of Laventille, Trinidad and Tobago",earthquake,,,,,reviewed,trn,trn
2007-05-31T06:35:04.980Z,11.621,-60.2,18.0,3.8,md,13.0,237.5,,,us,usp000fd39,2014-11-07T01:32:33.926Z,"75 km NE of Scarborough, Trinidad and Tobago",earthquake,,,,,reviewed,trn,trn
2007-05-31T04:30:41.960Z,6.711,-72.911,174.7,3.7,mb,17.0,171.4,,0.87,us,usp000fd32,2014-11-07T01:32:33.915Z,"8 km SE of Cepitá, Colombia",earthquake,,9.8,,10.0,reviewed,us,us
2007-05-29T07:42:42.340Z,10.824,-62.323,73.0,3.3,md,6.0,265.6,,,us,usp000fcz5,2014-11-07T01:32:33.262Z,"27 km N of Güiria, Venezuela",earthquake,,,,,reviewed,trn,trn
2007-05-29T04:32:24.690Z,6.738,-73.026,171.1,0.0,,6.0,147.8,,1.14,us,usp000fcyt,2014-11-07T01:32:33.219Z,"4 km N of Aratoca, Colombia",earthquake,,14.2,,,reviewed,us,us
2007-05-28T23:19:36.550Z,11.16,-61.477,26.0,3.5,md,11.0,134.8,,,us,usp000fcy9,2014-11-07T01:32:32.996Z,"51 km N of Petit Valley, Trinidad and Tobago",earthquake,,,,,reviewed,trn,trn
2007-05-28T05:35:26.360Z,10.778,-62.374,78.0,3.1,md,6.0,283.5,,,us,usp000fcwv,2014-11-07T01:32:32.781Z,"23 km NNW of Güiria, Venezuela",earthquake,,,,,reviewed,trn,trn
2007-05-27T11:20:08.910Z,10.66,-62.493,86.0,3.7,md,8.0,287.1,,,us,usp000fcvd,2014-11-07T01:32:32.307Z,"23 km WNW of Güiria, Venezuela",earthquake,,,,,reviewed,trn,trn
2007-05-27T06:49:56.880Z,6.832,-71.862,48.8,4.1,mb,25.0,60.6,,1.1,us,usp000fcv0,2014-11-07T01:32:32.257Z,"10 km WNW of Fortul, Colombia",earthquake,,8.8,,5.0,reviewed,us,us
2007-05-26T23:54:44.130Z,10.913,-59.923,15.0,3.1,md,4.0,321.3,,,us,usp000fcud,2014-11-07T01:32:32.193Z,"93 km ESE of Scarborough, Trinidad and Tobago",earthquake,,,,,reviewed,trn,trn
2007-05-26T16:00:01.970Z,10.72,-62.418,66.0,3.1,md,9.0,273.9,,,us,usp000fctg,2014-11-07T01:32:32.108Z,"20 km NW of Güiria, Venezuela",earthquake,,,,,reviewed,trn,trn
2007-05-25T16:54:33.910Z,11.046,-62.112,35.0,3.1,md,5.0,261.9,,,us,usp000fcqv,2014-11-07T01:32:31.690Z,"55 km NNE of Güiria, Venezuela",earthquake,,,,,reviewed,trn,trn
2007-05-25T08:42:16.430Z,10.34,-62.238,2.0,3.3,md,9.0,169.2,,,us,usp000fcpz,2014-11-07T01:32:31.598Z,"27 km SSE of Güiria, Venezuela",earthquake,,,,,reviewed,trn,trn
2007-05-24T16:23:25.520Z,10.786,-59.897,14.0,4.3,md,9.0,275.7,,,us,usp000fcnj,2014-11-07T01:32:31.440Z,"101 km ESE of Scarborough, Trinidad and Tobago",earthquake,,,,,reviewed,trn,trn
2007-05-24T06:09:48.670Z,6.788,-73.076,164.1,4.7,mb,19.0,74.2,,1.27,us,usp000fcmk,2014-11-07T01:32:31.339Z,"6 km NNE of Jordán, Colombia",earthquake,,8.8,,3.0,reviewed,us,us
2007-05-20T18:49:32.830Z,10.798,-62.395,70.0,3.1,md,8.0,283.8,,,us,usp000fccy,2014-11-07T01:32:30.271Z,"26 km NNW of Güiria, Venezuela",earthquake,,,,,reviewed,trn,trn
2007-05-20T09:24:53.260Z,11.862,-61.687,81.0,3.2,md,6.0,197.9,,,us,usp000fcc4,2014-11-07T01:32:30.161Z,"20 km S of Saint David’s, Grenada",earthquake,,,,,reviewed,trn,trn
2007-05-20T09:06:15.690Z,6.743,-72.925,165.1,4.0,mb,16.0,138.5,,0.78,us,usp000fcc2,2014-11-07T01:32:30.156Z,"5 km ESE of Cepitá, Colombia",earthquake,,12.5,,3.0,reviewed,us,us
2007-05-20T02:19:28.160Z,11.014,-62.179,50.0,3.0,md,4.0,341.4,,,us,usp000fcbd,2014-11-07T01:32:30.100Z,"50 km NNE of Güiria, Venezuela",earthquake,,,,,reviewed,trn,trn
2007-05-20T01:35:25.840Z,12.732,-60.809,14.0,3.0,md,4.0,297.5,,,us,usp000fcbb,2014-11-07T01:32:30.098Z,"55 km ESE of Port Elizabeth, Saint Vincent and the Grenadines",earthquake,,,,,reviewed,trn,trn
2007-05-19T08:55:43.320Z,8.062,-71.954,47.5,4.3,mb,11.0,92.9,,1.18,us,usp000fc9v,2014-11-07T01:32:29.841Z,"33 km E of Colón, Venezuela",earthquake,,14.4,,1.0,reviewed,us,us
2007-05-19T03:06:44.810Z,10.815,-62.37,74.0,2.6,md,6.0,268.8,,,us,usp000fc9f,2014-11-07T01:32:29.774Z,"27 km NNW of Güiria, Venezuela",earthquake,,,,,reviewed,trn,trn
2007-05-16T04:33:00.820Z,10.467,-61.963,43.0,2.9,md,5.0,295.6,,,us,usp000fc2h,2014-11-07T01:32:28.548Z,"38 km ESE of Güiria, Venezuela",earthquake,,,,,reviewed,trn,trn
2007-05-15T15:07:19.960Z,10.69,-62.386,78.0,3.5,md,8.0,286.5,,,us,usp000fc0v,2014-11-07T01:32:28.325Z,"15 km NW of Güiria, Venezuela",earthquake,,,,,reviewed,trn,trn
2007-05-13T17:58:04.770Z,10.775,-62.491,13.0,3.2,md,4.0,334.7,,,us,usp000fbx4,2014-11-07T01:32:27.929Z,"30 km NW of Güiria, Venezuela",earthquake,,,,,reviewed,trn,trn
2007-05-13T07:56:16.680Z,10.812,-61.421,34.0,2.5,md,5.0,168.8,,,us,usp000fbwa,2014-11-07T01:32:27.743Z,"17 km NNW of Tunapuna, Trinidad and Tobago",earthquake,,,,,reviewed,trn,trn
2007-05-13T01:13:03.290Z,10.777,-60.891,22.0,2.9,md,6.0,195.4,,,us,usp000fbvg,2014-11-07T01:32:27.652Z,"33 km NE of Sangre Grande, Trinidad and Tobago",earthquake,,,,,reviewed,trn,trn
2007-05-11T06:42:17.080Z,10.742,-62.346,97.0,3.4,md,10.0,142.5,,,us,usp000fbrf,2014-11-07T01:32:26.727Z,"18 km NNW of Güiria, Venezuela",earthquake,,,,,reviewed,trn,trn
2007-05-11T00:30:48.030Z,11.288,-62.109,108.0,3.3,md,13.0,233.1,,,us,usp000fbqx,2014-11-07T01:32:26.656Z,"81 km NNE of Güiria, Venezuela",earthquake,,,,,reviewed,trn,trn
2007-05-10T19:20:27.330Z,11.313,-61.752,159.0,3.1,md,4.0,277.3,,,us,usp000fbq6,2014-11-07T01:32:26.562Z,"71 km NNW of Petit Valley, Trinidad and Tobago",earthquake,,,,,reviewed,trn,trn
2007-05-09T10:25:21.100Z,9.545,-70.751,4.4,4.9,mw,132.0,25.4,,,us,usp000fbke,2014-11-07T01:32:26.050Z,"29 km NNW of Valera, Venezuela",earthquake,,,,,reviewed,car,car
2007-05-08T20:44:59.910Z,11.59,-61.421,77.0,3.0,md,6.0,158.6,,,us,usp000fbj6,2014-11-07T01:32:25.870Z,"57 km SSE of Saint David’s, Grenada",earthquake,,,,,reviewed,trn,trn
2007-05-08T04:05:56.470Z,11.288,-61.74,21.0,2.7,md,6.0,183.8,,,us,usp000fbgt,2014-11-07T01:32:25.717Z,"68 km NNW of Petit Valley, Trinidad and Tobago",earthquake,,,,,reviewed,trn,trn
2007-05-08T02:13:36.200Z,10.581,-62.469,3.0,3.1,md,6.0,282.1,,,us,usp000fbgk,2014-11-07T01:32:25.705Z,"18 km W of Güiria, Venezuela",earthquake,,,,,reviewed,trn,trn
2007-05-06T19:05:57.630Z,13.212,-61.311,6.0,2.6,md,4.0,270.9,,,us,usp000fbdd,2014-11-07T01:32:25.085Z,"4 km WNW of Layou, Saint Vincent and the Grenadines",earthquake,,,,,reviewed,trn,trn
2007-05-06T04:47:13.680Z,6.705,-72.946,159.7,5.4,mwb,357.0,46.6,,0.84,us,usp000fbc0,2025-12-22T15:22:29.563Z,"6 km SSE of Cepitá, Colombia",earthquake,,2.5,,,reviewed,us,us
2007-05-06T03:15:50.600Z,6.723,-72.921,172.1,3.6,mb,14.0,150.4,,0.45,us,usp000fbbu,2014-11-07T01:32:24.840Z,"6 km ESE of Cepitá, Colombia",earthquake,,8.7,,5.0,reviewed,us,us
2007-05-05T23:10:43.370Z,6.62,-72.826,177.6,4.7,mb,10.0,133.0,,1.22,us,usp000fbb9,2014-11-07T01:32:24.752Z,"6 km SSW of Molagavita, Colombia",earthquake,,10.3,,2.0,reviewed,us,us
2007-05-05T09:27:25.510Z,9.671,-62.695,3.0,4.0,md,9.0,201.8,,,us,usp000fb9r,2014-11-07T01:32:24.550Z,"54 km E of Maturín, Venezuela",earthquake,,,,,reviewed,trn,trn
2007-05-05T03:57:29.500Z,10.437,-62.638,2.9,4.0,mw,23.0,65.1,,,us,usp000fb92,2014-11-07T01:32:24.392Z,"40 km WSW of Güiria, Venezuela",earthquake,,,,,reviewed,car,car
2007-05-04T17:21:41.790Z,9.652,-62.22,4.0,3.3,md,4.0,330.0,,,us,usp000fb83,2014-11-07T01:32:24.253Z,"68 km NNW of Tucupita, Venezuela",earthquake,,,,,reviewed,trn,trn
2007-05-04T16:12:44.370Z,11.374,-61.523,34.0,3.1,md,5.0,158.5,,,us,usp000fb7w,2014-11-07T01:32:24.227Z,"74 km N of Petit Valley, Trinidad and Tobago",earthquake,,,,,reviewed,trn,trn
2007-05-04T12:16:40.000Z,10.894,-62.263,83.0,4.2,mw,36.0,49.4,,,us,usp000fb7e,2014-11-07T01:32:24.153Z,"35 km N of Güiria, Venezuela",earthquake,,,,,reviewed,trn,car
2007-05-03T18:18:52.770Z,10.419,-62.155,7.0,3.9,md,16.0,82.8,,,us,usp000fb5s,2014-11-07T01:32:23.754Z,"23 km SE of Güiria, Venezuela",earthquake,,,,,reviewed,trn,trn
2007-04-30T15:32:52.390Z,11.328,-61.989,17.0,2.5,md,4.0,333.0,,,us,usp000fay4,2014-11-07T01:32:18.669Z,"84 km SSW of Saint George's, Grenada",earthquake,,,,,reviewed,trn,trn
2007-04-30T13:32:15.690Z,10.918,-62.212,96.0,2.8,md,4.0,340.0,,,us,usp000faxv,2014-11-07T01:32:18.642Z,"38 km NNE of Güiria, Venezuela",earthquake,,,,,reviewed,trn,trn
2007-04-29T10:28:55.990Z,11.546,-61.237,34.0,2.8,md,7.0,154.5,,,us,usp000favg,2014-11-07T01:32:18.314Z,"67 km NW of Scarborough, Trinidad and Tobago",earthquake,,,,,reviewed,trn,trn
2007-04-29T03:52:17.910Z,11.077,-60.638,33.0,2.7,md,5.0,258.5,,,us,usp000faux,2014-11-07T01:32:18.260Z,"15 km SE of Scarborough, Trinidad and Tobago",earthquake,,,,,reviewed,trn,trn
2007-04-28T22:56:29.250Z,11.051,-62.127,8.0,3.1,md,5.0,306.5,,,us,usp000fau7,2014-11-07T01:32:18.163Z,"55 km NNE of Güiria, Venezuela",earthquake,,,,,reviewed,trn,trn
2007-04-27T01:30:44.740Z,11.016,-62.285,110.0,3.0,md,7.0,257.1,,,us,usp000fapy,2014-11-07T01:32:17.577Z,"48 km N of Güiria, Venezuela",earthquake,,,,,reviewed,trn,trn
2007-04-25T09:39:15.390Z,10.856,-62.241,97.0,3.2,md,6.0,259.1,,,us,usp000fajj,2014-11-07T01:32:16.207Z,"31 km NNE of Güiria, Venezuela",earthquake,,,,,reviewed,trn,trn
2007-04-22T20:53:02.150Z,10.942,-62.44,88.0,3.3,md,6.0,269.7,,,us,usp000fac4,2014-11-07T01:32:15.356Z,"43 km NNW of Güiria, Venezuela",earthquake,,,,,reviewed,trn,trn
2007-04-22T02:11:07.840Z,6.697,-72.96,171.3,0.0,,7.0,138.5,,0.62,us,usp000faa8,2014-11-07T01:32:15.169Z,"6 km E of Aratoca, Colombia",earthquake,,9.0,,,reviewed,us,us
2007-04-21T14:10:34.080Z,10.491,-62.138,4.0,3.5,md,6.0,271.4,,,us,usp000fa8u,2014-11-07T01:32:14.958Z,"19 km ESE of Güiria, Venezuela",earthquake,,,,,reviewed,trn,trn
2007-04-21T09:47:58.130Z,10.713,-62.593,109.3,4.6,mb,94.0,41.7,,0.96,us,usp000fa8f,2014-11-07T01:32:14.824Z,"35 km WNW of Güiria, Venezuela",earthquake,,,,30.0,reviewed,us,us
2007-04-19T00:46:32.630Z,13.337,-61.255,108.0,3.4,md,5.0,205.7,,,us,usp000fa0q,2014-11-07T01:32:13.367Z,"5 km NNW of Chateaubelair, Saint Vincent and the Grenadines",earthquake,,,,,reviewed,trn,trn
2007-04-17T15:28:14.460Z,10.813,-62.454,90.0,3.1,md,5.0,320.7,,,us,usp000f9xx,2014-11-07T01:32:13.053Z,"31 km NNW of Güiria, Venezuela",earthquake,,,,,reviewed,trn,trn
2007-04-17T03:45:04.200Z,10.878,-63.016,35.0,3.5,md,15.0,146.1,,1.06,us,usp000f9ww,2014-11-07T01:32:12.982Z,"35 km NE of Carúpano, Venezuela",earthquake,,,,,reviewed,us,trn
2007-04-16T13:16:52.860Z,10.887,-62.354,91.0,2.8,md,4.0,331.3,,,us,usp000f9v9,2014-11-07T01:32:12.676Z,"34 km N of Güiria, Venezuela",earthquake,,,,,reviewed,trn,trn
2007-04-16T08:20:54.810Z,13.291,-60.327,42.0,3.4,md,4.0,316.8,,,us,usp000f9ur,2014-11-07T01:32:12.628Z,"74 km W of Speightstown, Barbados",earthquake,,,,,reviewed,trn,trn
2007-04-15T13:23:39.210Z,10.94,-62.211,108.0,2.7,md,4.0,340.4,,,us,usp000f9sw,2014-11-07T01:32:12.374Z,"41 km NNE of Güiria, Venezuela",earthquake,,,,,reviewed,trn,trn
2007-04-14T11:23:13.890Z,6.734,-72.99,172.6,4.2,mb,12.0,137.3,,0.74,us,usp000f9pr,2014-11-07T01:32:11.929Z,"2 km SW of Cepitá, Colombia",earthquake,,7.9,,1.0,reviewed,us,us
2007-04-13T15:02:28.430Z,6.636,-72.907,171.7,4.1,mb,8.0,173.7,,0.62,us,usp000f9mc,2014-11-07T01:32:11.647Z,"11 km WSW of Molagavita, Colombia",earthquake,,9.8,,1.0,reviewed,us,us
2007-04-12T14:58:13.590Z,10.866,-61.929,96.0,3.0,md,6.0,232.3,,,us,usp000f9hj,2014-11-07T01:32:11.112Z,"45 km WNW of Petit Valley, Trinidad and Tobago",earthquake,,,,,reviewed,trn,trn
2007-04-12T11:48:47.420Z,12.541,-60.375,4.0,3.7,md,7.0,280.2,,,us,usp000f9ha,2014-11-07T01:32:11.094Z,"103 km SW of Bridgetown, Barbados",earthquake,,,,,reviewed,trn,trn
2007-04-11T20:38:43.110Z,11.054,-61.801,20.0,3.1,md,6.0,194.7,,,us,usp000f9fe,2014-11-07T01:32:10.408Z,"48 km NW of Petit Valley, Trinidad and Tobago",earthquake,,,,,reviewed,trn,trn
2007-04-11T11:54:09.470Z,10.962,-62.145,35.0,3.2,md,6.0,248.5,,,us,usp000f9eh,2014-11-07T01:32:10.318Z,"45 km NNE of Güiria, Venezuela",earthquake,,,,,reviewed,trn,trn
2007-04-09T12:29:00.100Z,10.338,-62.031,21.0,3.0,md,4.0,305.4,,,us,usp000f95v,2014-11-07T01:32:09.263Z,"39 km SE of Güiria, Venezuela",earthquake,,,,,reviewed,trn,trn
2007-04-09T06:28:41.140Z,10.335,-60.319,71.0,3.3,md,5.0,297.2,,,us,usp000f955,2014-11-07T01:32:09.125Z,"93 km ESE of Sangre Grande, Trinidad and Tobago",earthquake,,,,,reviewed,trn,trn
2007-04-08T13:34:59.780Z,10.965,-61.948,54.0,3.0,md,6.0,229.0,,,us,usp000f92u,2014-11-07T01:32:08.772Z,"52 km NW of Petit Valley, Trinidad and Tobago",earthquake,,,,,reviewed,trn,trn
2007-04-08T07:54:22.480Z,12.404,-60.28,13.7,4.3,md,21.0,152.7,,1.53,us,usp000f924,2014-11-07T01:32:08.663Z,"105 km SW of Bridgetown, Barbados",earthquake,,21.6,,,reviewed,us,trn
2007-04-07T02:20:13.010Z,10.875,-62.022,29.0,3.0,md,4.0,335.7,,,us,usp000f8xw,2014-11-07T01:32:08.032Z,"44 km NE of Güiria, Venezuela",earthquake,,,,,reviewed,trn,trn
2007-04-06T16:30:28.200Z,11.268,-61.643,3.0,3.2,md,4.0,264.6,,,us,usp000f8wp,2014-11-07T01:32:07.848Z,"63 km N of Petit Valley, Trinidad and Tobago",earthquake,,,,,reviewed,trn,trn
2007-04-04T04:23:09.330Z,11.178,-64.915,3.0,4.3,md,9.0,166.3,,,us,usp000f8kn,2014-11-07T01:32:05.776Z,"104 km W of Juan Griego, Venezuela",earthquake,,,,,reviewed,trn,trn
2007-04-03T02:04:12.610Z,6.756,-72.957,168.4,0.0,,5.0,124.2,,0.57,us,usp000f8d4,2014-11-07T01:32:04.263Z,"1 km E of Cepitá, Colombia",earthquake,,11.5,,,reviewed,us,us
2007-04-02T20:27:29.600Z,6.814,-72.961,173.7,4.4,mb,14.0,89.9,,0.61,us,usp000f8bd,2014-11-07T01:32:03.955Z,"6 km NNE of Cepitá, Colombia",earthquake,,6.8,,1.0,reviewed,us,us
2007-04-02T03:24:51.910Z,10.343,-62.222,3.0,3.3,md,4.0,320.7,,,us,usp000f86t,2014-11-07T01:32:03.080Z,"27 km SSE of Güiria, Venezuela",earthquake,,,,,reviewed,trn,trn
2007-04-01T10:12:21.730Z,6.675,-72.982,171.4,4.1,mb,29.0,150.1,,0.71,us,usp000f823,2014-11-07T01:32:01.416Z,"4 km ESE of Aratoca, Colombia",earthquake,,6.2,,12.0,reviewed,us,us
2007-03-31T23:39:52.670Z,10.807,-61.747,13.0,3.4,md,10.0,178.7,,,us,usp000f80w,2014-11-07T01:31:58.635Z,"24 km WNW of Petit Valley, Trinidad and Tobago",earthquake,,,,,reviewed,trn,trn
2007-03-31T03:55:06.610Z,12.114,-61.754,97.0,3.1,md,4.0,243.3,,,us,usp000f7yg,2014-11-07T01:31:58.322Z,"6 km SSW of Gouyave, Grenada",earthquake,,,,,reviewed,trn,trn
2007-03-29T19:19:15.150Z,10.832,-62.165,80.0,3.1,md,6.0,254.4,,,us,usp000f7te,2014-11-07T01:31:57.686Z,"31 km NNE of Güiria, Venezuela",earthquake,,,,,reviewed,trn,trn
2007-03-29T15:50:39.110Z,13.23,-60.96,6.0,3.0,md,4.0,345.3,,,us,usp000f7st,2014-11-07T01:31:57.586Z,"17 km E of Byera Village, Saint Vincent and the Grenadines",earthquake,,,,,reviewed,trn,trn
2007-03-29T09:13:08.490Z,11.225,-61.59,50.0,3.1,md,6.0,158.7,,,us,usp000f7s3,2014-11-07T01:31:57.498Z,"58 km N of Petit Valley, Trinidad and Tobago",earthquake,,,,,reviewed,trn,trn
2007-03-29T06:06:40.150Z,11.344,-61.899,117.0,3.2,md,6.0,208.6,,,us,usp000f7rx,2014-11-07T01:31:57.488Z,"80 km SSW of Saint George's, Grenada",earthquake,,,,,reviewed,trn,trn
2007-03-29T05:17:20.700Z,10.694,-62.479,80.0,3.3,md,6.0,278.5,,,us,usp000f7rt,2014-11-07T01:31:57.448Z,"23 km WNW of Güiria, Venezuela",earthquake,,,,,reviewed,trn,trn
2007-03-28T06:55:09.100Z,8.971,-59.59,35.4,4.0,mw,10.0,266.5,,,us,usp000f7pp,2014-11-07T01:31:57.153Z,"87 km NNE of Mabaruma, Guyana",earthquake,,,,,reviewed,car,car
2007-03-27T16:03:29.910Z,6.672,-72.936,170.6,4.1,mb,9.0,132.1,,0.63,us,usp000f7n5,2014-11-07T01:31:56.929Z,"9 km ESE of Aratoca, Colombia",earthquake,,7.9,,1.0,reviewed,us,us
2007-03-27T02:52:10.400Z,10.42,-62.61,0.1,3.5,md,9.0,164.8,,,us,usp000f7k5,2014-11-07T01:31:56.711Z,"38 km WSW of Güiria, Venezuela",earthquake,,,,,reviewed,car,trn
2007-03-26T22:01:22.530Z,10.615,-62.473,86.0,3.2,md,5.0,292.1,,,us,usp000f7j7,2014-11-07T01:31:56.641Z,"19 km WNW of Güiria, Venezuela",earthquake,,,,,reviewed,trn,trn
2007-03-26T15:14:06.800Z,6.755,-72.953,167.9,0.0,,5.0,168.9,,0.15,us,usp000f7h0,2014-11-07T01:31:56.230Z,"2 km E of Cepitá, Colombia",earthquake,,12.4,,,reviewed,us,us
2007-03-26T06:36:19.250Z,6.67,-72.84,177.2,4.3,mb,8.0,174.9,,0.66,us,usp000f7fq,2014-11-07T01:31:56.065Z,"3 km W of Molagavita, Colombia",earthquake,,10.3,,1.0,reviewed,us,us
2007-03-26T00:40:31.580Z,6.625,-72.867,178.8,3.8,mb,8.0,175.3,,1.09,us,usp000f7es,2014-11-07T01:31:55.937Z,"8 km SW of Molagavita, Colombia",earthquake,,19.4,,1.0,reviewed,us,us
2007-03-25T04:42:25.390Z,6.723,-73.023,157.7,4.8,mb,166.0,46.5,,0.74,us,usp000f7by,2014-11-07T01:31:55.559Z,"3 km N of Aratoca, Colombia",earthquake,,4.2,,70.0,reviewed,us,us
2007-03-24T11:29:42.930Z,11.119,-61.857,32.0,2.8,md,4.0,280.0,,,us,usp000f79v,2014-11-07T01:31:55.213Z,"57 km NW of Petit Valley, Trinidad and Tobago",earthquake,,,,,reviewed,trn,trn
2007-03-24T05:54:39.170Z,7.207,-72.007,36.9,4.3,mw,145.0,43.4,,0.82,us,usp000f79d,2014-11-07T01:31:55.149Z,"24 km NNE of Cubará, Colombia",earthquake,,3.6,,,reviewed,us,car
2007-03-23T16:34:53.650Z,6.793,-73.033,161.6,4.1,mb,30.0,66.9,,0.92,us,usp000f783,2014-11-07T01:31:54.931Z,"7 km WNW of Cepitá, Colombia",earthquake,,,,12.0,reviewed,us,us
2007-03-23T15:27:25.380Z,10.466,-61.405,31.0,3.1,md,6.0,110.1,,,us,usp000f781,2014-11-07T01:31:54.912Z,"5 km SSE of Chaguanas, Trinidad and Tobago",earthquake,,,,,reviewed,trn,trn
2007-03-23T08:29:08.610Z,10.474,-62.04,12.0,3.9,md,18.0,53.4,,,us,usp000f77k,2014-11-07T01:31:54.882Z,"30 km ESE of Güiria, Venezuela",earthquake,,,,,reviewed,trn,trn
2007-03-22T12:56:58.100Z,12.149,-70.176,13.1,3.9,mw,69.0,41.9,,,us,usp000f760,2014-11-07T01:31:54.694Z,"50 km N of Punto Fijo, Venezuela",earthquake,,,,,reviewed,car,car
2007-03-21T17:34:20.010Z,6.801,-72.991,164.8,0.0,,6.0,166.4,,0.33,us,usp000f748,2014-11-07T01:31:54.407Z,northern Colombia,earthquake,,11.0,,,reviewed,us,us
2007-03-21T00:13:23.330Z,10.474,-62.621,0.0,3.4,md,5.0,291.6,,,us,usp000f737,2014-11-07T01:31:54.313Z,"37 km WSW of Güiria, Venezuela",earthquake,,,,,reviewed,trn,trn
2007-03-20T23:27:35.620Z,10.532,-62.531,2.0,3.7,md,24.0,75.6,,,us,usp000f735,2014-11-07T01:31:54.308Z,"25 km W of Güiria, Venezuela",earthquake,,,,,reviewed,trn,trn
2007-03-18T01:22:22.130Z,11.877,-60.329,22.0,3.6,md,18.0,227.3,,,us,usp000f6wt,2014-11-07T01:31:53.307Z,"88 km NNE of Scarborough, Trinidad and Tobago",earthquake,,,,,reviewed,trn,trn
2007-03-16T18:03:19.580Z,6.704,-72.834,178.1,4.5,mb,17.0,107.8,,1.35,us,usp000f6up,2014-11-07T01:31:53.020Z,"4 km NW of Molagavita, Colombia",earthquake,,10.2,,5.0,reviewed,us,us
2007-03-15T16:13:45.820Z,6.686,-72.966,174.0,0.0,,9.0,170.4,,0.98,us,usp000f6s9,2014-11-07T01:31:52.782Z,"5 km E of Aratoca, Colombia",earthquake,,11.0,,,reviewed,us,us
2007-03-14T18:36:09.620Z,10.447,-62.386,4.0,3.7,md,8.0,284.4,,,us,usp000f6qk,2014-11-07T01:31:52.523Z,"17 km SSW of Güiria, Venezuela",earthquake,,,,,reviewed,trn,trn
2007-03-14T16:42:49.460Z,10.368,-62.406,3.0,4.1,md,34.0,72.5,,,us,usp000f6q9,2014-11-07T01:31:52.506Z,"25 km SSW of Güiria, Venezuela",earthquake,,,,,reviewed,trn,trn
2007-03-13T19:18:29.660Z,7.11,-72.885,179.3,4.1,mb,29.0,99.6,,0.97,us,usp000f6nk,2014-11-07T01:31:52.300Z,"13 km N of Santa Bárbara, Colombia",earthquake,,,,8.0,reviewed,us,us
2007-03-13T17:19:51.250Z,11.045,-61.198,27.0,3.0,md,6.0,100.1,,,us,usp000f6ne,2014-11-07T01:31:52.285Z,"46 km NNE of Arima, Trinidad and Tobago",earthquake,,,,,reviewed,trn,trn
2007-03-13T11:18:55.860Z,6.719,-72.969,166.8,0.0,,9.0,149.5,,0.82,us,usp000f6mv,2014-11-07T01:31:52.224Z,"3 km S of Cepitá, Colombia",earthquake,,9.2,,,reviewed,us,us
2007-03-12T23:23:51.600Z,10.848,-62.152,69.8,4.5,mw,105.0,26.7,,,us,usp000f6kf,2014-11-07T01:31:52.007Z,"33 km NNE of Güiria, Venezuela",earthquake,,,,,reviewed,car,car
2007-03-12T05:31:46.960Z,5.324,-73.761,156.2,4.1,mb,14.0,73.4,,0.93,us,usp000f6j0,2014-11-07T01:31:51.666Z,"5 km WNW of Lenguazaque, Colombia",earthquake,,6.7,,3.0,reviewed,us,us
2007-03-11T23:09:29.090Z,10.64,-61.624,3.0,2.5,md,4.0,153.8,,,us,usp000f6hp,2014-11-07T01:31:51.615Z,"9 km WSW of Mucurapo, Trinidad and Tobago",earthquake,,,,,reviewed,trn,trn
2007-03-11T22:25:53.450Z,7.667,-72.778,182.9,3.8,mb,23.0,75.2,,0.65,us,usp000f6hn,2014-11-07T01:31:51.612Z,"3 km NE of Arboledas, Colombia",earthquake,,5.8,,4.0,reviewed,us,us
2007-03-11T20:34:40.710Z,6.759,-72.903,171.6,4.2,mb,39.0,67.1,,0.79,us,usp000f6hb,2014-11-07T01:31:51.579Z,"7 km E of Cepitá, Colombia",earthquake,,5.6,,7.0,reviewed,us,us
2007-03-11T17:46:40.190Z,13.209,-61.298,6.0,2.5,md,4.0,260.6,,,us,usp000f6h2,2014-11-07T01:31:51.559Z,"3 km WNW of Layou, Saint Vincent and the Grenadines",earthquake,,,,,reviewed,trn,trn
2007-03-11T06:18:27.510Z,11.47,-61.464,16.0,2.8,md,5.0,168.5,,,us,usp000f6g2,2014-11-07T01:31:51.401Z,"67 km SSE of Saint David’s, Grenada",earthquake,,,,,reviewed,trn,trn
2007-03-10T01:12:17.880Z,6.73,-72.948,169.5,3.7,mb,8.0,169.7,,0.3,us,usp000f6dj,2014-11-07T01:31:50.888Z,"3 km SE of Cepitá, Colombia",earthquake,,9.5,,1.0,reviewed,us,us
2007-03-09T04:28:00.290Z,11.215,-61.766,34.0,2.8,md,5.0,187.7,,,us,usp000f6c2,2014-11-07T01:31:50.422Z,"61 km NNW of Petit Valley, Trinidad and Tobago",earthquake,,,,,reviewed,trn,trn
2007-03-08T15:40:11.580Z,6.844,-73.039,163.1,3.9,mb,13.0,163.7,,1.38,us,usp000f6b9,2014-11-07T01:31:50.114Z,"12 km NW of Cepitá, Colombia",earthquake,,11.4,,3.0,reviewed,us,us
2007-03-08T11:32:05.540Z,11.371,-61.699,10.0,2.7,md,6.0,180.7,,,us,usp000f6b1,2014-11-07T01:31:50.062Z,"75 km S of Saint David’s, Grenada",earthquake,,,,,reviewed,trn,trn
2007-03-05T00:49:43.080Z,13.071,-60.746,107.0,3.7,md,9.0,215.9,,,us,usp000f63r,2014-11-07T01:31:48.829Z,"44 km ESE of Biabou, Saint Vincent and the Grenadines",earthquake,,,,,reviewed,trn,trn
2007-03-04T11:31:03.540Z,10.669,-63.23,3.0,3.4,md,5.0,336.6,,,us,usp000f62c,2014-11-07T01:31:48.574Z,"2 km E of Carúpano, Venezuela",earthquake,,,,,reviewed,trn,trn
2007-03-02T00:41:44.810Z,10.487,-62.294,2.0,3.2,md,6.0,279.0,,,us,usp000f5x8,2014-11-07T01:31:47.309Z,"9 km S of Güiria, Venezuela",earthquake,,,,,reviewed,trn,trn
2007-02-27T15:30:39.200Z,10.635,-62.492,83.0,3.8,md,8.0,151.4,,,us,usp000f5sa,2014-11-07T01:31:42.915Z,"22 km WNW of Güiria, Venezuela",earthquake,,,,,reviewed,trn,trn
2007-02-27T13:25:48.460Z,10.783,-62.54,78.0,4.4,mw,25.0,73.9,,,us,usp000f5s4,2014-11-07T01:31:42.899Z,"34 km NW of Güiria, Venezuela",earthquake,,,,,reviewed,trn,car
2007-02-27T12:53:31.730Z,10.949,-62.07,76.0,3.0,md,6.0,249.5,,,us,usp000f5s2,2014-11-07T01:31:42.896Z,"48 km NNE of Güiria, Venezuela",earthquake,,,,,reviewed,trn,trn
2007-02-27T08:38:56.100Z,6.69,-72.887,172.6,0.0,,13.0,140.0,,0.48,us,usp000f5rq,2014-11-07T01:31:42.857Z,"8 km WNW of Molagavita, Colombia",earthquake,,6.6,,,reviewed,us,us
2007-02-27T02:46:40.100Z,10.855,-61.433,33.0,3.4,md,8.0,106.7,,,us,usp000f5r2,2014-11-07T01:31:42.773Z,"21 km NE of Petit Valley, Trinidad and Tobago",earthquake,,,,,reviewed,trn,trn
2007-02-25T18:56:05.570Z,13.205,-61.299,9.0,2.6,md,4.0,262.3,,,us,usp000f5mr,2014-11-07T01:31:42.228Z,"3 km W of Layou, Saint Vincent and the Grenadines",earthquake,,,,,reviewed,trn,trn
2007-02-25T01:56:28.080Z,7.046,-73.329,140.5,4.1,mb,10.0,135.1,,0.54,us,usp000f5jz,2014-11-07T01:31:41.950Z,"14 km WSW of Lebrija, Colombia",earthquake,,10.1,,2.0,reviewed,us,us
2007-02-23T19:53:38.100Z,10.896,-61.416,33.0,2.5,md,4.0,186.1,,,us,usp000f5fr,2014-11-07T01:31:41.130Z,Trinidad,earthquake,,,,,reviewed,trn,trn
2007-02-23T14:48:20.000Z,10.821,-61.671,49.2,4.9,mb,173.0,33.6,,1.49,us,usp000f5fk,2022-07-14T07:41:57.475Z,"19 km NW of Petit Valley, Trinidad and Tobago",earthquake,,,,49.0,reviewed,us,us
2007-02-22T18:22:26.980Z,11.058,-61.621,5.0,2.5,md,4.0,241.3,,,us,usp000f5ds,2014-11-07T01:31:40.918Z,"40 km NNW of Petit Valley, Trinidad and Tobago",earthquake,,,,,reviewed,trn,trn
2007-02-20T22:16:43.120Z,10.649,-61.747,43.0,3.0,md,5.0,214.4,,,us,usp000f58x,2014-11-07T01:31:40.379Z,"22 km WSW of Petit Valley, Trinidad and Tobago",earthquake,,,,,reviewed,trn,trn
2007-02-19T01:01:41.930Z,10.41,-62.254,5.0,3.3,md,6.0,281.8,,,us,usp000f54e,2014-11-07T01:31:39.704Z,"19 km SSE of Güiria, Venezuela",earthquake,,,,,reviewed,trn,trn
2007-02-18T01:12:39.630Z,11.321,-61.718,5.0,2.7,md,8.0,180.6,,,us,usp000f52c,2014-11-07T01:31:39.359Z,"71 km NNW of Petit Valley, Trinidad and Tobago",earthquake,,,,,reviewed,trn,trn
2007-02-15T21:26:04.120Z,10.84,-62.482,85.0,3.3,md,6.0,274.4,,,us,usp000f4xt,2014-11-07T01:31:38.230Z,"35 km NW of Güiria, Venezuela",earthquake,,,,,reviewed,trn,trn
2007-02-15T02:15:07.810Z,9.939,-62.034,23.0,3.1,md,5.0,316.2,,,us,usp000f4wg,2014-11-07T01:31:38.068Z,"46 km SW of Point Fortin, Trinidad and Tobago",earthquake,,,,,reviewed,trn,trn
2007-02-13T14:05:48.170Z,10.558,-61.015,34.0,3.0,md,5.0,194.3,,,us,usp000f4te,2014-11-07T01:31:37.348Z,"12 km ESE of Sangre Grande, Trinidad and Tobago",earthquake,,,,,reviewed,trn,trn
2007-02-11T06:15:56.100Z,10.425,-62.165,3.0,3.4,md,7.0,252.2,,,us,usp000f4nk,2014-11-07T01:31:36.471Z,"22 km SE of Güiria, Venezuela",earthquake,,,,,reviewed,trn,trn
2007-02-10T16:23:26.510Z,11.827,-60.919,33.0,3.4,md,8.0,288.1,,,us,usp000f4mr,2014-11-07T01:31:36.338Z,"74 km NNW of Scarborough, Trinidad and Tobago",earthquake,,,,,reviewed,trn,trn
2007-02-09T14:46:26.630Z,10.398,-62.325,3.0,3.3,md,4.0,336.2,,,us,usp000f4jr,2014-11-07T01:31:36.000Z,"20 km S of Güiria, Venezuela",earthquake,,,,,reviewed,trn,trn
2007-02-09T09:07:48.880Z,6.895,-72.802,150.1,4.1,mb,14.0,74.0,,0.51,us,usp000f4je,2014-11-07T01:31:35.974Z,"6 km ENE of Guaca, Colombia",earthquake,,18.5,,5.0,reviewed,us,us
2007-02-09T08:38:33.850Z,10.837,-61.406,31.0,2.7,md,6.0,101.4,,,us,usp000f4j8,2014-11-07T01:31:35.955Z,"20 km N of Tunapuna, Trinidad and Tobago",earthquake,,,,,reviewed,trn,trn
2007-02-08T18:20:59.870Z,11.683,-61.822,138.0,3.3,md,11.0,202.1,,,us,usp000f4gz,2014-11-07T01:31:35.817Z,"41 km S of Saint George's, Grenada",earthquake,,,,,reviewed,trn,trn
2007-02-08T12:53:25.700Z,9.144,-63.444,4.5,3.8,mb,33.0,62.5,,,us,usp000f4gc,2014-11-07T01:31:35.677Z,"72 km SSW of Maturín, Venezuela",earthquake,,,,1.0,reviewed,car,us
2007-02-07T09:35:24.190Z,10.762,-62.326,43.0,3.0,md,5.0,282.6,,,us,usp000f4e2,2014-11-07T01:31:35.317Z,"20 km N of Güiria, Venezuela",earthquake,,,,,reviewed,trn,trn
2007-02-07T03:03:47.480Z,10.364,-62.224,3.0,3.1,md,6.0,283.7,,,us,usp000f4dp,2014-11-07T01:31:35.283Z,"24 km SSE of Güiria, Venezuela",earthquake,,,,,reviewed,trn,trn
2007-02-04T09:10:46.690Z,10.283,-60.328,62.0,3.5,md,5.0,298.0,,,us,usp000f48p,2014-11-07T01:31:34.100Z,"92 km E of Rio Claro, Trinidad and Tobago",earthquake,,,,,reviewed,trn,trn
2007-02-03T21:13:42.460Z,11.081,-69.326,12.9,4.5,mb,14.0,105.5,,0.8,us,usp000f47s,2014-11-07T01:31:33.916Z,"52 km SE of Coro, Venezuela",earthquake,,24.1,,2.0,reviewed,us,us
2007-02-03T05:31:08.010Z,11.127,-61.621,24.0,3.0,md,8.0,160.9,,,us,usp000f46c,2014-11-07T01:31:33.340Z,Windward Islands,earthquake,,,,,reviewed,trn,trn
2007-02-02T01:11:28.740Z,11.845,-61.776,95.0,3.2,md,8.0,200.4,,,us,usp000f445,2014-11-07T01:31:32.445Z,"23 km S of Saint George's, Grenada",earthquake,,,,,reviewed,trn,trn
2007-02-01T15:19:44.920Z,6.547,-73.402,127.9,4.1,mb,20.0,88.9,,0.86,us,usp000f43c,2014-11-07T01:31:32.220Z,"10 km W of Hato, Colombia",earthquake,,8.6,,6.0,reviewed,us,us
2007-02-01T03:02:57.350Z,10.513,-62.825,3.0,3.7,md,6.0,296.7,,,us,usp000f42d,2014-11-07T01:31:31.389Z,"49 km ESE of Carúpano, Venezuela",earthquake,,,,,reviewed,trn,trn
2007-01-31T07:17:32.590Z,6.723,-72.965,165.1,3.9,mb,10.0,86.7,,0.88,us,usp000f40e,2014-11-07T01:31:29.448Z,"3 km SSE of Cepitá, Colombia",earthquake,,11.3,,1.0,reviewed,us,us
2007-01-30T00:31:44.050Z,10.371,-62.752,3.0,3.1,md,5.0,334.9,,,us,usp000f3x8,2014-11-07T01:31:28.986Z,"54 km WSW of Güiria, Venezuela",earthquake,,,,,reviewed,trn,trn
2007-01-29T07:47:41.680Z,4.602,-72.607,436.5,5.3,mwc,393.0,33.0,,0.77,us,usp000f3vu,2025-12-22T14:59:39.486Z,"17 km SSW of Ubalá, Colombia",earthquake,,,,,reviewed,us,gcmt
2007-01-29T00:53:44.400Z,10.924,-62.102,92.0,3.5,md,15.0,240.4,,,us,usp000f3uz,2014-11-07T01:31:28.582Z,"43 km NNE of Güiria, Venezuela",earthquake,,,,,reviewed,trn,trn
2007-01-27T16:09:57.550Z,11.857,-61.091,24.3,3.8,md,13.0,153.8,,0.63,us,usp000f3rv,2014-11-07T01:31:28.262Z,"65 km ESE of Grenville, Grenada",earthquake,,9.6,,,reviewed,us,trn
2007-01-26T03:46:04.030Z,10.825,-61.442,34.5,2.5,md,6.0,103.4,,,us,usp000f3mh,2014-11-07T01:31:27.533Z,"18 km NE of Petit Valley, Trinidad and Tobago",earthquake,,,,,reviewed,trn,trn
2007-01-25T08:39:18.030Z,11.036,-62.551,3.0,3.3,md,4.0,345.4,,,us,usp000f3j6,2014-11-07T01:31:27.231Z,"57 km NNW of Güiria, Venezuela",earthquake,,,,,reviewed,trn,trn
2007-01-23T23:31:14.810Z,6.766,-72.907,166.2,4.4,mb,18.0,74.4,,0.71,us,usp000f3f1,2014-11-07T01:31:26.925Z,"7 km E of Cepitá, Colombia",earthquake,,7.5,,2.0,reviewed,us,us
2007-01-22T07:37:45.810Z,10.867,-62.34,74.2,3.2,md,5.0,316.2,,,us,usp000f39g,2014-11-07T01:31:26.293Z,"32 km N of Güiria, Venezuela",earthquake,,,,,reviewed,trn,trn
2007-01-22T02:48:31.940Z,12.988,-60.993,94.6,3.6,md,8.0,193.0,,,us,usp000f38s,2014-11-07T01:31:26.212Z,"26 km E of Port Elizabeth, Saint Vincent and the Grenadines",earthquake,,,,,reviewed,trn,trn
2007-01-22T00:35:14.290Z,11.761,-61.123,29.6,3.7,md,24.0,84.7,,,us,usp000f38a,2014-11-07T01:31:26.171Z,"67 km ESE of Saint David’s, Grenada",earthquake,,,,,reviewed,trn,trn
2007-01-16T03:44:07.990Z,6.73,-73.051,182.6,4.1,mb,25.0,74.1,,1.28,us,usp000f2rd,2014-11-07T01:31:23.490Z,"4 km E of Jordán, Colombia",earthquake,,9.2,,3.0,reviewed,us,us
2007-01-15T09:44:14.810Z,6.727,-72.889,173.3,0.0,,7.0,237.5,,0.33,us,usp000f2p0,2014-11-07T01:31:23.140Z,"9 km ESE of Cepitá, Colombia",earthquake,,30.6,,,reviewed,us,us
2007-01-12T09:52:07.150Z,6.711,-72.995,171.9,4.0,mb,14.0,120.5,,0.7,us,usp000f292,2014-11-07T01:31:21.119Z,"3 km NE of Aratoca, Colombia",earthquake,,9.2,,5.0,reviewed,us,us
2007-01-11T21:17:56.780Z,6.812,-72.919,160.1,3.6,mb,8.0,188.3,,0.68,us,usp000f27q,2014-11-07T01:31:21.011Z,"7 km W of San Andrés, Colombia",earthquake,,23.4,,1.0,reviewed,us,us
2007-01-09T12:35:42.650Z,10.855,-62.653,110.6,0.0,,7.0,138.3,,0.95,us,usp000f21g,2014-11-07T01:31:20.243Z,"49 km NW of Güiria, Venezuela",earthquake,,9.8,,,reviewed,us,us
2007-01-07T18:45:35.180Z,6.674,-72.916,174.5,4.3,mb,9.0,139.7,,0.63,us,usp000f1wt,2014-11-07T01:31:19.666Z,"10 km SE of Cepitá, Colombia",earthquake,,15.2,,2.0,reviewed,us,us
2007-01-02T19:49:01.080Z,4.93,-72.795,59.8,4.2,mb,9.0,76.7,,0.53,us,usp000f1k8,2014-11-07T01:31:17.209Z,"11 km SSW of Tauramena, Colombia",earthquake,,10.5,,2.0,reviewed,us,us
2006-12-31T05:34:32.600Z,8.732,-61.681,4.6,4.4,mw,63.0,95.9,,,us,usp000f1dg,2014-11-07T01:31:13.545Z,"54 km SE of Tucupita, Venezuela",earthquake,,,,,reviewed,car,car
2006-12-30T20:28:17.200Z,10.452,-62.297,2.2,3.3,md,5.0,324.7,,,us,usp000f1c1,2014-11-07T01:31:13.392Z,"13 km S of Güiria, Venezuela",earthquake,,,,,reviewed,trn,trn
2006-12-27T05:41:45.190Z,10.903,-61.704,29.8,2.9,md,13.0,168.7,,,us,usp000f13s,2014-11-07T01:31:12.230Z,"28 km NW of Petit Valley, Trinidad and Tobago",earthquake,,,,,reviewed,trn,trn
2006-12-27T03:29:37.260Z,10.688,-62.448,59.6,3.0,md,4.0,334.7,,,us,usp000f13e,2014-11-07T01:31:12.197Z,"20 km NW of Güiria, Venezuela",earthquake,,,,,reviewed,trn,trn
2006-12-26T21:07:12.010Z,11.327,-61.439,24.8,3.0,md,6.0,139.1,,,us,usp000f12p,2014-11-07T01:31:12.090Z,"70 km N of Petit Valley, Trinidad and Tobago",earthquake,,,,,reviewed,trn,trn
2006-12-25T20:37:46.110Z,6.701,-72.997,167.0,3.7,mb,10.0,149.2,,0.87,us,usp000f0zq,2014-11-07T01:31:11.532Z,"2 km ENE of Aratoca, Colombia",earthquake,,10.6,,1.0,reviewed,us,us
2006-12-24T18:51:31.970Z,7.366,-72.907,164.8,0.0,,5.0,153.7,,0.37,us,usp000f0xb,2014-11-07T01:31:11.240Z,"4 km ENE of California, Colombia",earthquake,,15.4,,,reviewed,us,us
2006-12-24T18:39:28.930Z,10.838,-61.393,34.0,2.6,md,4.0,249.2,,,us,usp000f0xa,2014-11-07T01:31:11.238Z,"20 km N of Tunapuna, Trinidad and Tobago",earthquake,,,,,reviewed,trn,trn
2006-12-24T17:54:10.660Z,6.743,-72.94,166.6,3.7,mb,7.0,169.6,,0.82,us,usp000f0x3,2014-11-07T01:31:11.229Z,"4 km ESE of Cepitá, Colombia",earthquake,,11.6,,1.0,reviewed,us,us
2006-12-18T20:52:30.820Z,6.702,-72.949,172.3,0.0,,9.0,138.6,,0.57,us,usp000f0h2,2014-11-07T01:31:09.822Z,"6 km SSE of Cepitá, Colombia",earthquake,,8.3,,,reviewed,us,us
2006-12-18T18:51:20.170Z,6.804,-73.107,159.2,0.0,,13.0,84.7,,0.89,us,usp000f0gp,2014-11-07T01:31:09.786Z,"7 km N of Jordán, Colombia",earthquake,,7.4,,,reviewed,us,us
2006-12-17T15:10:38.270Z,6.823,-73.112,159.8,3.6,mb,10.0,117.9,,1.0,us,usp000f0e1,2014-11-07T01:31:09.461Z,"10 km N of Jordán, Colombia",earthquake,,8.7,,2.0,reviewed,us,us
2006-12-17T12:14:25.900Z,6.737,-72.954,171.7,0.0,,7.0,169.4,,0.13,us,usp000f0ds,2014-11-07T01:31:09.202Z,northern Colombia,earthquake,,9.8,,,reviewed,us,us
2006-12-16T20:19:16.060Z,11.293,-62.343,155.0,3.7,md,18.0,106.2,,,us,usp000f0c4,2014-11-07T01:31:08.992Z,"79 km N of Güiria, Venezuela",earthquake,,,,,reviewed,trn,trn
2006-12-15T16:52:09.050Z,11.046,-62.058,109.0,3.1,md,6.0,238.8,,,us,usp000f096,2014-11-07T01:31:08.587Z,"58 km NNE of Güiria, Venezuela",earthquake,,,,,reviewed,trn,trn
2006-12-14T00:00:07.340Z,10.947,-62.052,99.0,2.9,md,5.0,247.4,,,us,usp000f05s,2014-11-07T01:31:08.177Z,"48 km NNE of Güiria, Venezuela",earthquake,,,,,reviewed,trn,trn
2006-12-12T12:46:25.420Z,6.747,-72.988,170.3,0.0,,7.0,168.0,,0.36,us,usp000f02r,2014-11-07T01:31:07.712Z,"1 km WSW of Cepitá, Colombia",earthquake,,12.7,,,reviewed,us,us
2006-12-10T21:55:58.950Z,10.287,-62.318,3.0,2.9,md,5.0,325.8,,,us,usp000ezzj,2014-11-07T01:31:06.938Z,"32 km S of Güiria, Venezuela",earthquake,,,,,reviewed,trn,trn
2006-12-10T12:40:56.600Z,11.076,-61.71,54.0,2.9,md,4.0,176.1,,,us,usp000ezyt,2014-11-07T01:31:06.858Z,"45 km NNW of Petit Valley, Trinidad and Tobago",earthquake,,,,,reviewed,trn,trn
2006-12-08T06:21:18.020Z,10.839,-61.149,33.0,3.0,md,6.0,120.5,,,us,usp000ezsc,2014-11-07T01:31:06.093Z,"26 km NNE of Arima, Trinidad and Tobago",earthquake,,,,,reviewed,trn,trn
2006-12-07T18:55:44.340Z,10.873,-61.391,30.9,2.5,md,4.0,113.5,,,us,usp000ezr8,2014-11-07T01:31:05.896Z,"24 km N of Tunapuna, Trinidad and Tobago",earthquake,,,,,reviewed,trn,trn
2006-12-04T08:01:39.080Z,10.466,-61.534,59.0,2.5,md,4.0,165.7,,,us,usp000ezfz,2014-11-07T01:31:04.878Z,"8 km WNW of Couva, Trinidad and Tobago",earthquake,,,,,reviewed,trn,trn
2006-12-04T04:39:13.240Z,5.634,-73.752,143.5,3.7,mb,7.0,153.8,,1.38,us,usp000ezfr,2014-11-07T01:31:04.852Z,"7 km SSE of Saboyá, Colombia",earthquake,,19.5,,1.0,reviewed,us,us
2006-12-04T02:52:43.770Z,10.629,-61.659,35.0,3.8,md,24.0,76.0,,,us,usp000ezfh,2014-11-07T01:31:04.827Z,"13 km WSW of Mucurapo, Trinidad and Tobago",earthquake,,,,,reviewed,trn,trn
2006-12-03T14:52:16.430Z,10.556,-61.11,32.0,2.8,md,5.0,121.9,,,us,usp000ezep,2014-11-07T01:31:04.581Z,"4 km SSE of Sangre Grande, Trinidad and Tobago",earthquake,,,,,reviewed,trn,trn
2006-12-02T20:27:48.510Z,10.883,-62.042,80.0,3.8,md,7.0,242.3,,,us,usp000ezcq,2014-11-07T01:31:04.005Z,"43 km NE of Güiria, Venezuela",earthquake,,,,,reviewed,trn,trn
2006-12-02T14:08:21.100Z,6.698,-72.976,167.0,4.3,mb,15.0,81.0,,0.71,us,usp000ezc8,2014-11-07T01:31:03.917Z,northern Colombia,earthquake,,7.0,,5.0,reviewed,us,us
2006-12-02T08:06:35.630Z,10.404,-59.322,10.0,4.9,mb,142.0,167.9,,,us,usp000ezbf,2014-11-07T01:31:03.512Z,"176 km ESE of Scarborough, Trinidad and Tobago",earthquake,,,,63.0,reviewed,trn,us
2006-12-01T15:57:31.910Z,6.726,-72.931,157.8,4.9,mb,204.0,39.0,,0.81,us,usp000eza2,2014-11-07T01:31:02.601Z,"5 km ESE of Cepitá, Colombia",earthquake,,,,97.0,reviewed,us,us
2006-11-30T22:40:52.930Z,10.679,-61.994,12.0,3.5,md,6.0,248.6,,,us,usp000ez8n,2014-11-07T01:30:59.616Z,Trinidad,earthquake,,,,,reviewed,trn,trn
2006-11-30T00:45:08.040Z,6.504,-73.399,135.9,3.1,mb,6.0,99.1,,0.32,us,usp000ez6e,2014-11-07T01:30:59.275Z,"9 km NW of Simacota, Colombia",earthquake,,10.2,,1.0,reviewed,us,us
2006-11-29T08:06:37.340Z,6.708,-72.942,175.1,0.0,,14.0,138.7,,0.69,us,usp000ez4g,2014-11-07T01:30:58.958Z,"6 km SE of Cepitá, Colombia",earthquake,,6.6,,,reviewed,us,us
2006-11-28T14:17:33.560Z,6.269,-72.391,174.5,0.0,,5.0,199.1,,0.03,us,usp000ez1p,2014-11-07T01:30:58.342Z,"12 km NE of Chita, Colombia",earthquake,,9.7,,,reviewed,us,us
2006-11-28T08:47:22.710Z,13.184,-60.361,34.0,3.3,md,9.0,277.3,,,us,usp000ez18,2014-11-07T01:30:58.279Z,"78 km W of Speightstown, Barbados",earthquake,,,,,reviewed,trn,trn
2006-11-26T19:55:03.500Z,6.747,-72.968,168.7,4.2,mb,28.0,70.6,,0.56,us,usp000eyxg,2014-11-07T01:30:57.777Z,"1 km SE of Cepitá, Colombia",earthquake,,5.2,,4.0,reviewed,us,us
2006-11-26T15:36:55.010Z,6.806,-73.064,167.6,3.3,mb,8.0,98.7,,0.84,us,usp000eyx0,2014-11-07T01:30:57.235Z,"8 km NNE of Jordán, Colombia",earthquake,,9.6,,1.0,reviewed,us,us
2006-11-25T10:07:17.100Z,10.278,-62.334,3.0,3.1,md,6.0,292.0,,,us,usp000eyt1,2014-11-07T01:30:56.878Z,"33 km S of Güiria, Venezuela",earthquake,,,,,reviewed,trn,trn
2006-11-24T13:20:01.230Z,6.665,-72.886,177.3,0.0,,10.0,173.5,,0.73,us,usp000eyq4,2014-11-07T01:30:56.482Z,"8 km W of Molagavita, Colombia",earthquake,,9.7,,,reviewed,us,us
2006-11-22T13:27:19.400Z,11.081,-61.717,14.0,3.0,md,5.0,258.2,,,us,usp000eyj5,2014-11-07T01:30:55.754Z,"46 km NNW of Petit Valley, Trinidad and Tobago",earthquake,,,,,reviewed,trn,trn
2006-11-22T10:49:58.120Z,10.405,-62.316,6.0,3.2,md,6.0,284.4,,,us,usp000eyhx,2014-11-07T01:30:55.653Z,near the coast of Venezuela,earthquake,,,,,reviewed,trn,trn
2006-11-22T04:10:09.700Z,10.818,-62.161,90.0,2.9,md,4.0,327.8,,,us,usp000eyh1,2014-11-07T01:30:55.535Z,"30 km NNE of Güiria, Venezuela",earthquake,,,,,reviewed,trn,trn
2006-11-22T02:48:10.010Z,11.21,-61.718,29.0,3.0,md,8.0,179.5,,,us,usp000eygu,2014-11-07T01:30:55.518Z,"59 km NNW of Petit Valley, Trinidad and Tobago",earthquake,,,,,reviewed,trn,trn
2006-11-21T11:39:09.980Z,10.684,-61.687,17.0,2.7,md,5.0,139.5,,,us,usp000eyf3,2014-11-07T01:30:55.341Z,"15 km W of Petit Valley, Trinidad and Tobago",earthquake,,,,,reviewed,trn,trn
2006-11-21T10:29:58.990Z,6.75,-72.976,167.5,4.2,mb,16.0,80.8,,0.86,us,usp000eyf0,2014-11-07T01:30:55.333Z,"0 km SSW of Cepitá, Colombia",earthquake,,7.7,,2.0,reviewed,us,us
2006-11-20T10:55:26.300Z,11.528,-62.249,127.0,3.5,md,6.0,253.0,,,us,usp000eybw,2014-11-07T01:30:54.597Z,"79 km SW of Saint George's, Grenada",earthquake,,,,,reviewed,trn,trn
2006-11-19T00:40:31.760Z,10.449,-62.508,63.0,3.4,md,7.0,297.0,,,us,usp000ey73,2014-11-07T01:30:53.925Z,"26 km WSW of Güiria, Venezuela",earthquake,,,,,reviewed,trn,trn
2006-11-18T13:26:11.680Z,11.004,-61.504,21.0,2.5,md,4.0,147.8,,,us,usp000ey54,2014-11-07T01:30:53.552Z,"33 km N of Petit Valley, Trinidad and Tobago",earthquake,,,,,reviewed,trn,trn
2006-11-18T12:23:58.510Z,10.82,-61.325,27.0,2.7,md,8.0,92.3,,,us,usp000ey51,2014-11-07T01:30:53.536Z,"18 km NNE of Paradise, Trinidad and Tobago",earthquake,,,,,reviewed,trn,trn
2006-11-18T06:21:44.680Z,10.281,-62.326,9.0,3.2,md,6.0,291.7,,,us,usp000ey42,2014-11-07T01:30:53.408Z,"32 km S of Güiria, Venezuela",earthquake,,,,,reviewed,trn,trn
2006-11-17T08:33:36.300Z,11.488,-62.123,117.5,4.5,mw,98.0,25.0,,,us,usp000exzq,2014-11-07T01:30:52.718Z,"74 km SSW of Saint George's, Grenada",earthquake,,,,,reviewed,car,car
2006-11-15T20:25:51.160Z,10.77,-62.686,96.8,4.9,mb,216.0,40.4,,0.95,us,usp000exmr,2014-11-07T01:30:50.342Z,"47 km WNW of Güiria, Venezuela",earthquake,,,,87.0,reviewed,us,us
2006-11-15T13:40:51.680Z,11.075,-62.417,95.0,3.3,md,6.0,266.1,,,us,usp000exgy,2014-11-07T01:30:49.815Z,"56 km NNW of Güiria, Venezuela",earthquake,,,,,reviewed,trn,trn
2006-11-14T12:07:56.430Z,10.139,-60.609,72.0,3.2,md,5.0,305.3,,,us,usp000exct,2014-11-07T01:30:48.999Z,"64 km ESE of Rio Claro, Trinidad and Tobago",earthquake,,,,,reviewed,trn,trn
2006-11-11T23:34:07.890Z,10.956,-62.259,86.0,3.2,md,6.0,257.5,,,us,usp000ex6g,2014-11-07T01:30:48.154Z,"42 km N of Güiria, Venezuela",earthquake,,,,,reviewed,trn,trn
2006-11-11T20:36:23.740Z,11.432,-64.816,27.0,4.1,mb,21.0,67.9,,,us,usp000ex64,2014-11-07T01:30:48.116Z,"100 km WNW of Juan Griego, Venezuela",earthquake,,,,1.0,reviewed,trn,us
2006-11-10T04:56:13.120Z,6.8,-73.046,166.4,3.7,mb,11.0,80.3,,0.64,us,usp000ex26,2014-11-07T01:30:47.417Z,"9 km NE of Jordán, Colombia",earthquake,,7.7,,1.0,reviewed,us,us
2006-11-08T17:12:05.670Z,10.615,-62.359,82.0,3.0,md,6.0,275.7,,,us,usp000ewwv,2014-11-07T01:30:46.815Z,"7 km WNW of Güiria, Venezuela",earthquake,,,,,reviewed,trn,trn
2006-11-07T14:41:24.110Z,10.74,-62.386,72.0,3.2,md,9.0,271.5,,,us,usp000ewts,2014-11-07T01:30:46.303Z,"20 km NNW of Güiria, Venezuela",earthquake,,,,,reviewed,trn,trn
2006-11-06T04:17:50.630Z,10.996,-62.446,96.0,4.0,mb,45.0,45.3,,,us,usp000ewqr,2014-11-07T01:30:45.808Z,"49 km NNW of Güiria, Venezuela",earthquake,,,,6.0,reviewed,trn,us
2006-11-04T19:06:48.180Z,13.096,-60.608,15.0,3.1,md,6.0,296.0,,,us,usp000ewmt,2014-11-07T01:30:45.306Z,"58 km ESE of Byera Village, Saint Vincent and the Grenadines",earthquake,,,,,reviewed,trn,trn
2006-11-04T18:42:10.410Z,10.803,-62.257,86.0,3.5,md,10.0,242.1,,,us,usp000ewmn,2014-11-07T01:30:45.262Z,near the coast of Venezuela,earthquake,,,,,reviewed,trn,trn
2006-11-03T06:32:51.810Z,10.904,-62.203,78.0,3.0,md,6.0,254.8,,,us,usp000ewhn,2014-11-07T01:30:44.613Z,"37 km NNE of Güiria, Venezuela",earthquake,,,,,reviewed,trn,trn
2006-10-30T05:25:58.130Z,6.829,-73.06,162.4,3.5,mb,9.0,98.7,,0.47,us,usp000ew9w,2014-11-07T01:30:39.132Z,"11 km NNE of Jordán, Colombia",earthquake,,9.8,,1.0,reviewed,us,us
2006-10-29T17:17:36.430Z,11.078,-62.245,59.0,3.1,md,6.0,253.9,,,us,usp000ew8n,2014-11-07T01:30:38.747Z,"55 km N of Güiria, Venezuela",earthquake,,,,,reviewed,trn,trn
2006-10-29T16:03:04.270Z,10.808,-61.412,37.0,3.2,md,12.0,97.9,,,us,usp000ew8g,2014-11-07T01:30:38.736Z,"17 km N of Tunapuna, Trinidad and Tobago",earthquake,,,,,reviewed,trn,trn
2006-10-29T01:55:57.460Z,11.565,-62.281,133.0,4.2,mb,36.0,49.9,,,us,usp000ew75,2014-11-07T01:30:38.565Z,"78 km SW of Saint George's, Grenada",earthquake,,,,7.0,reviewed,trn,us
2006-10-28T13:31:54.100Z,11.42,-69.6,14.9,4.0,md,12.0,136.7,,,us,usp000ew6a,2014-11-07T01:30:38.480Z,"8 km ENE of Coro, Venezuela",earthquake,,,,,reviewed,car,car
2006-10-27T18:30:14.590Z,6.752,-72.983,165.7,3.6,mb,18.0,70.6,,0.63,us,usp000ew50,2014-11-07T01:30:38.338Z,"0 km WSW of Cepitá, Colombia",earthquake,,6.1,,2.0,reviewed,us,us
2006-10-27T16:17:18.530Z,10.923,-62.156,51.0,3.2,md,9.0,250.3,,,us,usp000ew4v,2014-11-07T01:30:38.308Z,"41 km NNE of Güiria, Venezuela",earthquake,,,,,reviewed,trn,trn
2006-10-25T06:29:56.400Z,10.639,-61.611,14.0,2.9,md,5.0,138.7,,,us,usp000evzp,2014-11-07T01:30:37.748Z,"8 km WSW of Mucurapo, Trinidad and Tobago",earthquake,,,,,reviewed,trn,trn
2006-10-25T05:03:41.170Z,11.16,-61.144,23.0,3.5,md,9.0,107.9,,,us,usp000evzf,2014-11-07T01:30:37.704Z,"44 km W of Scarborough, Trinidad and Tobago",earthquake,,,,,reviewed,trn,trn
2006-10-24T03:51:31.500Z,10.988,-61.398,7.0,2.6,md,5.0,117.2,,,us,usp000evwk,2014-11-07T01:30:37.439Z,"35 km NNE of Petit Valley, Trinidad and Tobago",earthquake,,,,,reviewed,trn,trn
2006-10-23T19:50:23.040Z,10.839,-62.552,97.0,3.2,md,8.0,210.7,,,us,usp000evvn,2014-11-07T01:30:37.264Z,"40 km NW of Güiria, Venezuela",earthquake,,,,,reviewed,trn,trn
2006-10-22T01:31:50.130Z,5.192,-72.595,35.0,3.9,mb,6.0,128.7,,0.61,us,usp000evrm,2014-11-07T01:30:36.861Z,"5 km WNW of Aguazul, Colombia",earthquake,,,,1.0,reviewed,us,us
2006-10-21T16:10:16.670Z,10.903,-61.385,25.0,2.5,md,6.0,107.3,,,us,usp000evqh,2014-11-07T01:30:36.735Z,"27 km N of Tunapuna, Trinidad and Tobago",earthquake,,,,,reviewed,trn,trn
2006-10-21T08:22:07.170Z,10.697,-62.466,108.0,3.6,md,9.0,191.3,,,us,usp000evph,2014-11-07T01:30:36.638Z,"22 km NW of Güiria, Venezuela",earthquake,,,,,reviewed,trn,trn
2006-10-20T22:58:37.920Z,10.933,-62.2,66.0,3.2,md,6.0,253.7,,,us,usp000evn2,2014-11-07T01:30:36.495Z,"40 km NNE of Güiria, Venezuela",earthquake,,,,,reviewed,trn,trn
2006-10-19T01:55:47.780Z,10.892,-59.711,13.0,3.5,md,12.0,282.5,,,us,usp000evgc,2014-11-07T01:30:35.525Z,"116 km ESE of Scarborough, Trinidad and Tobago",earthquake,,,,,reviewed,trn,trn
2006-10-18T15:40:07.210Z,10.803,-61.448,42.0,2.7,md,12.0,100.6,,,us,usp000evfc,2014-11-07T01:30:35.419Z,"15 km NE of Petit Valley, Trinidad and Tobago",earthquake,,,,,reviewed,trn,trn
2006-10-18T13:57:42.210Z,6.793,-73.05,157.3,4.1,mb,22.0,114.3,,0.82,us,usp000evf6,2014-11-07T01:30:35.405Z,"8 km NE of Jordán, Colombia",earthquake,,5.1,,6.0,reviewed,us,us
2006-10-18T05:24:28.420Z,10.928,-62.116,70.0,3.0,md,6.0,247.0,,,us,usp000evem,2014-11-07T01:30:35.320Z,"43 km NNE of Güiria, Venezuela",earthquake,,,,,reviewed,trn,trn
2006-10-17T20:31:15.090Z,10.637,-62.667,84.0,3.1,md,7.0,287.2,,,us,usp000evdw,2014-11-07T01:30:35.213Z,"40 km W of Güiria, Venezuela",earthquake,,,,,reviewed,trn,trn
2006-10-17T14:48:31.230Z,11.565,-61.173,34.0,3.3,md,7.0,134.7,,,us,usp000evdc,2014-11-07T01:30:35.167Z,Windward Islands,earthquake,,,,,reviewed,trn,trn
2006-10-17T11:51:24.640Z,6.625,-72.85,181.5,0.0,,7.0,175.8,,1.03,us,usp000evd2,2014-11-07T01:30:35.119Z,northern Colombia,earthquake,,11.0,,,reviewed,us,us
2006-10-15T22:44:11.410Z,11.434,-61.395,59.0,3.4,md,13.0,134.5,,,us,usp000ev9r,2014-11-07T01:30:34.519Z,"74 km SSE of Saint David’s, Grenada",earthquake,,,,,reviewed,trn,trn
2006-10-15T19:07:06.100Z,12.881,-60.735,9.0,3.3,md,6.0,276.8,,,us,usp000ev9c,2014-11-07T01:30:34.490Z,"55 km SE of Biabou, Saint Vincent and the Grenadines",earthquake,,,,,reviewed,trn,trn
2006-10-15T00:23:43.520Z,10.781,-61.436,42.0,2.5,md,6.0,95.8,,,us,usp000ev7e,2014-11-07T01:30:34.241Z,"15 km NE of Petit Valley, Trinidad and Tobago",earthquake,,,,,reviewed,trn,trn
2006-10-14T12:18:25.880Z,12.908,-61.895,9.0,2.9,md,4.0,255.7,,,us,usp000ev66,2014-11-07T01:30:33.948Z,"66 km NW of Hillsborough, Grenada",earthquake,,,,,reviewed,trn,trn
2006-10-13T08:04:05.210Z,10.854,-61.419,30.0,2.6,md,4.0,177.7,,,us,usp000ev3w,2014-11-07T01:30:33.642Z,"22 km NE of Petit Valley, Trinidad and Tobago",earthquake,,,,,reviewed,trn,trn
2006-10-12T21:34:00.020Z,6.799,-72.991,163.6,3.9,mb,12.0,82.8,,0.89,us,usp000ev27,2014-11-07T01:30:33.398Z,"5 km NNW of Cepitá, Colombia",earthquake,,8.4,,2.0,reviewed,us,us
2006-10-12T16:00:04.870Z,12.185,-60.948,22.0,3.6,md,13.0,182.3,,,us,usp000ev0x,2014-11-07T01:30:33.178Z,"64 km ESE of Hillsborough, Grenada",earthquake,,,,,reviewed,trn,trn
2006-10-12T08:41:10.280Z,11.126,-61.833,45.0,2.6,md,4.0,199.7,,,us,usp000ev06,2014-11-07T01:30:33.067Z,"56 km NNW of Petit Valley, Trinidad and Tobago",earthquake,,,,,reviewed,trn,trn
2006-10-12T04:24:41.290Z,10.741,-61.414,38.0,2.6,md,6.0,87.7,,,us,usp000euzd,2014-11-07T01:30:32.839Z,"10 km NNW of Tunapuna, Trinidad and Tobago",earthquake,,,,,reviewed,trn,trn
2006-10-10T22:18:32.970Z,12.58,-60.494,33.0,3.3,md,5.0,292.5,,,us,usp000euwj,2014-11-07T01:30:32.041Z,"93 km ESE of Port Elizabeth, Saint Vincent and the Grenadines",earthquake,,,,,reviewed,trn,trn
2006-10-10T06:24:35.630Z,10.335,-62.168,21.0,2.8,md,5.0,317.2,,,us,usp000euv9,2014-11-07T01:30:31.904Z,"30 km SSE of Güiria, Venezuela",earthquake,,,,,reviewed,trn,trn
2006-10-09T06:18:09.000Z,10.838,-62.27,91.0,3.2,md,4.0,277.9,,,us,usp000eurr,2014-11-07T01:30:31.464Z,"29 km N of Güiria, Venezuela",earthquake,,,,,reviewed,trn,trn
2006-10-08T22:26:05.190Z,10.775,-61.443,41.0,2.9,md,5.0,170.2,,,us,usp000euqz,2014-11-07T01:30:31.384Z,"14 km NE of Petit Valley, Trinidad and Tobago",earthquake,,,,,reviewed,trn,trn
2006-10-08T08:52:53.790Z,10.783,-61.404,34.0,2.7,md,5.0,163.9,,,us,usp000eups,2014-11-07T01:30:31.158Z,"14 km N of Tunapuna, Trinidad and Tobago",earthquake,,,,,reviewed,trn,trn
2006-10-08T04:00:31.760Z,6.705,-72.959,167.7,4.1,mb,48.0,70.0,,0.77,us,usp000eupd,2014-11-07T01:30:31.124Z,"5 km SSE of Cepitá, Colombia",earthquake,,5.5,,24.0,reviewed,us,us
2006-10-06T10:45:31.870Z,10.799,-61.396,45.0,2.6,md,6.0,95.2,,,us,usp000euk5,2014-11-07T01:30:30.700Z,"16 km N of Tunapuna, Trinidad and Tobago",earthquake,,,,,reviewed,trn,trn
2006-10-06T04:12:55.640Z,11.524,-61.443,12.0,3.2,md,10.0,141.0,,,us,usp000eujf,2014-11-07T01:30:30.589Z,"63 km SSE of Saint David’s, Grenada",earthquake,,,,,reviewed,trn,trn
2006-10-05T22:43:43.490Z,6.707,-72.941,169.9,3.4,mb,9.0,77.2,,1.18,us,usp000euj1,2014-11-07T01:30:30.563Z,"6 km SE of Cepitá, Colombia",earthquake,,10.4,,1.0,reviewed,us,us
2006-10-04T09:53:30.220Z,10.826,-61.431,31.0,2.7,md,4.0,238.6,,,us,usp000eufv,2014-11-07T01:30:30.278Z,"18 km NE of Petit Valley, Trinidad and Tobago",earthquake,,,,,reviewed,trn,trn
2006-10-03T09:31:40.000Z,11.3,-61.689,17.0,3.3,md,10.0,175.8,,,us,usp000eudm,2014-11-07T01:30:29.787Z,"68 km NNW of Petit Valley, Trinidad and Tobago",earthquake,,,,,reviewed,trn,trn
2006-10-02T13:41:24.020Z,10.778,-61.461,37.0,3.0,md,7.0,97.5,,,us,usp000eubg,2014-11-07T01:30:29.138Z,"12 km NE of Petit Valley, Trinidad and Tobago",earthquake,,,,,reviewed,trn,trn
2006-10-02T11:29:30.000Z,10.862,-62.213,109.0,3.0,md,4.0,277.5,,,us,usp000eub7,2014-11-07T01:30:29.107Z,"32 km NNE of Güiria, Venezuela",earthquake,,,,,reviewed,trn,trn
2006-10-02T00:54:39.920Z,10.918,-62.317,77.0,3.2,md,12.0,258.9,,,us,usp000eua2,2014-11-07T01:30:28.719Z,"37 km N of Güiria, Venezuela",earthquake,,,,,reviewed,trn,trn
2006-10-01T23:54:00.770Z,10.8,-61.432,37.0,2.8,md,5.0,98.5,,,us,usp000eu9v,2014-11-07T01:30:28.689Z,"16 km NE of Petit Valley, Trinidad and Tobago",earthquake,,,,,reviewed,trn,trn
2006-10-01T11:07:04.010Z,10.871,-61.401,26.0,2.5,md,8.0,105.3,,,us,usp000eu7y,2014-11-07T01:30:28.075Z,"24 km N of Tunapuna, Trinidad and Tobago",earthquake,,,,,reviewed,trn,trn
2006-10-01T06:21:17.760Z,12.383,-59.154,35.0,3.9,md,5.0,296.1,,,us,usp000eu74,2014-11-07T01:30:27.503Z,"86 km SSE of Crane, Barbados",earthquake,,,,,reviewed,trn,trn
2006-10-01T03:33:55.030Z,10.506,-62.849,4.0,3.4,md,7.0,297.6,,,us,usp000eu6x,2014-11-07T01:30:27.164Z,near the coast of Venezuela,earthquake,,,,,reviewed,trn,trn
2006-10-01T03:00:22.580Z,10.839,-61.428,35.0,3.2,md,9.0,104.0,,,us,usp000eu6t,2014-11-07T01:30:27.064Z,"20 km NE of Petit Valley, Trinidad and Tobago",earthquake,,,,,reviewed,trn,trn
2006-09-30T05:37:15.120Z,6.792,-72.938,161.2,4.4,mb,90.0,47.5,,0.64,us,usp000eu45,2014-11-07T01:30:21.401Z,"5 km NE of Cepitá, Colombia",earthquake,,4.6,,47.0,reviewed,us,us
2006-09-29T18:23:05.940Z,10.814,-61.758,52.0,5.5,mwb,359.0,71.6,,1.1,us,usp000eu32,2022-07-14T09:46:38.083Z,"26 km WNW of Petit Valley, Trinidad and Tobago",earthquake,,,,,reviewed,us,us
2006-09-29T14:13:45.590Z,10.763,-61.806,35.0,3.6,md,7.0,170.9,,1.01,us,usp000eu2s,2014-11-07T01:30:20.759Z,"29 km WNW of Petit Valley, Trinidad and Tobago",earthquake,,,,,reviewed,us,car
2006-09-29T13:08:26.160Z,10.876,-61.756,53.0,6.1,mwc,603.0,29.5,,0.92,us,usp000eu2n,2022-07-14T09:48:23.607Z,"30 km NW of Petit Valley, Trinidad and Tobago",earthquake,,,,,reviewed,us,gcmt
2006-09-28T15:25:48.660Z,12.037,-61.021,20.0,3.1,md,7.0,285.3,,,us,usp000eu0g,2014-11-07T01:30:19.799Z,"66 km E of Grenville, Grenada",earthquake,,,,,reviewed,trn,trn
2006-09-28T06:37:58.530Z,11.028,-62.268,89.0,3.0,md,10.0,201.1,,,us,usp000etzh,2014-11-07T01:30:19.668Z,"49 km N of Güiria, Venezuela",earthquake,,,,,reviewed,trn,trn
2006-09-28T03:41:19.730Z,10.157,-62.393,2.0,3.2,md,6.0,299.6,,,us,usp000etz8,2014-11-07T01:30:19.047Z,"47 km SSW of Güiria, Venezuela",earthquake,,,,,reviewed,trn,trn
2006-09-27T21:34:32.260Z,11.001,-61.014,19.0,3.1,md,9.0,125.4,,,us,usp000etyd,2014-11-07T01:30:17.505Z,"36 km WSW of Scarborough, Trinidad and Tobago",earthquake,,,,,reviewed,trn,trn
2006-09-26T03:35:35.650Z,6.809,-72.979,169.9,4.1,mb,18.0,82.8,,0.67,us,usp000etuc,2014-11-07T01:30:16.838Z,"6 km N of Cepitá, Colombia",earthquake,,6.3,,1.0,reviewed,us,us
2006-09-25T04:15:55.620Z,11.193,-61.018,15.0,2.8,md,7.0,124.8,,,us,usp000ets5,2014-11-07T01:30:16.526Z,"30 km W of Scarborough, Trinidad and Tobago",earthquake,,,,,reviewed,trn,trn
2006-09-24T21:40:08.720Z,10.501,-61.496,23.0,3.3,md,8.0,141.3,,,us,usp000etrg,2014-11-07T01:30:16.415Z,"8 km WSW of Chaguanas, Trinidad and Tobago",earthquake,,,,,reviewed,trn,trn
2006-09-24T04:01:39.580Z,6.49,-73.429,135.3,3.5,mb,9.0,83.4,,0.77,us,usp000etq8,2014-11-07T01:30:16.287Z,"11 km WNW of Simacota, Colombia",earthquake,,9.3,,1.0,reviewed,us,us
2006-09-24T00:50:20.530Z,10.867,-62.404,28.0,4.3,mb,32.0,61.8,,,us,usp000etpm,2014-11-07T01:30:16.223Z,"34 km NNW of Güiria, Venezuela",earthquake,,,,4.0,reviewed,trn,us
2006-09-23T18:16:33.840Z,11.1,-62.103,62.0,2.7,md,6.0,243.0,,,us,usp000etp2,2014-11-07T01:30:16.168Z,"61 km NNE of Güiria, Venezuela",earthquake,,,,,reviewed,trn,trn
2006-09-23T08:42:29.720Z,10.392,-61.808,16.0,3.7,md,10.0,262.7,,,us,usp000etn7,2014-11-07T01:30:16.098Z,"27 km NNW of Point Fortin, Trinidad and Tobago",earthquake,,,,,reviewed,trn,trn
2006-09-23T01:54:17.650Z,10.624,-61.602,20.0,3.3,md,5.0,203.8,,,us,usp000etmc,2014-11-07T01:30:16.016Z,"8 km WSW of Mucurapo, Trinidad and Tobago",earthquake,,,,,reviewed,trn,trn
2006-09-22T18:46:22.160Z,11.847,-61.004,34.0,3.2,md,6.0,168.4,,,us,usp000etkx,2014-11-07T01:30:15.971Z,"74 km ESE of Grenville, Grenada",earthquake,,,,,reviewed,trn,trn
2006-09-22T13:58:11.910Z,10.83,-62.403,27.0,3.6,md,5.0,270.3,,,us,usp000etkc,2014-11-07T01:30:15.919Z,"30 km NNW of Güiria, Venezuela",earthquake,,,,,reviewed,trn,trn
2006-09-21T00:55:16.450Z,11.961,-61.684,98.0,3.3,md,4.0,198.4,,,us,usp000etg9,2014-11-07T01:30:15.484Z,"9 km S of Saint David’s, Grenada",earthquake,,,,,reviewed,trn,trn
2006-09-20T04:40:51.050Z,10.954,-60.916,2.0,2.7,md,5.0,155.0,,,us,usp000etf1,2014-11-07T01:30:15.368Z,"32 km SW of Scarborough, Trinidad and Tobago",earthquake,,,,,reviewed,trn,trn
2006-09-19T06:11:12.730Z,11.176,-62.033,15.0,3.0,md,4.0,250.2,,,us,usp000etcy,2014-11-07T01:30:15.069Z,"72 km NNE of Güiria, Venezuela",earthquake,,,,,reviewed,trn,trn
2006-09-17T16:16:23.720Z,6.77,-72.933,157.0,4.6,mb,80.0,63.4,,0.65,us,usp000et9j,2014-11-07T01:30:14.401Z,"4 km ENE of Cepitá, Colombia",earthquake,,,,38.0,reviewed,us,us
2006-09-13T18:03:22.830Z,11.787,-62.089,141.0,3.3,md,9.0,240.5,,,us,usp000et1r,2014-11-07T01:30:13.293Z,"47 km SW of Saint George's, Grenada",earthquake,,,,,reviewed,trn,trn
2006-09-11T14:58:08.310Z,10.801,-61.866,21.0,3.3,md,5.0,228.8,,,us,usp000esx5,2014-11-07T01:30:11.981Z,"36 km WNW of Petit Valley, Trinidad and Tobago",earthquake,,,,,reviewed,trn,trn
2006-09-10T11:18:45.410Z,10.907,-62.175,61.0,3.9,md,19.0,127.8,,,us,usp000esur,2014-11-07T01:30:11.614Z,near the coast of Venezuela,earthquake,,,,,reviewed,trn,trn
2006-09-07T05:29:09.920Z,10.591,-62.519,57.0,3.3,md,4.0,294.1,,,us,usp000esm8,2014-11-07T01:30:10.567Z,"24 km W of Güiria, Venezuela",earthquake,,,,,reviewed,trn,trn
2006-09-07T01:02:47.590Z,6.732,-72.944,173.2,3.9,mb,13.0,98.8,,0.97,us,usp000eskx,2014-11-07T01:30:10.503Z,"4 km SE of Cepitá, Colombia",earthquake,,8.7,,3.0,reviewed,us,us
2006-09-06T19:30:00.210Z,5.046,-72.912,10.0,4.5,mb,9.0,94.9,,1.41,us,usp000eskd,2014-11-07T01:30:10.433Z,"16 km ESE of Páez, Colombia",earthquake,,0.0,,1.0,reviewed,us,us
2006-09-04T18:37:29.900Z,10.6,-63.23,10.2,3.6,md,12.0,158.5,,,us,usp000esfp,2014-11-07T01:30:09.752Z,"7 km SSE of Carúpano, Venezuela",earthquake,,,,,reviewed,car,car
2006-09-04T04:53:09.440Z,10.249,-61.575,39.0,3.3,md,8.0,292.6,,,us,usp000eser,2014-11-07T01:30:09.646Z,"12 km WSW of San Fernando, Trinidad and Tobago",earthquake,,,,,reviewed,trn,trn
2006-09-03T19:49:24.990Z,11.025,-62.285,92.0,3.4,md,8.0,256.9,,,us,usp000esdu,2014-11-07T01:30:09.398Z,"49 km N of Güiria, Venezuela",earthquake,,,,,reviewed,trn,trn
2006-09-03T04:42:24.480Z,6.818,-73.067,165.0,3.6,mb,7.0,168.2,,0.35,us,usp000escq,2014-11-07T01:30:09.130Z,"9 km NNE of Jordán, Colombia",earthquake,,8.9,,2.0,reviewed,us,us
2006-09-01T22:50:38.750Z,10.485,-61.145,38.0,2.9,md,5.0,150.3,,,us,usp000es95,2014-11-07T01:30:08.197Z,"11 km S of Sangre Grande, Trinidad and Tobago",earthquake,,,,,reviewed,trn,trn
2006-08-31T22:50:50.390Z,7.835,-72.27,71.4,4.4,mb,40.0,65.2,,0.67,us,usp000es6p,2014-11-07T01:30:03.757Z,"5 km WNW of Táriba, Venezuela",earthquake,,5.8,,16.0,reviewed,us,us
2006-08-31T06:33:11.180Z,11.092,-62.1,116.0,3.4,md,7.0,241.7,,,us,usp000es53,2014-11-07T01:30:03.549Z,"60 km NNE of Güiria, Venezuela",earthquake,,,,,reviewed,trn,trn
2006-08-31T04:55:49.840Z,10.871,-62.052,51.0,2.8,md,6.0,243.7,,,us,usp000es4x,2014-11-07T01:30:03.532Z,"42 km NE of Güiria, Venezuela",earthquake,,,,,reviewed,trn,trn
2006-08-29T11:06:57.200Z,11.204,-62.104,5.0,3.2,md,4.0,339.4,,,us,usp000es0v,2014-11-07T01:30:03.077Z,"72 km NNE of Güiria, Venezuela",earthquake,,,,,reviewed,trn,trn
2006-08-29T06:22:36.880Z,10.391,-62.409,5.0,3.1,md,6.0,288.2,,,us,usp000es06,2014-11-07T01:30:03.013Z,"23 km SSW of Güiria, Venezuela",earthquake,,,,,reviewed,trn,trn
2006-08-26T11:55:14.780Z,10.721,-61.952,46.0,3.1,md,5.0,298.9,,,us,usp000ert0,2014-11-07T01:30:01.848Z,"41 km ENE of Güiria, Venezuela",earthquake,,,,,reviewed,trn,trn
2006-08-25T12:47:35.210Z,10.821,-62.382,64.0,4.5,mb,16.0,66.2,,,us,usp000erqg,2014-11-07T01:30:01.640Z,"28 km NNW of Güiria, Venezuela",earthquake,,,,1.0,reviewed,trn,us
2006-08-23T12:42:00.560Z,10.945,-61.593,35.0,3.3,md,4.0,220.7,,,us,usp000erjt,2014-11-07T01:30:00.966Z,"27 km N of Petit Valley, Trinidad and Tobago",earthquake,,,,,reviewed,trn,trn
2006-08-22T17:54:38.230Z,6.677,-72.96,170.9,3.6,mb,9.0,101.5,,0.65,us,usp000erhf,2014-11-07T01:30:00.728Z,"6 km ESE of Aratoca, Colombia",earthquake,,8.1,,3.0,reviewed,us,us
2006-08-22T10:35:54.430Z,11.464,-61.439,29.0,3.2,md,5.0,178.3,,,us,usp000ergn,2014-11-07T01:30:00.619Z,"69 km SSE of Saint David’s, Grenada",earthquake,,,,,reviewed,trn,trn
2006-08-20T17:37:19.300Z,6.749,-72.941,162.5,4.5,mb,112.0,63.3,,0.71,us,usp000erd7,2014-11-07T01:30:00.210Z,"3 km E of Cepitá, Colombia",earthquake,,,,47.0,reviewed,us,us
2006-08-20T11:24:28.190Z,10.563,-61.153,30.0,2.9,md,5.0,102.1,,,us,usp000ercf,2014-11-07T01:30:00.140Z,"3 km SW of Sangre Grande, Trinidad and Tobago",earthquake,,,,,reviewed,trn,trn
2006-08-20T02:44:41.600Z,10.765,-61.086,25.0,3.5,md,9.0,140.2,,,us,usp000erbw,2014-11-07T01:29:59.992Z,"20 km NNE of Sangre Grande, Trinidad and Tobago",earthquake,,,,,reviewed,trn,trn
2006-08-18T15:17:11.630Z,10.532,-62.108,3.0,3.8,md,12.0,245.0,,,us,usp000er8k,2014-11-07T01:29:59.594Z,"21 km ESE of Güiria, Venezuela",earthquake,,,,,reviewed,trn,trn
2006-08-16T17:13:02.880Z,11.024,-62.005,101.0,3.2,md,4.0,254.4,,,us,usp000er2s,2014-11-07T01:29:58.673Z,"58 km NNE of Güiria, Venezuela",earthquake,,,,,reviewed,trn,trn
2006-08-16T00:33:05.220Z,8.744,-61.833,109.0,4.0,md,8.0,337.9,,,us,usp000er10,2014-11-07T01:29:58.463Z,"42 km SE of Tucupita, Venezuela",earthquake,,,,,reviewed,trn,trn
2006-08-15T21:10:48.210Z,6.75,-72.98,170.6,4.1,mb,24.0,72.6,,0.76,us,usp000er0p,2014-11-07T01:29:58.370Z,"0 km SW of Cepitá, Colombia",earthquake,,6.8,,11.0,reviewed,us,us
2006-08-15T15:31:22.110Z,6.693,-72.927,168.5,3.4,mb,9.0,73.7,,0.48,us,usp000er08,2014-11-07T01:29:58.324Z,"8 km SE of Cepitá, Colombia",earthquake,,7.9,,1.0,reviewed,us,us
2006-08-14T21:44:29.400Z,10.985,-62.114,28.0,3.1,md,5.0,265.0,,,us,usp000eqyb,2014-11-07T01:29:57.987Z,"49 km NNE of Güiria, Venezuela",earthquake,,,,,reviewed,trn,trn
2006-08-14T15:24:47.160Z,10.413,-62.23,4.0,3.5,md,9.0,163.3,,,us,usp000eqxt,2014-11-07T01:29:57.951Z,near the coast of Venezuela,earthquake,,,,,reviewed,trn,trn
2006-08-13T18:40:59.330Z,11.384,-61.556,17.0,3.4,md,5.0,184.0,,,us,usp000eqvt,2014-11-07T01:29:57.687Z,"74 km S of Saint David’s, Grenada",earthquake,,,,,reviewed,trn,trn
2006-08-11T01:17:47.640Z,10.716,-62.628,66.0,3.3,md,7.0,293.8,,,us,usp000eqpf,2014-11-07T01:29:56.718Z,"39 km WNW of Güiria, Venezuela",earthquake,,,,,reviewed,trn,trn
2006-08-08T05:48:12.960Z,6.768,-73.038,170.8,3.8,mb,9.0,109.8,,0.83,us,usp000eqg1,2014-11-07T01:29:55.810Z,"7 km WNW of Cepitá, Colombia",earthquake,,9.3,,1.0,reviewed,us,us
2006-08-07T17:10:45.200Z,13.079,-60.663,25.0,3.3,md,8.0,291.4,,,us,usp000eqes,2014-11-07T01:29:55.311Z,"53 km ESE of Biabou, Saint Vincent and the Grenadines",earthquake,,,,,reviewed,trn,trn
2006-08-07T06:42:42.830Z,10.461,-61.886,6.0,3.7,md,5.0,259.0,,,us,usp000eqdq,2014-11-07T01:29:55.177Z,"38 km NW of Point Fortin, Trinidad and Tobago",earthquake,,,,,reviewed,trn,trn
2006-08-07T04:58:52.830Z,10.313,-61.827,12.0,3.0,md,4.0,320.5,,,us,usp000eqdh,2014-11-07T01:29:55.158Z,"21 km NW of Point Fortin, Trinidad and Tobago",earthquake,,,,,reviewed,trn,trn
2006-08-06T21:31:51.250Z,10.364,-61.337,31.0,2.5,md,5.0,181.6,,,us,usp000eqcp,2014-11-07T01:29:55.049Z,"5 km WSW of Tabaquite, Trinidad and Tobago",earthquake,,,,,reviewed,trn,trn
2006-08-06T21:23:19.020Z,10.328,-61.302,29.0,3.5,md,7.0,209.6,,,us,usp000eqcn,2014-11-07T01:29:55.047Z,"6 km S of Tabaquite, Trinidad and Tobago",earthquake,,,,,reviewed,trn,trn
2006-08-05T22:37:23.310Z,10.42,-61.071,39.0,2.6,md,4.0,234.0,,,us,usp000eqaq,2014-11-07T01:29:54.689Z,"17 km NE of Rio Claro, Trinidad and Tobago",earthquake,,,,,reviewed,trn,trn
2006-08-05T20:46:07.690Z,10.921,-62.466,87.0,3.2,md,7.0,283.9,,,us,usp000eqak,2014-11-07T01:29:54.680Z,"42 km NNW of Güiria, Venezuela",earthquake,,,,,reviewed,trn,trn
2006-08-05T15:42:16.770Z,13.214,-61.298,3.0,2.5,md,4.0,260.0,,,us,usp000eqa4,2014-11-07T01:29:54.631Z,"3 km WNW of Layou, Saint Vincent and the Grenadines",earthquake,,,,,reviewed,trn,trn
2006-08-05T06:08:51.150Z,11.466,-61.336,28.0,3.6,md,12.0,149.6,,,us,usp000eq9b,2014-11-07T01:29:54.477Z,"72 km WNW of Scarborough, Trinidad and Tobago",earthquake,,,,,reviewed,trn,trn
2006-08-05T01:35:20.230Z,10.719,-62.379,84.0,3.6,md,8.0,272.0,,,us,usp000eq8w,2014-11-07T01:29:54.349Z,"17 km NNW of Güiria, Venezuela",earthquake,,,,,reviewed,trn,trn
2006-08-04T22:40:04.410Z,11.024,-62.365,12.0,3.3,md,6.0,277.4,,,us,usp000eq8q,2014-11-07T01:29:54.332Z,"49 km N of Güiria, Venezuela",earthquake,,,,,reviewed,trn,trn
2006-08-04T13:41:39.830Z,9.974,-70.649,14.6,5.2,mwc,268.0,42.3,,0.83,us,usp000eq7x,2022-07-14T10:24:16.995Z,"66 km WSW of Carora, Venezuela",earthquake,,3.7,,,reviewed,us,hrv
2006-08-04T03:41:47.210Z,10.382,-62.288,11.0,4.9,mb,142.0,32.7,,,us,usp000eq72,2014-11-07T01:29:53.880Z,"21 km S of Güiria, Venezuela",earthquake,,,,69.0,reviewed,trn,us
2006-08-03T10:36:40.360Z,10.405,-62.359,2.0,3.3,md,5.0,285.9,,,us,usp000eq5q,2014-11-07T01:29:53.629Z,"20 km SSW of Güiria, Venezuela",earthquake,,,,,reviewed,trn,trn
2006-08-02T23:29:37.540Z,11.098,-62.048,116.0,3.4,md,9.0,236.7,,,us,usp000eq4d,2014-11-07T01:29:53.281Z,"63 km NNE of Güiria, Venezuela",earthquake,,,,,reviewed,trn,trn
2006-08-02T12:39:49.200Z,9.559,-70.613,8.3,4.0,mw,30.0,69.0,,,us,usp000eq2x,2014-11-07T01:29:52.758Z,"26 km N of Valera, Venezuela",earthquake,,,,,reviewed,car,car
2006-08-02T05:00:18.100Z,10.379,-62.359,1.1,4.4,mw,43.0,83.3,,,us,usp000eq25,2014-11-07T01:29:52.586Z,"22 km SSW of Güiria, Venezuela",earthquake,,,,,reviewed,car,car
2006-07-31T03:27:38.560Z,10.661,-61.903,30.0,3.3,md,4.0,241.5,,,us,usp000epy5,2014-11-07T01:29:49.105Z,"39 km W of Petit Valley, Trinidad and Tobago",earthquake,,,,,reviewed,trn,trn
2006-07-31T03:19:43.350Z,11.307,-61.667,8.0,2.9,md,4.0,202.0,,,us,usp000epy2,2014-11-07T01:29:49.100Z,"68 km N of Petit Valley, Trinidad and Tobago",earthquake,,,,,reviewed,trn,trn
2006-07-30T05:47:26.180Z,11.713,-61.18,29.0,3.3,md,6.0,162.4,,,us,usp000epvx,2014-11-07T01:29:48.844Z,"64 km SE of Saint David’s, Grenada",earthquake,,,,,reviewed,trn,trn
2006-07-30T01:01:49.590Z,11.405,-61.224,58.0,3.4,md,8.0,137.2,,,us,usp000epv8,2014-11-07T01:29:48.609Z,"58 km WNW of Scarborough, Trinidad and Tobago",earthquake,,,,,reviewed,trn,trn
2006-07-28T14:28:02.190Z,6.75,-72.938,173.5,4.1,mb,23.0,72.5,,0.74,us,usp000eps4,2014-11-07T01:29:48.124Z,"4 km E of Cepitá, Colombia",earthquake,,6.6,,10.0,reviewed,us,us
2006-07-28T00:31:12.340Z,8.77,-73.295,131.4,4.3,mb,44.0,65.0,,0.76,us,usp000epqh,2014-11-07T01:29:47.189Z,"30 km NW of El Tarra, Colombia",earthquake,,6.7,,14.0,reviewed,us,us
2006-07-26T10:50:47.730Z,6.78,-73.025,158.3,4.1,mb,15.0,100.8,,0.63,us,usp000epme,2014-11-07T01:29:46.723Z,"6 km WNW of Cepitá, Colombia",earthquake,,8.7,,4.0,reviewed,us,us
2006-07-23T17:10:49.460Z,10.089,-62.436,21.0,3.6,md,5.0,303.4,,,us,usp000epdm,2014-11-07T01:29:44.428Z,near the coast of Venezuela,earthquake,,,,,reviewed,trn,trn
2006-07-21T22:15:17.770Z,10.92,-62.211,54.0,3.1,md,4.0,272.6,,,us,usp000ep99,2014-11-07T01:29:43.922Z,"39 km NNE of Güiria, Venezuela",earthquake,,,,,reviewed,trn,trn
2006-07-21T07:01:41.940Z,11.282,-62.132,108.0,3.3,md,8.0,255.4,,,us,usp000ep86,2014-11-07T01:29:43.839Z,"80 km NNE of Güiria, Venezuela",earthquake,,,,,reviewed,trn,trn
2006-07-20T11:57:30.000Z,10.896,-62.092,92.6,4.0,mw,22.0,57.4,,,us,usp000ep66,2014-11-07T01:29:43.637Z,"41 km NNE of Güiria, Venezuela",earthquake,,,,,reviewed,car,car
2006-07-20T03:04:51.440Z,10.326,-60.644,61.0,3.2,md,5.0,295.7,,,us,usp000ep5k,2014-11-07T01:29:43.583Z,"58 km E of Rio Claro, Trinidad and Tobago",earthquake,,,,,reviewed,trn,trn
2006-07-20T01:07:21.760Z,10.769,-60.108,28.0,3.7,md,14.0,273.9,,,us,usp000ep57,2014-11-07T01:29:43.548Z,"82 km SE of Scarborough, Trinidad and Tobago",earthquake,,,,,reviewed,trn,trn
2006-07-18T16:57:55.530Z,6.801,-73.018,170.7,4.4,mb,17.0,73.4,,1.15,us,usp000ep0g,2014-11-07T01:29:42.806Z,"7 km NW of Cepitá, Colombia",earthquake,,8.8,,2.0,reviewed,us,us
2006-07-18T15:09:28.740Z,11.204,-61.775,78.0,3.3,md,6.0,206.6,,,us,usp000ep06,2014-11-07T01:29:42.735Z,"61 km NNW of Petit Valley, Trinidad and Tobago",earthquake,,,,,reviewed,trn,trn
2006-07-16T08:01:39.170Z,10.582,-61.505,32.0,2.5,md,12.0,155.7,,,us,usp000enq7,2014-11-07T01:29:39.208Z,"7 km S of Laventille, Trinidad and Tobago",earthquake,,,,,reviewed,trn,trn
2006-07-15T07:36:21.500Z,12.33,-69.92,25.8,4.4,mb,18.0,76.1,,,us,usp000ennh,2014-11-07T01:29:38.978Z,"76 km NNE of Punto Fijo, Venezuela",earthquake,,,,4.0,reviewed,car,us
2006-07-12T22:40:08.680Z,6.724,-72.998,172.4,3.9,mb,15.0,100.4,,0.84,us,usp000enfy,2014-11-07T01:29:38.227Z,"4 km NE of Aratoca, Colombia",earthquake,,7.8,,3.0,reviewed,us,us
2006-07-11T03:06:24.490Z,6.885,-73.11,164.8,3.9,mb,7.0,160.3,,1.22,us,usp000enc9,2014-11-07T01:29:37.794Z,"13 km SSW of Piedecuesta, Colombia",earthquake,,14.3,,1.0,reviewed,us,us
2006-07-07T22:56:29.560Z,11.842,-61.029,45.0,3.1,md,4.0,330.6,,,us,usp000en3p,2014-11-07T01:29:36.510Z,"71 km ESE of Grenville, Grenada",earthquake,,,,,reviewed,trn,trn
2006-07-07T09:42:42.270Z,10.956,-61.598,22.0,3.4,md,10.0,171.2,,,us,usp000en2n,2014-11-07T01:29:36.313Z,"28 km N of Petit Valley, Trinidad and Tobago",earthquake,,,,,reviewed,trn,trn
2006-07-06T08:28:25.040Z,8.875,-70.55,10.0,3.3,mb,5.0,159.4,,1.1,us,usp000emzt,2014-11-07T01:29:35.933Z,"19 km NW of Barinitas, Venezuela",earthquake,,,,2.0,reviewed,us,us
2006-07-06T07:34:25.000Z,6.84,-73.11,151.3,4.4,mb,88.0,64.3,,,us,usp000emzq,2014-11-07T01:29:35.921Z,"11 km N of Jordán, Colombia",earthquake,,,,39.0,reviewed,rsnc,us
2006-07-06T05:07:53.090Z,8.947,-71.002,12.3,0.0,,7.0,136.0,,1.29,us,usp000emzc,2014-11-07T01:29:35.875Z,"43 km NNE of Mérida, Venezuela",earthquake,,16.8,,,reviewed,us,us
2006-07-05T10:56:08.770Z,6.765,-72.999,166.9,4.1,mb,40.0,101.0,,0.56,us,usp000emy6,2014-11-07T01:29:35.552Z,"2 km WNW of Cepitá, Colombia",earthquake,,6.5,,21.0,reviewed,us,us
2006-07-01T17:24:09.100Z,8.099,-64.204,5.9,4.4,mw,35.0,52.8,,,us,usp000emq7,2014-11-07T01:29:33.025Z,"73 km W of Ciudad Bolívar, Venezuela",earthquake,,,,,reviewed,car,car
2006-06-29T07:50:21.820Z,10.704,-62.161,73.0,3.5,md,8.0,259.8,,,us,usp000emj0,2014-11-07T01:29:29.993Z,"20 km NE of Güiria, Venezuela",earthquake,,,,,reviewed,trn,trn
2006-06-27T15:56:22.590Z,6.808,-73.046,163.3,4.3,m,10.0,92.0,,0.71,us,usp000emdx,2014-11-07T01:29:29.388Z,northern Colombia,earthquake,,8.2,,,reviewed,us,rsnc
2006-06-25T05:23:50.080Z,10.532,-61.124,29.0,2.6,md,5.0,106.1,,,us,usp000em7r,2014-11-07T01:29:27.500Z,"6 km S of Sangre Grande, Trinidad and Tobago",earthquake,,,,,reviewed,trn,trn
2006-06-18T04:59:00.100Z,4.683,-72.961,41.8,4.5,mb,63.0,74.5,,1.01,us,usp000ekpp,2014-11-07T01:29:24.106Z,"12 km N of Barranca de Upía, Colombia",earthquake,,9.2,,33.0,reviewed,us,us
2006-06-17T17:35:19.800Z,10.216,-60.333,18.0,3.5,md,5.0,312.1,,,us,usp000ekmu,2014-11-07T01:29:23.574Z,Trinidad,earthquake,,,,,reviewed,trn,trn
2006-06-17T17:23:01.830Z,10.843,-62.254,73.0,2.9,md,4.0,277.0,,,us,usp000ekmt,2014-11-07T01:29:23.572Z,"29 km N of Güiria, Venezuela",earthquake,,,,,reviewed,trn,trn
2006-06-15T23:28:13.940Z,6.738,-72.845,175.9,3.9,mb,20.0,72.4,,1.03,us,usp000ekft,2014-11-07T01:29:22.912Z,"8 km S of San Andrés, Colombia",earthquake,,7.8,,3.0,reviewed,us,us
2006-06-15T21:34:19.590Z,10.692,-61.928,116.0,4.1,mb,28.0,80.1,,,us,usp000ekff,2014-11-07T01:29:22.856Z,"41 km W of Petit Valley, Trinidad and Tobago",earthquake,,,,2.0,reviewed,trn,us
2006-06-14T20:31:04.600Z,11.259,-61.912,19.0,2.8,md,10.0,120.1,,,us,usp000ekck,2014-11-07T01:29:22.517Z,"73 km NNW of Petit Valley, Trinidad and Tobago",earthquake,,,,,reviewed,trn,trn
2006-06-14T19:49:04.520Z,11.088,-62.276,10.0,3.3,md,6.0,255.0,,,us,usp000ekcj,2014-11-07T01:29:22.516Z,"56 km N of Güiria, Venezuela",earthquake,,,,,reviewed,trn,trn
2006-06-13T21:10:24.700Z,10.365,-60.929,18.0,3.4,md,4.0,307.7,,,us,usp000ek9v,2014-11-07T01:29:22.095Z,"27 km ENE of Rio Claro, Trinidad and Tobago",earthquake,,,,,reviewed,trn,trn
2006-06-13T15:55:35.750Z,6.783,-73.032,162.3,3.8,mb,11.0,80.4,,0.6,us,usp000ek9k,2014-11-07T01:29:22.062Z,"7 km WNW of Cepitá, Colombia",earthquake,,8.8,,3.0,reviewed,us,us
2006-06-13T12:25:28.160Z,10.885,-62.372,93.4,4.4,mb,84.0,30.6,,1.13,us,usp000ek99,2014-11-07T01:29:21.981Z,"34 km NNW of Güiria, Venezuela",earthquake,,,,8.0,reviewed,us,us
2006-06-13T05:16:18.020Z,6.755,-73.012,174.6,3.8,mb,14.0,63.6,,0.72,us,usp000ek8s,2014-11-07T01:29:21.948Z,"4 km W of Cepitá, Colombia",earthquake,,7.3,,1.0,reviewed,us,us
2006-06-12T07:42:54.250Z,10.912,-61.459,116.0,3.4,md,10.0,159.6,,,us,usp000ek72,2014-11-07T01:29:21.701Z,"25 km NNE of Petit Valley, Trinidad and Tobago",earthquake,,,,,reviewed,trn,trn
2006-06-10T15:32:27.810Z,6.704,-73.028,168.9,3.9,mb,12.0,80.7,,0.88,us,usp000ek2z,2014-11-07T01:29:20.995Z,"1 km NW of Aratoca, Colombia",earthquake,,8.1,,2.0,reviewed,us,us
2006-06-09T12:29:35.200Z,6.693,-72.918,173.2,3.7,mb,8.0,132.1,,0.37,us,usp000ek0k,2014-11-07T01:29:20.717Z,"9 km SE of Cepitá, Colombia",earthquake,,8.1,,1.0,reviewed,us,us
2006-06-03T23:03:46.480Z,6.804,-73.071,166.8,4.0,mb,12.0,80.1,,0.98,us,usp000ejn9,2014-11-07T01:29:18.961Z,"8 km NNE of Jordán, Colombia",earthquake,,8.7,,4.0,reviewed,us,us
2006-06-02T16:53:08.790Z,6.76,-72.988,160.6,4.4,mb,35.0,80.7,,0.68,us,usp000ejje,2014-11-07T01:29:18.326Z,"1 km WNW of Cepitá, Colombia",earthquake,,5.8,,13.0,reviewed,us,us
2006-06-02T09:29:51.870Z,6.718,-72.991,168.8,4.0,mb,12.0,149.0,,0.43,us,usp000ejhd,2014-11-07T01:29:18.035Z,"4 km NE of Aratoca, Colombia",earthquake,,8.4,,3.0,reviewed,us,us
2006-05-31T08:21:01.200Z,11.01,-61.979,138.0,3.2,md,5.0,252.8,,,us,usp000ejc8,2014-11-07T01:29:13.250Z,"58 km NW of Petit Valley, Trinidad and Tobago",earthquake,,,,,reviewed,trn,trn
2006-05-27T20:43:49.250Z,9.865,-61.458,63.0,4.2,md,12.0,258.5,,,us,usp000ej3q,2014-11-07T01:29:11.868Z,"31 km S of Siparia, Trinidad and Tobago",earthquake,,,,,reviewed,trn,trn
2006-05-22T12:36:54.290Z,6.833,-73.149,164.8,0.0,,7.0,98.6,,1.23,us,usp000ehpw,2014-11-07T01:29:09.625Z,"12 km NNW of Jordán, Colombia",earthquake,,10.7,,,reviewed,us,us
2006-05-22T00:35:19.200Z,6.431,-71.834,53.4,4.3,mb,27.0,75.2,,1.03,us,usp000ehnk,2014-11-07T01:29:09.452Z,"11 km WSW of Tame, Colombia",earthquake,,8.1,,8.0,reviewed,us,us
2006-05-19T16:17:53.350Z,12.664,-59.94,12.0,4.0,md,6.0,345.8,,,us,usp000ehgh,2014-11-07T01:29:08.614Z,"60 km SW of Bridgetown, Barbados",earthquake,,,,,reviewed,fdf,fdf
2006-05-16T08:11:42.780Z,6.763,-73.016,170.7,3.9,mb,12.0,99.7,,0.61,us,usp000eh84,2014-11-07T01:29:07.537Z,"4 km WNW of Cepitá, Colombia",earthquake,,7.7,,1.0,reviewed,us,us
2006-05-15T18:27:22.980Z,11.823,-61.148,9.0,3.3,md,5.0,216.9,,,us,usp000eh6t,2014-11-07T01:29:07.396Z,"61 km ESE of Grenville, Grenada",earthquake,,,,,reviewed,trn,trn
2006-05-08T16:29:05.750Z,6.451,-73.386,134.3,3.5,mb,10.0,99.1,,0.81,us,usp000egkm,2014-11-07T01:29:04.486Z,"5 km W of Simacota, Colombia",earthquake,,8.6,,1.0,reviewed,us,us
2006-05-08T15:07:40.140Z,6.701,-72.999,172.5,4.9,mwc,135.0,46.5,,0.72,us,usp000egkd,2016-11-10T01:21:58.270Z,"2 km ENE of Aratoca, Colombia",earthquake,,4.8,,,reviewed,us,hrv
2006-05-07T22:21:27.400Z,10.727,-62.26,85.0,2.5,md,9.0,265.0,,,us,usp000eghq,2014-11-07T01:29:04.235Z,"17 km NNE of Güiria, Venezuela",earthquake,,,,,reviewed,trn,trn
2006-05-07T13:54:03.200Z,6.8,-73.038,168.9,3.7,mb,5.0,105.7,,0.72,us,usp000eggf,2014-11-07T01:29:04.105Z,"8 km NW of Cepitá, Colombia",earthquake,,10.9,,1.0,reviewed,us,us
2006-05-03T02:54:08.700Z,6.726,-72.946,167.9,0.0,,7.0,169.9,,0.55,us,usp000eg47,2014-11-07T01:29:01.726Z,"4 km SE of Cepitá, Colombia",earthquake,,13.3,,,reviewed,us,us
2006-05-03T02:12:33.250Z,10.798,-62.371,90.0,3.1,md,5.0,269.4,,,us,usp000eg45,2014-11-07T01:29:01.722Z,"25 km NNW of Güiria, Venezuela",earthquake,,,,,reviewed,trn,trn
2006-04-30T07:00:34.360Z,7.425,-73.059,154.7,3.6,mb,5.0,97.6,,0.23,us,usp000eftk,2014-11-07T01:28:56.352Z,"10 km NW of Suratá, Colombia",earthquake,,11.7,,1.0,reviewed,us,us
2006-04-29T19:19:14.740Z,6.74,-72.967,160.9,4.7,mb,93.0,46.6,,0.82,us,usp000efsd,2014-11-07T01:28:56.164Z,"1 km SSE of Cepitá, Colombia",earthquake,,,,47.0,reviewed,us,us
2006-04-28T15:46:43.190Z,10.172,-62.573,56.3,4.6,mb,45.0,53.4,,0.88,us,usp000efq0,2014-11-07T01:28:55.848Z,"53 km SW of Güiria, Venezuela",earthquake,,5.0,,17.0,reviewed,us,us
2006-04-27T06:05:08.130Z,6.815,-73.038,161.3,3.2,mb,5.0,98.7,,0.31,us,usp000efkt,2014-11-07T01:28:55.431Z,"9 km NW of Cepitá, Colombia",earthquake,,10.8,,1.0,reviewed,us,us
2006-04-26T17:23:28.580Z,6.771,-72.927,167.7,4.0,mb,29.0,62.4,,0.58,us,usp000efjs,2014-11-07T01:28:55.321Z,"5 km ENE of Cepitá, Colombia",earthquake,,5.4,,9.0,reviewed,us,us
2006-04-26T11:09:30.220Z,12.241,-61.533,92.0,2.8,md,4.0,218.4,,,us,usp000efj3,2014-11-07T01:28:55.205Z,"11 km ENE of Sauteurs, Grenada",earthquake,,,,,reviewed,trn,trn
2006-04-24T08:19:23.600Z,11.307,-62.198,6.0,3.2,md,9.0,246.9,,,us,usp000efdb,2014-11-07T01:28:54.321Z,"81 km N of Güiria, Venezuela",earthquake,,,,,reviewed,trn,trn
2006-04-23T18:08:47.120Z,11.65,-60.578,8.0,3.4,md,13.0,215.7,,,us,usp000efc6,2014-11-07T01:28:54.207Z,"54 km NNE of Scarborough, Trinidad and Tobago",earthquake,,,,,reviewed,trn,trn
2006-04-23T17:59:55.250Z,6.776,-72.955,160.5,4.3,mb,23.0,47.5,,0.71,us,usp000efc5,2014-11-07T01:28:54.205Z,"3 km NE of Cepitá, Colombia",earthquake,,,,4.0,reviewed,us,us
2006-04-22T22:19:07.800Z,10.257,-60.853,40.0,3.2,md,8.0,251.4,,,us,usp000ef9s,2014-11-07T01:28:53.924Z,"35 km E of Rio Claro, Trinidad and Tobago",earthquake,,,,,reviewed,trn,trn
2006-04-18T03:10:07.160Z,8.638,-73.368,133.5,4.3,mb,18.0,68.9,,0.91,us,usp000eeu3,2014-11-07T01:28:51.520Z,"16 km NNE of El Carmen, Colombia",earthquake,,8.3,,6.0,reviewed,us,us
2006-04-16T02:12:40.550Z,10.998,-62.316,107.0,3.1,md,7.0,275.5,,,us,usp000eemz,2014-11-07T01:28:50.757Z,"46 km N of Güiria, Venezuela",earthquake,,,,,reviewed,trn,trn
2006-04-15T02:12:45.690Z,11.168,-61.613,10.0,2.7,md,4.0,199.1,,,us,usp000eejb,2014-11-07T01:28:50.467Z,"52 km N of Petit Valley, Trinidad and Tobago",earthquake,,,,,reviewed,trn,trn
2006-04-14T23:16:24.800Z,10.334,-69.877,4.5,4.6,mw,24.0,70.5,,,us,usp000eehv,2014-11-07T01:28:50.430Z,"28 km NE of Carora, Venezuela",earthquake,,,,,reviewed,car,car
2006-04-12T22:56:36.570Z,7.558,-73.035,176.8,3.8,mb,14.0,107.6,,1.25,us,usp000eebp,2014-11-07T01:28:48.469Z,"20 km S of Cáchira, Colombia",earthquake,,18.7,,4.0,reviewed,us,us
2006-04-12T10:31:05.900Z,10.891,-62.079,60.8,4.0,mw,25.0,55.7,,,us,usp000ee9k,2014-11-07T01:28:47.355Z,"42 km NE of Güiria, Venezuela",earthquake,,,,,reviewed,car,car
2006-04-10T04:06:07.200Z,7.378,-71.627,13.0,4.9,mb,212.0,45.2,,,us,usp000ee2k,2022-05-02T15:28:55.534Z,"44 km NNW of Arauquita, Colombia",earthquake,,,,53.0,reviewed,car,us
2006-04-09T01:13:41.200Z,10.909,-62.248,85.0,3.3,md,7.0,255.6,,,us,usp000edzr,2014-11-07T01:28:44.612Z,"37 km N of Güiria, Venezuela",earthquake,,,,,reviewed,trn,trn
2006-04-08T11:56:48.430Z,10.879,-61.815,27.0,3.0,md,6.0,219.4,,,us,usp000edyh,2014-11-07T01:28:44.465Z,"35 km NW of Petit Valley, Trinidad and Tobago",earthquake,,,,,reviewed,trn,trn
2006-04-07T17:29:49.440Z,6.781,-73.021,166.0,0.0,,9.0,104.1,,1.04,us,usp000edx6,2014-11-07T01:28:44.325Z,"5 km WNW of Cepitá, Colombia",earthquake,,,,,reviewed,us,us
2006-03-31T18:24:34.500Z,10.974,-62.089,82.4,4.2,mw,25.0,156.2,,,us,usp000edbz,2014-11-07T01:28:37.455Z,"49 km NNE of Güiria, Venezuela",earthquake,,,,,reviewed,car,car
2006-03-31T03:57:50.400Z,6.53,-72.66,186.1,3.6,mb,19.0,182.5,,0.93,us,usp000edaq,2014-11-07T01:28:37.249Z,"3 km E of Capitanejo, Colombia",earthquake,,8.2,,10.0,reviewed,us,us
2006-03-28T03:53:35.470Z,10.477,-62.367,80.0,3.5,md,9.0,282.2,,,us,usp000ed3u,2014-11-07T01:28:36.294Z,"13 km SW of Güiria, Venezuela",earthquake,,,,,reviewed,trn,trn
2006-03-28T03:22:28.680Z,10.028,-59.06,10.0,4.0,md,19.0,212.7,,1.24,us,usp000ed3q,2014-11-07T01:28:36.282Z,"217 km NNE of Mabaruma, Guyana",earthquake,,,,,reviewed,us,trn
2006-03-26T22:55:06.340Z,6.764,-72.98,166.1,3.8,mb,12.0,93.2,,0.78,us,usp000ed14,2014-11-07T01:28:35.959Z,"1 km NNW of Cepitá, Colombia",earthquake,,8.5,,3.0,reviewed,us,us
2006-03-26T21:40:51.520Z,6.778,-73.0,170.0,3.6,mb,15.0,84.1,,0.67,us,usp000ed11,2014-11-07T01:28:35.953Z,"3 km NW of Cepitá, Colombia",earthquake,,7.0,,3.0,reviewed,us,us
2006-03-26T21:03:17.350Z,12.691,-60.768,26.0,3.5,md,15.0,184.2,,,us,usp000ed0x,2014-11-07T01:28:35.941Z,"61 km SE of Port Elizabeth, Saint Vincent and the Grenadines",earthquake,,,,,reviewed,trn,trn
2006-03-26T08:37:43.210Z,9.256,-61.446,71.0,3.9,md,13.0,247.8,,,us,usp000eczm,2014-11-07T01:28:35.745Z,"69 km ENE of Tucupita, Venezuela",earthquake,,,,,reviewed,trn,trn
2006-03-26T07:17:51.030Z,10.954,-62.4,106.0,3.6,md,21.0,79.3,,,us,usp000eczf,2014-11-07T01:28:35.731Z,"43 km NNW of Güiria, Venezuela",earthquake,,,,,reviewed,trn,trn
2006-03-24T11:37:41.590Z,10.99,-62.354,83.0,2.9,md,5.0,278.7,,,us,usp000ecu9,2014-11-07T01:28:34.754Z,near the coast of Venezuela,earthquake,,,,,reviewed,trn,trn
2006-03-24T00:02:47.740Z,6.75,-72.962,166.7,4.5,mb,63.0,53.3,,0.85,us,usp000ect8,2014-11-07T01:28:34.669Z,"1 km ESE of Cepitá, Colombia",earthquake,,,,20.0,reviewed,us,us
2006-03-23T15:23:29.980Z,11.263,-61.706,34.0,2.9,md,5.0,197.8,,,us,usp000ecsm,2014-11-07T01:28:34.623Z,"64 km NNW of Petit Valley, Trinidad and Tobago",earthquake,,,,,reviewed,trn,trn
2006-03-23T12:12:46.360Z,11.067,-62.263,131.0,3.1,md,7.0,255.5,,,us,usp000ecs7,2014-11-07T01:28:34.572Z,"54 km N of Güiria, Venezuela",earthquake,,,,,reviewed,trn,trn
2006-03-23T06:38:03.320Z,10.422,-62.339,3.0,3.7,md,7.0,163.4,,,us,usp000ecrv,2014-11-07T01:28:34.546Z,"17 km SSW of Güiria, Venezuela",earthquake,,,,,reviewed,trn,trn
2006-03-22T21:35:06.810Z,10.793,-62.313,88.0,3.0,md,4.0,281.2,,,us,usp000ecqz,2014-11-07T01:28:34.439Z,"23 km N of Güiria, Venezuela",earthquake,,,,,reviewed,trn,trn
2006-03-21T18:34:23.700Z,10.06,-69.74,0.1,4.1,md,4.0,314.8,,,us,usp000ecng,2014-11-07T01:28:34.111Z,"19 km NW of Quíbor, Venezuela",earthquake,,,,,reviewed,car,car
2006-03-21T14:26:20.500Z,6.649,-72.87,172.5,0.0,,6.0,174.5,,0.58,us,usp000ecn7,2014-11-07T01:28:34.094Z,"7 km WSW of Molagavita, Colombia",earthquake,,11.2,,,reviewed,us,us
2006-03-21T08:12:14.040Z,10.862,-60.14,7.0,3.3,md,5.0,296.7,,,us,usp000ecmh,2014-11-07T01:28:34.031Z,"74 km ESE of Scarborough, Trinidad and Tobago",earthquake,,,,,reviewed,trn,trn
2006-03-21T08:05:36.300Z,10.914,-60.652,63.0,3.5,md,14.0,195.3,,,us,usp000ecmg,2014-11-07T01:28:34.029Z,"31 km SSE of Scarborough, Trinidad and Tobago",earthquake,,,,,reviewed,trn,trn
2006-03-17T06:31:14.420Z,11.18,-61.984,117.0,3.0,md,9.0,229.4,,,us,usp000ecax,2014-11-07T01:28:32.245Z,"71 km NW of Petit Valley, Trinidad and Tobago",earthquake,,,,,reviewed,trn,trn
2006-03-16T22:49:11.830Z,6.738,-72.94,165.2,4.1,mb,33.0,65.9,,0.99,us,usp000eca8,2014-11-07T01:28:32.200Z,"4 km ESE of Cepitá, Colombia",earthquake,,7.2,,10.0,reviewed,us,us
2006-03-15T16:27:37.010Z,6.716,-72.996,159.4,4.6,mb,30.0,46.6,,0.83,us,usp000ec7q,2014-11-07T01:28:31.951Z,"3 km NE of Aratoca, Colombia",earthquake,,6.4,,12.0,reviewed,us,us
2006-03-14T15:50:44.130Z,6.771,-73.009,163.2,4.1,mb,8.0,99.7,,0.52,us,usp000ec5f,2014-11-07T01:28:31.670Z,"4 km WNW of Cepitá, Colombia",earthquake,,8.7,,1.0,reviewed,us,us
2006-03-14T08:16:09.800Z,10.453,-61.64,47.0,3.4,md,11.0,169.3,,,us,usp000ec4t,2014-11-07T01:28:31.582Z,"19 km W of Couva, Trinidad and Tobago",earthquake,,,,,reviewed,trn,trn
2006-03-14T03:11:50.740Z,12.385,-66.746,10.0,0.0,,16.0,209.4,,0.37,us,usp000ec40,2014-11-07T01:28:31.437Z,"167 km E of Dorp Antriol, Bonaire, Saint Eustatius and Saba ",earthquake,,0.0,,,reviewed,us,us
2006-03-14T02:49:36.190Z,10.677,-62.467,92.0,3.8,md,20.0,76.1,,,us,usp000ec3z,2014-11-07T01:28:31.433Z,"21 km WNW of Güiria, Venezuela",earthquake,,,,,reviewed,trn,trn
2006-03-13T18:56:26.480Z,6.719,-72.902,172.8,0.0,,5.0,171.5,,0.26,us,usp000ec37,2014-11-07T01:28:31.366Z,"8 km ESE of Cepitá, Colombia",earthquake,,62.3,,,reviewed,us,us
2006-03-12T04:42:22.090Z,6.797,-73.008,163.6,3.7,mb,11.0,99.4,,0.67,us,usp000ec00,2014-11-07T01:28:30.970Z,"6 km NW of Cepitá, Colombia",earthquake,,8.6,,4.0,reviewed,us,us
2006-03-12T03:40:39.370Z,6.766,-72.982,171.4,3.8,mb,11.0,82.9,,0.5,us,usp000ebzt,2014-11-07T01:28:30.951Z,"1 km NNW of Cepitá, Colombia",earthquake,,7.4,,1.0,reviewed,us,us
2006-03-02T00:48:07.400Z,10.423,-72.154,161.7,4.2,mw,41.0,41.3,,,us,usp000eb4z,2014-11-07T01:28:26.003Z,"20 km ENE of La Villa del Rosario, Venezuela",earthquake,,,,,reviewed,car,car
2006-02-20T23:03:30.110Z,10.673,-62.296,106.0,3.4,md,5.0,284.1,,,us,usp000eafy,2014-11-07T01:28:20.550Z,"10 km N of Güiria, Venezuela",earthquake,,,,,reviewed,trn,trn
2006-02-19T06:26:35.630Z,10.872,-62.228,66.0,3.1,md,6.0,257.7,,,us,usp000eabx,2014-11-07T01:28:20.121Z,"33 km NNE of Güiria, Venezuela",earthquake,,,,,reviewed,trn,trn
2006-02-18T08:07:46.370Z,10.52,-60.561,56.0,3.1,md,5.0,279.4,,,us,usp000ea9g,2014-11-07T01:28:19.870Z,"62 km E of Sangre Grande, Trinidad and Tobago",earthquake,,,,,reviewed,trn,trn
2006-02-17T06:04:23.160Z,11.524,-62.174,113.0,3.2,md,6.0,249.1,,,us,usp000ea74,2014-11-07T01:28:19.013Z,"74 km SW of Saint George's, Grenada",earthquake,,,,,reviewed,trn,trn
2006-02-15T16:30:29.670Z,6.53,-72.63,180.2,0.0,,10.0,183.0,,1.53,us,usp000ea3s,2014-11-07T01:28:18.624Z,"4 km WNW of Macaravita, Colombia",earthquake,,11.4,,,reviewed,us,us
2006-02-15T04:17:54.330Z,10.902,-62.194,94.0,3.2,md,8.0,271.8,,,us,usp000ea35,2014-11-07T01:28:18.574Z,"37 km NNE of Güiria, Venezuela",earthquake,,,,,reviewed,trn,trn
2006-02-15T00:32:44.810Z,10.398,-62.052,9.0,3.4,md,9.0,274.6,,,us,usp000ea2v,2014-11-07T01:28:18.537Z,"33 km SE of Güiria, Venezuela",earthquake,,,,,reviewed,trn,trn
2006-02-13T14:26:15.860Z,2.981,-72.081,57.4,0.0,,6.0,136.6,,0.66,us,usp000ea0f,2014-11-07T01:28:18.282Z,"11 km NNE of Mapiripán, Colombia",earthquake,,17.0,,,reviewed,us,us
2006-02-10T12:31:34.150Z,6.753,-73.004,170.0,4.0,md,11.0,104.7,,0.84,us,usp000e9w0,2014-11-07T01:28:17.817Z,"3 km W of Cepitá, Colombia",earthquake,,8.5,,,reviewed,us,rsnc
2006-02-10T04:36:09.170Z,7.357,-72.95,157.5,4.0,mb,13.0,93.0,,0.98,us,usp000e9va,2014-11-07T01:28:17.753Z,"1 km NNW of California, Colombia",earthquake,,9.7,,2.0,reviewed,us,us
2006-02-09T19:53:28.800Z,10.377,-62.702,16.4,4.2,mw,37.0,83.8,,,us,usp000e9ut,2014-11-07T01:28:17.697Z,"49 km WSW of Güiria, Venezuela",earthquake,,,,,reviewed,car,car
2006-02-06T03:41:17.600Z,12.56,-60.413,33.0,3.5,md,8.0,264.6,,,us,usp000e9ks,2014-11-07T01:28:16.798Z,"102 km ESE of Port Elizabeth, Saint Vincent and the Grenadines",earthquake,,,,,reviewed,trn,fdf
2006-02-05T05:23:13.280Z,6.753,-72.984,168.9,3.4,mb,11.0,100.3,,0.5,us,usp000e9h1,2014-11-07T01:28:16.435Z,"1 km W of Cepitá, Colombia",earthquake,,7.3,,1.0,reviewed,us,us
2006-02-03T23:23:35.680Z,11.25,-61.762,34.0,3.0,md,5.0,216.8,,,us,usp000e9e2,2014-11-07T01:28:15.809Z,"65 km NNW of Petit Valley, Trinidad and Tobago",earthquake,,,,,reviewed,trn,trn
2006-02-03T21:13:47.060Z,6.732,-72.954,170.7,4.0,mb,16.0,85.3,,0.62,us,usp000e9dr,2014-11-07T01:28:15.724Z,"3 km SE of Cepitá, Colombia",earthquake,,6.7,,1.0,reviewed,us,us
2006-02-03T18:21:10.700Z,10.604,-61.603,10.0,2.9,md,4.0,262.1,,,us,usp000e9dk,2014-11-07T01:28:15.592Z,"9 km SW of Mucurapo, Trinidad and Tobago",earthquake,,,,,reviewed,trn,trn
2006-02-03T07:46:16.360Z,10.859,-62.338,63.0,3.1,md,5.0,280.6,,,us,usp000e9cv,2014-11-07T01:28:15.337Z,"31 km N of Güiria, Venezuela",earthquake,,,,,reviewed,trn,trn
2006-02-03T00:49:02.100Z,10.585,-63.724,1.5,4.2,mw,23.0,49.5,,,us,usp000e9br,2014-11-07T01:28:14.763Z,"44 km SSE of Porlamar, Venezuela",earthquake,,,,,reviewed,car,car
2006-02-02T05:54:47.590Z,11.168,-62.052,14.0,3.2,md,8.0,252.0,,,us,usp000e9a9,2014-11-07T01:28:14.092Z,"70 km NNE of Güiria, Venezuela",earthquake,,,,,reviewed,trn,trn
2006-01-30T20:38:27.550Z,10.547,-61.411,43.0,3.4,md,11.0,90.8,,,us,usp000e95k,2014-11-07T01:28:10.772Z,"3 km N of Chaguanas, Trinidad and Tobago",earthquake,,,,,reviewed,trn,trn
2006-01-30T05:34:36.030Z,11.275,-62.042,34.0,3.1,md,8.0,234.0,,,us,usp000e94f,2014-11-07T01:28:10.645Z,"82 km NNE of Güiria, Venezuela",earthquake,,,,,reviewed,trn,trn
2006-01-24T22:27:00.050Z,11.237,-61.976,125.0,3.8,md,16.0,77.4,,,us,usp000e8tb,2014-11-07T01:28:09.305Z,"75 km NW of Petit Valley, Trinidad and Tobago",earthquake,,,,,reviewed,trn,trn
2006-01-23T23:46:12.600Z,9.085,-70.044,0.1,4.8,mw,57.0,44.8,,,us,usp000e8rw,2014-11-07T01:28:09.032Z,"33 km W of Guanare, Venezuela",earthquake,,,,,reviewed,car,car
2006-01-21T21:10:39.980Z,3.712,-73.981,14.1,4.7,mb,25.0,114.5,,1.43,us,usp000e8mh,2014-11-07T01:28:08.145Z,"18 km WSW of Cubarral, Colombia",earthquake,,,,4.0,reviewed,us,us
2006-01-21T20:30:54.810Z,11.531,-61.942,106.0,3.5,md,6.0,225.6,,,us,usp000e8me,2014-11-07T01:28:08.142Z,"61 km SSW of Saint George's, Grenada",earthquake,,,,,reviewed,trn,trn
2006-01-21T05:12:58.040Z,10.812,-62.542,34.0,3.1,md,5.0,278.2,,,us,usp000e8jz,2014-11-07T01:28:07.946Z,"37 km NW of Güiria, Venezuela",earthquake,,,,,reviewed,trn,trn
2006-01-18T18:24:04.840Z,6.739,-72.933,171.0,3.9,mb,8.0,169.9,,0.68,us,usp000e8et,2014-11-07T01:28:07.079Z,"4 km ESE of Cepitá, Colombia",earthquake,,12.6,,1.0,reviewed,us,us
2006-01-17T18:13:50.380Z,6.414,-73.617,127.9,3.4,mb,13.0,116.4,,0.89,us,usp000e8cg,2014-11-07T01:28:06.808Z,"20 km NW of Contratación, Colombia",earthquake,,9.8,,1.0,reviewed,us,us
2006-01-15T08:07:59.670Z,10.843,-62.229,72.0,2.7,md,4.0,229.1,,,us,usp000e88y,2014-11-07T01:28:06.462Z,"30 km NNE of Güiria, Venezuela",earthquake,,,,,reviewed,trn,trn
2006-01-14T13:30:07.050Z,11.031,-62.089,86.0,3.2,md,6.0,242.0,,,us,usp000e87m,2014-11-07T01:28:06.298Z,"55 km NNE of Güiria, Venezuela",earthquake,,,,,reviewed,trn,trn
2006-01-10T03:14:41.890Z,6.679,-72.911,163.2,5.0,mwc,193.0,46.7,,0.89,us,usp000e7yp,2025-12-22T16:14:34.902Z,"10 km SE of Cepitá, Colombia",earthquake,,,,,reviewed,us,hrv
2006-01-09T08:07:34.260Z,10.44,-62.244,3.0,3.0,md,6.0,279.6,,,us,usp000e7wx,2014-11-07T01:28:05.207Z,"16 km SSE of Güiria, Venezuela",earthquake,,,,,reviewed,trn,trn
2006-01-07T03:03:37.390Z,11.365,-60.985,55.0,3.1,md,4.0,138.9,,,us,usp000e7rt,2014-11-07T01:28:04.531Z,"33 km NW of Scarborough, Trinidad and Tobago",earthquake,,,,,reviewed,trn,trn
2006-01-06T19:04:22.380Z,6.743,-72.986,162.2,4.3,mb,54.0,46.6,,0.75,us,usp000e7qs,2014-11-07T01:28:04.395Z,"1 km SW of Cepitá, Colombia",earthquake,,,,27.0,reviewed,us,us
2006-01-06T13:07:43.740Z,6.513,-72.684,182.6,3.9,mb,21.0,182.3,,1.19,us,usp000e7q8,2014-11-07T01:28:04.332Z,"2 km SE of Capitanejo, Colombia",earthquake,,10.8,,12.0,reviewed,us,us
2006-01-03T22:15:06.000Z,9.889,-71.915,5.8,5.0,mw,37.0,58.4,,,us,usp000e7hw,2022-07-14T12:55:44.456Z,"65 km SE of La Villa del Rosario, Venezuela",earthquake,,,,,reviewed,car,car
2006-01-03T05:02:26.300Z,10.725,-62.244,91.0,3.1,md,6.0,264.4,,,us,usp000e7g1,2014-11-07T01:28:02.998Z,"17 km NNE of Güiria, Venezuela",earthquake,,,,,reviewed,trn,trn
2006-01-03T02:52:53.430Z,10.235,-62.489,17.0,3.2,md,4.0,335.2,,,us,usp000e7fu,2014-11-07T01:28:02.926Z,"43 km SSW of Güiria, Venezuela",earthquake,,,,,reviewed,trn,trn
2006-01-02T12:46:05.930Z,6.827,-73.017,163.0,4.0,mb,22.0,98.9,,0.75,us,usp000e7dw,2014-11-07T01:28:02.169Z,"9 km NNW of Cepitá, Colombia",earthquake,,6.3,,5.0,reviewed,us,us
2006-01-02T03:27:25.320Z,11.151,-61.646,17.0,3.1,md,5.0,192.2,,,us,usp000e7d3,2014-11-07T01:28:01.787Z,"51 km NNW of Petit Valley, Trinidad and Tobago",earthquake,,,,,reviewed,trn,trn
2006-01-01T21:31:28.490Z,11.31,-60.225,71.9,4.4,mb,30.0,98.7,,1.26,us,usp000e7ck,2014-11-07T01:28:01.577Z,"57 km ENE of Scarborough, Trinidad and Tobago",earthquake,,8.5,,5.0,reviewed,us,us
2006-01-01T12:06:07.200Z,10.939,-62.219,67.0,3.3,md,4.0,272.5,,,us,usp000e7bq,2014-11-07T01:28:01.240Z,"40 km NNE of Güiria, Venezuela",earthquake,,,,,reviewed,trn,trn
2006-01-01T09:43:14.810Z,11.839,-71.193,69.0,5.1,mwc,189.0,36.3,,0.87,us,usp000e7ba,2025-12-22T16:14:40.894Z,"108 km W of Punta Cardón, Venezuela",earthquake,,,,,reviewed,us,hrv
2005-12-30T03:14:29.780Z,6.784,-72.974,161.2,4.0,mb,24.0,70.5,,0.62,us,usp000e76r,2014-11-07T01:27:58.197Z,"3 km N of Cepitá, Colombia",earthquake,,6.0,,9.0,reviewed,us,us
2005-12-26T14:17:32.300Z,5.286,-73.667,156.8,4.0,mb,8.0,114.1,,1.44,us,usp000e6ys,2014-11-07T01:27:57.264Z,"5 km ESE of Lenguazaque, Colombia",earthquake,,10.5,,4.0,reviewed,us,us
2005-12-25T04:35:24.680Z,10.822,-62.402,103.0,3.6,md,11.0,139.2,,,us,usp000e6ty,2014-11-07T01:27:56.457Z,"29 km NNW of Güiria, Venezuela",earthquake,,,,,reviewed,trn,trn
2005-12-25T00:43:25.650Z,10.839,-61.193,68.0,3.4,md,8.0,113.4,,,us,usp000e6te,2014-11-07T01:27:56.418Z,"24 km NNE of Arima, Trinidad and Tobago",earthquake,,,,,reviewed,trn,trn
2005-12-22T04:01:33.170Z,11.703,-62.115,107.0,3.1,md,6.0,249.7,,,us,usp000e6kd,2014-11-07T01:27:55.649Z,"55 km SW of Saint George's, Grenada",earthquake,,,,,reviewed,trn,trn
2005-12-21T14:00:46.300Z,10.791,-61.602,73.0,2.7,md,6.0,195.1,,,us,usp000e6ja,2014-11-07T01:27:55.477Z,"11 km NNW of Petit Valley, Trinidad and Tobago",earthquake,,,,,reviewed,trn,trn
2005-12-20T06:55:24.520Z,11.055,-61.641,48.0,3.0,md,4.0,209.0,,,us,usp000e6g1,2014-11-07T01:27:55.221Z,"40 km NNW of Petit Valley, Trinidad and Tobago",earthquake,,,,,reviewed,trn,trn
2005-12-19T21:33:13.890Z,10.753,-62.201,80.0,3.7,md,8.0,254.1,,,us,usp000e6fe,2014-11-07T01:27:55.119Z,"22 km NNE of Güiria, Venezuela",earthquake,,,,,reviewed,trn,trn
2005-12-17T19:59:30.090Z,6.742,-72.962,166.2,4.4,mb,7.0,168.9,,0.24,us,usp000e6b8,2014-11-07T01:27:54.622Z,"1 km SE of Cepitá, Colombia",earthquake,,12.6,,3.0,reviewed,us,us
2005-12-17T00:32:36.210Z,6.764,-72.973,160.7,3.8,mb,16.0,70.6,,0.66,us,usp000e69w,2014-11-07T01:27:54.475Z,"1 km N of Cepitá, Colombia",earthquake,,,,1.0,reviewed,us,us
2005-12-16T22:40:37.200Z,10.191,-62.236,5.0,3.2,md,6.0,295.3,,,us,usp000e69t,2014-11-07T01:27:54.469Z,"43 km S of Güiria, Venezuela",earthquake,,,,,reviewed,trn,trn
2005-12-15T09:09:30.900Z,6.737,-72.942,163.0,4.1,mb,35.0,70.7,,0.7,us,usp000e666,2014-11-07T01:27:54.085Z,"4 km ESE of Cepitá, Colombia",earthquake,,,,14.0,reviewed,us,us
2005-12-14T21:32:12.100Z,8.332,-70.623,1.2,4.3,mw,10.0,178.2,,,us,usp000e657,2014-11-07T01:27:53.672Z,"52 km WSW of Alto Barinas, Venezuela",earthquake,,,,,reviewed,car,car
2005-12-14T11:08:30.510Z,6.767,-72.926,169.7,4.1,mb,10.0,169.4,,0.35,us,usp000e64k,2014-11-07T01:27:53.609Z,"5 km ENE of Cepitá, Colombia",earthquake,,10.8,,1.0,reviewed,us,us
2005-12-14T02:04:43.760Z,10.604,-62.146,0.0,3.6,md,21.0,67.9,,,us,usp000e63u,2014-11-07T01:27:53.464Z,"16 km E of Güiria, Venezuela",earthquake,,,,,reviewed,trn,trn
2005-12-13T14:43:07.380Z,11.291,-61.795,10.1,2.8,md,6.0,207.9,,,us,usp000e638,2014-11-07T01:27:53.408Z,"70 km NNW of Petit Valley, Trinidad and Tobago",earthquake,,,,,reviewed,trn,trn
2005-12-12T03:45:15.230Z,11.071,-62.106,26.0,3.4,md,7.0,198.8,,,us,usp000e60g,2014-11-07T01:27:52.973Z,"58 km NNE of Güiria, Venezuela",earthquake,,,,,reviewed,trn,trn
2005-12-09T15:05:27.800Z,10.295,-62.344,0.2,4.0,mw,34.0,68.4,,,us,usp000e5v4,2014-11-07T01:27:52.149Z,"31 km S of Güiria, Venezuela",earthquake,,,,,reviewed,car,car
2005-12-08T13:02:22.280Z,10.802,-62.189,79.0,3.1,md,4.0,257.4,,,us,usp000e5sx,2014-11-07T01:27:51.920Z,"27 km NNE of Güiria, Venezuela",earthquake,,,,,reviewed,trn,trn
2005-12-08T10:24:41.980Z,6.653,-73.163,153.3,3.7,mb,9.0,98.9,,1.19,us,usp000e5sh,2014-11-07T01:27:51.891Z,"2 km SSE of Villanueva, Colombia",earthquake,,32.6,,1.0,reviewed,us,us
2005-12-03T02:01:12.170Z,6.739,-72.996,169.8,4.1,mb,15.0,70.7,,0.66,us,usp000e5d7,2014-11-07T01:27:49.516Z,"2 km SW of Cepitá, Colombia",earthquake,,6.9,,1.0,reviewed,us,us
2005-12-02T03:54:29.470Z,10.603,-61.71,7.0,2.9,md,4.0,223.7,,,us,usp000e5b6,2014-11-07T01:27:48.830Z,"20 km WSW of Mucurapo, Trinidad and Tobago",earthquake,,,,,reviewed,trn,trn
2005-12-02T03:49:07.510Z,10.53,-61.385,22.0,2.6,md,4.0,154.6,,,us,usp000e5b5,2014-11-07T01:27:48.828Z,"3 km ENE of Chaguanas, Trinidad and Tobago",earthquake,,,,,reviewed,trn,trn
2005-12-02T03:43:44.620Z,10.538,-61.289,21.0,2.7,md,4.0,178.0,,,us,usp000e5b4,2014-11-07T01:27:48.825Z,"11 km S of Arima, Trinidad and Tobago",earthquake,,,,,reviewed,trn,trn
2005-12-02T03:30:40.100Z,10.592,-61.452,17.0,4.3,mb,59.0,63.7,,,us,usp000e5b2,2014-11-07T01:27:48.798Z,"8 km SE of Laventille, Trinidad and Tobago",earthquake,,,,15.0,reviewed,trn,us
2005-12-01T22:21:12.700Z,10.764,-62.208,78.4,4.0,mw,33.0,50.6,,,us,usp000e5ap,2014-11-07T01:27:48.666Z,near the coast of Venezuela,earthquake,,,,,reviewed,car,car
2005-12-01T18:31:33.610Z,7.067,-72.764,189.2,4.3,mb,44.0,47.0,,0.87,us,usp000e5ab,2014-11-07T01:27:48.555Z,"13 km SW of Chitagá, Colombia",earthquake,,6.3,,18.0,reviewed,us,us
2005-12-01T05:43:31.470Z,6.791,-72.978,163.5,4.3,mb,37.0,46.8,,0.75,us,usp000e593,2014-11-07T01:27:47.926Z,"4 km N of Cepitá, Colombia",earthquake,,5.6,,17.0,reviewed,us,us
2005-11-29T23:51:23.040Z,11.177,-61.607,9.0,3.0,md,4.0,187.1,,,us,usp000e56u,2014-11-07T01:27:45.103Z,"53 km N of Petit Valley, Trinidad and Tobago",earthquake,,,,,reviewed,trn,trn
2005-11-29T14:18:22.360Z,10.821,-62.277,69.0,2.8,md,4.0,156.4,,,us,usp000e55b,2014-11-07T01:27:44.995Z,"27 km N of Güiria, Venezuela",earthquake,,,,,reviewed,trn,trn
2005-11-29T05:47:41.040Z,11.111,-61.936,85.0,3.3,md,4.0,225.6,,,us,usp000e54m,2014-11-07T01:27:44.937Z,"62 km NW of Petit Valley, Trinidad and Tobago",earthquake,,,,,reviewed,trn,trn
2005-11-24T11:25:08.170Z,10.823,-62.599,34.0,3.1,md,4.0,280.7,,,us,usp000e4tn,2014-11-07T01:27:42.966Z,"42 km NW of Güiria, Venezuela",earthquake,,,,,reviewed,trn,trn
2005-11-24T04:53:47.370Z,12.028,-62.024,147.0,3.6,md,5.0,229.6,,,us,usp000e4t8,2014-11-07T01:27:42.898Z,"29 km W of Saint George's, Grenada",earthquake,,,,,reviewed,trn,trn
2005-11-23T17:50:51.460Z,6.777,-72.88,160.9,4.6,mb,71.0,46.7,,0.76,us,usp000e4sc,2014-11-07T01:27:42.698Z,"5 km SW of San Andrés, Colombia",earthquake,,,,31.0,reviewed,us,us
2005-11-20T08:49:48.280Z,6.652,-72.749,181.6,0.0,,10.0,178.3,,1.27,us,usp000e4j0,2014-11-07T01:27:41.415Z,"1 km WSW of San José de Miranda, Colombia",earthquake,,11.9,,,reviewed,us,us
2005-11-19T06:19:50.060Z,4.949,-72.523,50.2,3.4,mb,12.0,120.4,,1.16,us,usp000e4g0,2014-11-07T01:27:41.063Z,"22 km N of Ubalá, Colombia",earthquake,,13.4,,3.0,reviewed,us,us
2005-11-14T07:17:36.770Z,6.84,-73.048,162.9,3.9,mb,11.0,118.6,,1.12,us,usp000e44y,2014-11-07T01:27:39.292Z,"12 km NW of Cepitá, Colombia",earthquake,,10.2,,2.0,reviewed,us,us
2005-11-11T08:23:34.530Z,6.756,-72.984,169.5,3.7,mb,10.0,100.2,,0.24,us,usp000e3yb,2014-11-07T01:27:38.221Z,"1 km W of Cepitá, Colombia",earthquake,,7.9,,1.0,reviewed,us,us
2005-11-08T18:16:49.520Z,6.726,-72.91,168.9,0.0,,7.0,171.1,,0.43,us,usp000e3sk,2014-11-07T01:27:37.230Z,"7 km ESE of Cepitá, Colombia",earthquake,,12.6,,,reviewed,us,us
2005-11-08T04:45:17.880Z,6.77,-72.999,172.2,3.5,mb,7.0,99.8,,0.59,us,usp000e3qz,2014-11-07T01:27:37.026Z,"3 km WNW of Cepitá, Colombia",earthquake,,9.1,,1.0,reviewed,us,us
2005-11-08T03:58:27.620Z,6.723,-72.963,170.1,4.1,mb,41.0,62.3,,0.65,us,usp000e3qy,2014-11-07T01:27:37.022Z,"3 km SSE of Cepitá, Colombia",earthquake,,5.1,,15.0,reviewed,us,us
2005-11-07T03:05:37.730Z,6.706,-72.974,175.6,4.4,mb,8.0,101.0,,0.8,us,usp000e3nn,2014-11-07T01:27:36.789Z,"5 km ENE of Aratoca, Colombia",earthquake,,9.8,,1.0,reviewed,us,us
2005-11-06T04:04:15.170Z,12.833,-60.838,71.0,3.3,md,5.0,220.6,,,us,usp000e3m0,2014-11-07T01:27:36.574Z,"47 km ESE of Port Elizabeth, Saint Vincent and the Grenadines",earthquake,,,,,reviewed,trn,trn
2005-11-02T20:42:14.280Z,6.817,-72.932,164.7,4.1,mb,12.0,100.3,,0.84,us,usp000e3cc,2014-11-07T01:27:34.323Z,"8 km NE of Cepitá, Colombia",earthquake,,8.2,,1.0,reviewed,us,us
2005-11-01T07:06:41.700Z,12.003,-60.567,47.0,3.0,md,5.0,222.1,,,us,usp000e399,2014-11-07T01:27:33.073Z,"92 km NNE of Scarborough, Trinidad and Tobago",earthquake,,,,,reviewed,trn,trn
2005-11-01T03:04:45.930Z,6.823,-73.018,165.2,3.9,mb,16.0,98.9,,0.6,us,usp000e38z,2014-11-07T01:27:32.807Z,"9 km NNW of Cepitá, Colombia",earthquake,,7.0,,4.0,reviewed,us,us
2005-10-31T04:04:51.870Z,11.076,-61.624,32.0,3.7,md,12.0,101.0,,,us,usp000e36d,2014-11-07T01:27:30.670Z,"42 km NNW of Petit Valley, Trinidad and Tobago",earthquake,,,,,reviewed,trn,trn
2005-10-30T02:39:48.910Z,11.133,-61.611,16.0,3.0,md,4.0,188.2,,,us,usp000e34g,2014-11-07T01:27:30.402Z,"48 km N of Petit Valley, Trinidad and Tobago",earthquake,,,,,reviewed,trn,trn
2005-10-29T11:03:00.410Z,11.701,-73.905,68.2,4.3,mb,11.0,151.5,,1.0,us,usp000e32x,2014-11-07T01:27:30.231Z,"60 km NNE of Santa Marta, Colombia",earthquake,,18.5,,2.0,reviewed,us,us
2005-10-28T22:30:58.240Z,11.07,-62.04,64.2,5.4,mwc,375.0,30.8,,0.88,us,usp000e31m,2025-12-19T23:23:35.391Z,"61 km NNE of Güiria, Venezuela",earthquake,,,,,reviewed,us,hrv
2005-10-27T02:27:42.680Z,10.874,-62.264,10.0,3.3,md,4.0,260.1,,,us,usp000e2x5,2014-11-07T01:27:29.449Z,"33 km N of Güiria, Venezuela",earthquake,,,,,reviewed,trn,trn
2005-10-24T09:19:19.780Z,11.138,-62.079,116.0,5.1,mwc,133.0,37.5,,,us,usp000e2qm,2025-12-19T23:23:26.511Z,"66 km NNE of Güiria, Venezuela",earthquake,,,,,reviewed,trn,hrv
2005-10-24T03:49:28.550Z,6.735,-73.031,169.0,3.9,mb,13.0,96.9,,0.94,us,usp000e2q0,2014-11-07T01:27:28.363Z,"4 km NNW of Aratoca, Colombia",earthquake,,9.1,,1.0,reviewed,us,us
2005-10-23T19:29:09.200Z,9.712,-73.37,113.2,4.3,mb,29.0,54.8,,1.1,us,usp000e2nm,2014-11-07T01:27:28.204Z,"9 km W of Becerril, Colombia",earthquake,,,,6.0,reviewed,us,us
2005-10-23T09:42:47.370Z,10.841,-61.16,37.0,2.6,md,4.0,178.0,,,us,usp000e2m5,2014-11-07T01:27:27.986Z,"26 km NNE of Arima, Trinidad and Tobago",earthquake,,,,,reviewed,trn,trn
2005-10-21T22:45:29.220Z,6.841,-72.991,165.7,4.0,mb,9.0,126.0,,0.79,us,usp000e2ft,2014-11-07T01:27:27.594Z,"9 km N of Cepitá, Colombia",earthquake,,9.9,,2.0,reviewed,us,us
2005-10-20T05:49:03.810Z,6.774,-72.91,165.2,4.5,mb,76.0,46.2,,0.91,us,usp000e2a5,2014-11-07T01:27:26.890Z,"7 km ENE of Cepitá, Colombia",earthquake,,,,40.0,reviewed,us,us
2005-10-19T21:26:10.980Z,10.79,-62.376,24.0,3.0,md,6.0,269.9,,,us,usp000e29a,2014-11-07T01:27:26.824Z,"25 km NNW of Güiria, Venezuela",earthquake,,,,,reviewed,trn,trn
2005-10-19T20:53:44.800Z,11.37,-69.61,13.6,4.3,mb,28.0,57.8,,,us,usp000e298,2014-11-07T01:27:26.816Z,"7 km ESE of Coro, Venezuela",earthquake,,,,3.0,reviewed,car,us
2005-10-17T02:47:59.780Z,10.378,-63.718,35.0,3.4,mb,13.0,79.2,,1.08,us,usp000e1zp,2014-11-07T01:27:25.219Z,"51 km E of Cumaná, Venezuela",earthquake,,,,1.0,reviewed,us,us
2005-10-13T14:49:44.000Z,9.68,-62.55,24.7,4.0,md,7.0,313.6,,,us,usp000e1r5,2014-11-07T01:27:23.084Z,"69 km E of Maturín, Venezuela",earthquake,,,,,reviewed,car,trn
2005-10-11T15:25:16.990Z,11.397,-61.557,35.0,4.0,mb,7.0,167.8,,1.41,us,usp000e1ma,2014-11-07T01:27:22.650Z,"73 km S of Saint David’s, Grenada",earthquake,,,,1.0,reviewed,us,us
2005-10-10T12:49:53.310Z,10.827,-62.183,64.0,3.1,md,7.0,207.4,,,us,usp000e1h5,2014-11-07T01:27:22.126Z,near the coast of Venezuela,earthquake,,,,,reviewed,trn,trn
2005-10-09T19:57:10.270Z,6.767,-72.954,168.5,0.0,,10.0,130.3,,0.68,us,usp000e1er,2014-11-07T01:27:20.760Z,"2 km ENE of Cepitá, Colombia",earthquake,,7.7,,,reviewed,us,us
2005-10-08T22:12:24.880Z,7.738,-73.112,152.6,3.9,mb,6.0,85.2,,0.32,us,usp000e19j,2014-11-07T01:27:20.030Z,"7 km W of Cáchira, Colombia",earthquake,,11.7,,1.0,reviewed,us,us
2005-10-05T22:34:19.900Z,11.023,-61.827,12.0,2.9,md,4.0,236.4,,,us,usp000e0xw,2014-11-07T01:27:17.578Z,"47 km NW of Petit Valley, Trinidad and Tobago",earthquake,,,,,reviewed,trn,trn
2005-10-03T12:04:06.760Z,10.507,-61.12,28.0,2.8,md,4.0,126.3,,,us,usp000e0th,2014-11-07T01:27:16.445Z,"8 km S of Sangre Grande, Trinidad and Tobago",earthquake,,,,,reviewed,trn,trn
2005-10-02T06:41:35.470Z,11.312,-61.486,19.0,2.8,md,8.0,170.5,,,us,usp000e0q8,2014-11-07T01:27:15.509Z,"68 km N of Petit Valley, Trinidad and Tobago",earthquake,,,,,reviewed,trn,trn
2005-10-01T18:08:18.310Z,6.752,-72.965,168.7,0.0,,8.0,168.6,,0.38,us,usp000e0nt,2014-11-07T01:27:14.766Z,"1 km ESE of Cepitá, Colombia",earthquake,,9.8,,,reviewed,us,us
2005-09-29T23:10:44.930Z,10.235,-60.76,128.0,3.5,md,6.0,274.3,,,us,usp000e0hx,2014-11-07T01:27:11.674Z,"46 km E of Rio Claro, Trinidad and Tobago",earthquake,,,,,reviewed,trn,trn
2005-09-29T10:12:07.910Z,10.303,-60.623,69.0,3.0,md,5.0,277.2,,,us,usp000e0gh,2014-11-07T01:27:11.264Z,"60 km E of Rio Claro, Trinidad and Tobago",earthquake,,,,,reviewed,trn,trn
2005-09-27T19:50:41.400Z,6.831,-73.059,162.2,4.0,mb,7.0,98.2,,0.59,us,usp000e0d2,2014-11-07T01:27:10.797Z,"11 km NNE of Jordán, Colombia",earthquake,,9.7,,1.0,reviewed,us,us
2005-09-20T10:33:51.260Z,6.763,-72.944,173.2,3.7,mb,12.0,100.7,,0.55,us,usp000dzsy,2014-11-07T01:27:06.357Z,"3 km ENE of Cepitá, Colombia",earthquake,,7.4,,2.0,reviewed,us,us
2005-09-15T16:17:13.360Z,13.214,-61.21,3.0,2.6,md,5.0,166.5,,,us,usp000dzgk,2014-11-07T01:27:04.408Z,"6 km NNE of Kingstown Park, Saint Vincent and the Grenadines",earthquake,,,,,reviewed,trn,trn
2005-09-15T06:46:26.520Z,10.128,-72.379,178.6,4.3,mb,15.0,82.1,,0.72,us,usp000dzfz,2014-11-07T01:27:04.361Z,"20 km ENE of Machiques, Venezuela",earthquake,,16.4,,1.0,reviewed,us,us
2005-09-15T02:20:31.860Z,10.818,-62.288,74.0,3.2,md,14.0,124.3,,,us,usp000dzfq,2014-11-07T01:27:04.328Z,"26 km N of Güiria, Venezuela",earthquake,,,,,reviewed,trn,trn
2005-09-14T21:19:20.210Z,10.899,-62.615,90.0,3.1,md,5.0,291.6,,,us,usp000dzfc,2014-11-07T01:27:04.304Z,"49 km NW of Güiria, Venezuela",earthquake,,,,,reviewed,trn,trn
2005-09-14T10:25:43.650Z,11.238,-62.238,130.0,3.1,md,7.0,251.0,,,us,usp000dzec,2014-11-07T01:27:04.044Z,"73 km N of Güiria, Venezuela",earthquake,,,,,reviewed,trn,trn
2005-09-13T08:59:08.200Z,10.34,-63.08,24.6,3.7,md,5.0,311.8,,,us,usp000dzcg,2014-11-07T01:27:03.870Z,"40 km SSE of Carúpano, Venezuela",earthquake,,,,,reviewed,car,trn
2005-09-12T22:29:42.700Z,10.909,-62.272,85.0,3.1,md,5.0,276.1,,,us,usp000dzbn,2014-11-07T01:27:03.789Z,"36 km N of Güiria, Venezuela",earthquake,,,,,reviewed,trn,car
2005-09-11T13:52:50.480Z,11.095,-62.165,29.0,3.8,md,9.0,227.6,,,us,usp000dz8j,2014-11-07T01:27:03.385Z,"59 km NNE of Güiria, Venezuela",earthquake,,,,,reviewed,trn,trn
2005-09-11T07:50:55.440Z,10.945,-62.107,155.0,3.8,md,4.0,226.2,,,us,usp000dz82,2014-11-07T01:27:03.337Z,"45 km NNE of Güiria, Venezuela",earthquake,,,,,reviewed,trn,trn
2005-09-07T14:57:55.950Z,10.77,-62.141,74.0,2.9,md,7.0,255.2,,,us,usp000dyy6,2014-11-07T01:27:01.786Z,"27 km NE of Güiria, Venezuela",earthquake,,,,,reviewed,trn,trn
2005-09-06T08:26:18.830Z,10.594,-61.134,22.0,3.0,md,6.0,113.3,,,us,usp000dyvc,2014-11-07T01:27:00.994Z,"0 km NNW of Sangre Grande, Trinidad and Tobago",earthquake,,,,,reviewed,trn,trn
2005-09-04T18:06:35.420Z,7.46,-73.964,112.4,3.7,mb,6.0,183.7,,0.65,us,usp000dys3,2014-11-07T01:27:00.396Z,"10 km NNW of Cantagallo, Colombia",earthquake,,12.7,,3.0,reviewed,us,us
2005-09-03T06:18:56.550Z,10.833,-62.307,75.0,2.9,md,6.0,264.3,,,us,usp000dynp,2014-11-07T01:26:59.669Z,near the coast of Venezuela,earthquake,,,,,reviewed,trn,trn
2005-08-30T10:48:53.910Z,6.794,-72.955,159.4,3.8,mb,25.0,70.5,,0.72,us,usp000dyb8,2014-11-07T01:26:54.530Z,"4 km NNE of Cepitá, Colombia",earthquake,,,,9.0,reviewed,us,us
2005-08-29T16:32:24.410Z,10.867,-61.516,34.0,2.6,md,5.0,200.7,,,us,usp000dy9j,2014-11-07T01:26:54.289Z,"18 km N of Petit Valley, Trinidad and Tobago",earthquake,,,,,reviewed,trn,trn
2005-08-28T23:03:10.400Z,11.42,-70.42,25.0,4.2,mb,25.0,57.6,,,us,usp000dy8b,2014-11-07T01:26:54.072Z,"34 km SW of Punta Cardón, Venezuela",earthquake,,,,2.0,reviewed,car,us
2005-08-28T02:35:26.120Z,6.818,-73.004,162.3,4.2,mb,26.0,119.5,,0.66,us,usp000dy6b,2014-11-07T01:26:53.429Z,"7 km NNW of Cepitá, Colombia",earthquake,,6.7,,13.0,reviewed,us,us
2005-08-27T00:06:12.640Z,6.795,-72.962,164.5,4.0,mb,20.0,70.5,,0.64,us,usp000dy4d,2014-11-07T01:26:52.942Z,"4 km NNE of Cepitá, Colombia",earthquake,,6.4,,4.0,reviewed,us,us
2005-08-24T14:10:26.110Z,6.775,-72.968,166.7,4.3,mb,9.0,167.8,,0.41,us,usp000dxyk,2014-11-07T01:26:52.043Z,"2 km NNE of Cepitá, Colombia",earthquake,,11.6,,1.0,reviewed,us,us
2005-08-23T10:38:15.680Z,10.418,-62.26,8.0,3.2,md,7.0,281.5,,,us,usp000dxwg,2014-11-07T01:26:51.711Z,"18 km SSE of Güiria, Venezuela",earthquake,,,,,reviewed,trn,trn
2005-08-23T03:34:21.210Z,10.774,-62.354,79.0,3.8,md,15.0,80.5,,,us,usp000dxvt,2014-11-07T01:26:51.634Z,"22 km NNW of Güiria, Venezuela",earthquake,,,,,reviewed,trn,trn
2005-08-22T21:07:59.390Z,10.866,-61.847,24.0,2.9,md,5.0,251.7,,,us,usp000dxv6,2014-11-07T01:26:51.580Z,"37 km WNW of Petit Valley, Trinidad and Tobago",earthquake,,,,,reviewed,trn,trn
2005-08-21T15:16:47.590Z,6.803,-72.986,164.4,4.0,mb,11.0,99.6,,0.7,us,usp000dxsu,2014-11-07T01:26:51.165Z,"5 km NNW of Cepitá, Colombia",earthquake,,,,2.0,reviewed,us,us
2005-08-19T03:17:23.350Z,6.78,-73.011,170.4,3.9,mb,11.0,70.6,,0.43,us,usp000dxms,2014-11-07T01:26:50.186Z,"4 km NW of Cepitá, Colombia",earthquake,,7.3,,1.0,reviewed,us,us
2005-08-18T07:59:52.000Z,6.761,-73.006,167.3,3.8,mb,13.0,84.2,,0.79,us,usp000dxk4,2014-11-07T01:26:50.040Z,"3 km WNW of Cepitá, Colombia",earthquake,,8.4,,2.0,reviewed,us,us
2005-08-18T03:59:20.560Z,10.573,-61.806,29.0,2.9,md,5.0,292.8,,,us,usp000dxjn,2014-11-07T01:26:50.005Z,"31 km WSW of Mucurapo, Trinidad and Tobago",earthquake,,,,,reviewed,trn,trn
2005-08-17T06:42:31.140Z,9.398,-62.068,17.0,4.6,mb,41.0,229.9,,1.23,us,usp000dxh2,2014-11-07T01:26:49.833Z,"37 km N of Tucupita, Venezuela",earthquake,,,,24.0,reviewed,us,us
2005-08-16T09:21:08.310Z,8.686,-70.68,14.8,3.6,mb,8.0,149.5,,0.36,us,usp000dxeq,2014-11-07T01:26:49.508Z,"30 km WSW of Barinitas, Venezuela",earthquake,,7.8,,2.0,reviewed,us,us
2005-08-15T01:56:52.830Z,9.726,-69.59,12.4,4.8,mb,103.0,75.8,,1.11,us,usp000dxbz,2014-11-07T01:26:49.122Z,"22 km S of Quíbor, Venezuela",earthquake,,21.9,,48.0,reviewed,us,us
2005-08-15T01:55:32.410Z,9.755,-69.802,30.0,4.3,mb,20.0,157.8,,1.06,us,usp000dxby,2014-11-07T01:26:49.119Z,"3 km SSW of El Tocuyo, Venezuela",earthquake,,,,11.0,reviewed,us,us
2005-08-12T05:47:03.470Z,9.18,-70.332,1.0,3.9,mb,8.0,116.3,,1.03,us,usp000dx63,2014-11-07T01:26:48.418Z,"23 km SSE of Trujillo, Venezuela",earthquake,,17.0,,1.0,reviewed,us,us
2005-08-08T22:15:34.870Z,6.741,-72.916,159.8,3.7,mb,6.0,101.4,,1.42,us,usp000dwz9,2014-11-07T01:26:47.408Z,"6 km ESE of Cepitá, Colombia",earthquake,,13.7,,1.0,reviewed,us,us
2005-08-08T09:38:38.200Z,11.754,-66.201,32.5,4.7,mw,55.0,65.4,,,us,usp000dwxz,2014-11-07T01:26:46.781Z,"144 km NNE of Caraballeda, Venezuela",earthquake,,,,,reviewed,car,car
2005-08-07T12:01:50.820Z,6.237,-72.203,59.7,3.6,mb,11.0,118.6,,0.84,us,usp000dww4,2014-11-07T01:26:45.733Z,"16 km NNE of Sácama, Colombia",earthquake,,11.0,,3.0,reviewed,us,us
2005-08-04T05:27:17.960Z,10.902,-62.361,67.0,3.0,md,6.0,265.8,,,us,usp000dwmu,2014-11-07T01:26:43.685Z,"36 km N of Güiria, Venezuela",earthquake,,,,,reviewed,trn,trn
2005-08-04T05:21:49.220Z,10.923,-62.226,131.0,3.1,md,7.0,255.6,,,us,usp000dwms,2014-11-07T01:26:43.679Z,"39 km NNE of Güiria, Venezuela",earthquake,,,,,reviewed,trn,trn
2005-08-04T04:35:39.550Z,10.94,-62.479,103.9,4.6,mw,193.0,30.9,,1.11,us,usp000dwmq,2014-11-07T01:26:43.607Z,"44 km NNW of Güiria, Venezuela",earthquake,,2.5,,,reviewed,us,car
2005-08-01T17:58:30.500Z,8.583,-70.815,0.1,4.0,mw,21.0,76.3,,,us,usp000dwfj,2014-11-07T01:26:41.642Z,"37 km E of Mérida, Venezuela",earthquake,,,,,reviewed,car,car
2005-07-30T08:18:17.050Z,11.768,-60.504,7.0,3.7,md,7.0,225.3,,,us,usp000dw9n,2014-11-07T01:26:36.172Z,"69 km NNE of Scarborough, Trinidad and Tobago",earthquake,,,,,reviewed,trn,trn
2005-07-30T01:33:47.020Z,6.861,-73.046,157.4,3.5,mb,12.0,98.9,,0.59,us,usp000dw8w,2014-11-07T01:26:36.112Z,"14 km S of Piedecuesta, Colombia",earthquake,,9.5,,3.0,reviewed,us,us
2005-07-29T23:25:42.360Z,10.53,-61.107,30.0,3.0,md,4.0,112.9,,,us,usp000dw8h,2014-11-07T01:26:36.035Z,"6 km SSE of Sangre Grande, Trinidad and Tobago",earthquake,,,,,reviewed,trn,trn
2005-07-28T03:53:08.120Z,11.025,-60.621,34.0,3.1,md,5.0,253.3,,,us,usp000dw3j,2014-11-07T01:26:34.778Z,"21 km SE of Scarborough, Trinidad and Tobago",earthquake,,,,,reviewed,trn,trn
2005-07-26T18:43:13.020Z,8.124,-73.017,166.3,3.9,mb,12.0,77.8,,0.5,us,usp000dw07,2014-11-07T01:26:34.129Z,"19 km WNW of Bucarasica, Colombia",earthquake,,7.8,,2.0,reviewed,us,us
2005-07-25T04:27:56.100Z,9.86,-62.84,18.7,4.1,md,4.0,315.0,,,us,usp000dvva,2014-11-07T01:26:33.160Z,"39 km ENE of Maturín, Venezuela",earthquake,,,,,reviewed,car,trn
2005-07-25T04:27:30.800Z,9.87,-62.75,20.2,3.5,md,5.0,314.3,,,us,usp000dvv9,2014-11-07T01:26:33.158Z,"49 km ENE of Maturín, Venezuela",earthquake,,,,,reviewed,car,car
2005-07-25T04:23:57.580Z,9.967,-63.014,50.1,4.3,mb,45.0,41.2,,0.93,us,usp000dvv8,2014-11-07T01:26:33.154Z,"30 km NE of Maturín, Venezuela",earthquake,,6.0,,9.0,reviewed,us,us
2005-07-23T12:31:45.850Z,6.787,-72.919,169.7,3.9,mb,10.0,70.5,,0.67,us,usp000dvrh,2014-11-07T01:26:32.022Z,"7 km ENE of Cepitá, Colombia",earthquake,,8.2,,1.0,reviewed,us,us
2005-07-21T18:50:29.010Z,10.776,-62.407,17.7,3.7,md,5.0,319.8,,,us,usp000dvmx,2014-11-07T01:26:31.489Z,"24 km NNW of Güiria, Venezuela",earthquake,,,,,reviewed,trn,trn
2005-07-19T06:41:28.460Z,11.283,-61.936,93.4,3.4,md,6.0,223.6,,,us,usp000dvg8,2014-11-07T01:26:30.892Z,"77 km NNW of Petit Valley, Trinidad and Tobago",earthquake,,,,,reviewed,trn,trn
2005-07-19T06:39:39.340Z,11.726,-61.454,74.5,3.5,md,7.0,155.0,,,us,usp000dvg7,2014-11-07T01:26:30.890Z,"42 km SSE of Saint David’s, Grenada",earthquake,,,,,reviewed,trn,trn
2005-07-18T04:15:44.010Z,6.667,-72.9,172.4,4.1,mb,7.0,102.5,,0.7,us,usp000dved,2014-11-07T01:26:30.702Z,"10 km W of Molagavita, Colombia",earthquake,,10.4,,2.0,reviewed,us,us
2005-07-18T03:04:34.890Z,6.784,-72.975,164.0,3.8,mb,12.0,100.0,,0.79,us,usp000dve3,2014-11-07T01:26:30.676Z,"3 km N of Cepitá, Colombia",earthquake,,8.6,,4.0,reviewed,us,us
2005-07-18T01:45:51.600Z,10.321,-61.478,46.5,3.1,md,4.0,274.3,,,us,usp000dvdt,2014-11-07T01:26:30.599Z,"3 km WNW of Marabella, Trinidad and Tobago",earthquake,,,,,reviewed,trn,trn
2005-07-17T11:10:51.920Z,10.531,-61.785,30.2,3.0,md,4.0,293.7,,,us,usp000dvcr,2014-11-07T01:26:30.473Z,"30 km WSW of Mucurapo, Trinidad and Tobago",earthquake,,,,,reviewed,trn,trn
2005-07-15T21:02:15.720Z,8.565,-71.337,10.0,4.8,mwc,202.0,65.8,,0.7,us,usp000dv98,2016-11-10T01:08:41.831Z,"10 km W of Ejido, Venezuela",earthquake,,,,,reviewed,us,hrv
2005-07-14T14:16:40.080Z,11.092,-62.15,19.7,2.9,md,4.0,264.8,,,us,usp000dv6h,2014-11-07T01:26:29.486Z,"59 km NNE of Güiria, Venezuela",earthquake,,,,,reviewed,trn,trn
2005-07-14T05:07:54.340Z,11.805,-60.656,25.7,3.2,md,6.0,207.2,,,us,usp000dv5t,2014-11-07T01:26:29.382Z,"69 km N of Scarborough, Trinidad and Tobago",earthquake,,,,,reviewed,trn,trn
2005-07-10T12:06:59.340Z,10.909,-62.204,68.0,3.4,md,6.0,254.7,,,us,usp000duwy,2014-11-07T01:26:28.140Z,"38 km NNE of Güiria, Venezuela",earthquake,,,,,reviewed,trn,car
2005-07-10T11:12:23.640Z,6.776,-72.982,170.8,3.8,mb,12.0,100.0,,0.4,us,usp000duwt,2014-11-07T01:26:28.129Z,"2 km NNW of Cepitá, Colombia",earthquake,,7.8,,5.0,reviewed,us,us
2005-07-09T16:56:24.700Z,6.75,-72.916,157.3,4.7,mb,167.0,46.6,,0.76,us,usp000duve,2014-11-07T01:26:27.889Z,"6 km E of Cepitá, Colombia",earthquake,,,,73.0,reviewed,us,us
2005-07-09T13:47:13.820Z,10.334,-62.423,5.0,3.6,md,6.0,291.4,,,us,usp000duv4,2014-11-07T01:26:27.867Z,"30 km SSW of Güiria, Venezuela",earthquake,,,,,reviewed,trn,trn
2005-07-08T23:11:08.670Z,10.597,-61.12,23.0,2.7,md,6.0,120.2,,,us,usp000dutm,2014-11-07T01:26:27.564Z,"1 km NE of Sangre Grande, Trinidad and Tobago",earthquake,,,,,reviewed,trn,trn
2005-07-08T13:47:40.000Z,10.708,-62.121,34.0,2.6,md,6.0,256.8,,,us,usp000dusg,2014-11-07T01:26:27.436Z,"24 km NE of Güiria, Venezuela",earthquake,,,,,reviewed,trn,trn
2005-07-08T01:45:44.830Z,6.685,-72.921,169.0,3.5,mb,21.0,82.8,,0.5,us,usp000durb,2014-11-07T01:26:27.280Z,"9 km SE of Cepitá, Colombia",earthquake,,5.7,,4.0,reviewed,us,us
2005-07-07T02:34:31.760Z,11.388,-61.433,43.0,2.5,md,6.0,166.1,,,us,usp000dupb,2014-11-07T01:26:26.535Z,"77 km N of Petit Valley, Trinidad and Tobago",earthquake,,,,,reviewed,trn,trn
2005-07-06T22:26:36.640Z,6.72,-72.947,164.8,3.7,mb,7.0,121.6,,0.49,us,usp000duny,2014-11-07T01:26:26.406Z,"4 km SE of Cepitá, Colombia",earthquake,,8.9,,1.0,reviewed,us,us
2005-07-06T20:10:08.590Z,10.923,-62.136,5.0,3.1,md,4.0,326.3,,,us,usp000duns,2014-11-07T01:26:26.391Z,"42 km NNE of Güiria, Venezuela",earthquake,,,,,reviewed,trn,trn
2005-07-05T08:08:00.150Z,8.707,-61.851,49.5,4.1,md,18.0,159.9,,0.97,us,usp000duju,2014-11-07T01:26:25.938Z,"44 km SSE of Tucupita, Venezuela",earthquake,,8.8,,,reviewed,us,trn
2005-07-04T04:04:20.160Z,10.474,-61.085,23.0,4.7,mb,89.0,64.2,,,us,usp000dufu,2014-11-07T01:26:24.714Z,"13 km SSE of Sangre Grande, Trinidad and Tobago",earthquake,,,,27.0,reviewed,trn,us
2005-07-03T21:52:08.260Z,10.292,-62.275,5.0,3.1,md,6.0,289.7,,,us,usp000duf0,2014-11-07T01:26:24.544Z,"31 km S of Güiria, Venezuela",earthquake,,,,,reviewed,trn,trn
2005-06-28T21:14:18.610Z,6.823,-73.035,163.5,0.0,,8.0,98.7,,0.37,us,usp000du3z,2014-11-07T01:26:18.257Z,"10 km NW of Cepitá, Colombia",earthquake,,10.0,,,reviewed,us,us
2005-06-28T14:25:59.950Z,8.078,-69.883,9.0,4.5,mb,26.0,73.8,,0.83,us,usp000du39,2020-04-16T17:30:07.327Z,"68 km SSE of Alto Barinas, Venezuela",earthquake,,10.0,,10.0,reviewed,us,us
2005-06-27T12:58:49.460Z,6.745,-73.002,164.1,3.9,mb,9.0,148.2,,0.58,us,usp000du0u,2014-11-07T01:26:17.949Z,"3 km WSW of Cepitá, Colombia",earthquake,,11.6,,2.0,reviewed,us,us
2005-06-27T07:02:54.120Z,6.589,-72.779,171.9,3.3,mb,8.0,105.3,,0.84,us,usp000du08,2014-11-07T01:26:17.861Z,"9 km SSW of San José de Miranda, Colombia",earthquake,,9.7,,1.0,reviewed,us,us
2005-06-26T10:25:57.660Z,6.733,-72.932,173.9,3.6,mb,12.0,101.3,,0.9,us,usp000dty4,2014-11-07T01:26:17.616Z,"5 km ESE of Cepitá, Colombia",earthquake,,9.1,,3.0,reviewed,us,us
2005-06-26T08:39:03.350Z,10.52,-62.359,5.0,3.2,md,5.0,280.1,,,us,usp000dtxw,2014-11-07T01:26:17.599Z,"9 km SW of Güiria, Venezuela",earthquake,,,,,reviewed,trn,trn
2005-06-26T02:25:35.550Z,6.702,-72.937,166.4,0.0,,7.0,170.9,,0.8,us,usp000dtxc,2014-11-07T01:26:17.526Z,"7 km SE of Cepitá, Colombia",earthquake,,13.6,,,reviewed,us,us
2005-06-25T05:47:47.330Z,6.81,-73.013,163.8,4.1,mb,14.0,70.5,,0.54,us,usp000dtvc,2014-11-07T01:26:17.339Z,"7 km NW of Cepitá, Colombia",earthquake,,6.7,,3.0,reviewed,us,us
2005-06-25T04:23:33.840Z,6.764,-72.992,168.4,3.6,mb,12.0,100.0,,0.73,us,usp000dtv9,2014-11-07T01:26:17.335Z,"2 km WNW of Cepitá, Colombia",earthquake,,9.0,,2.0,reviewed,us,us
2005-06-25T00:43:00.710Z,10.382,-62.183,3.0,3.8,md,9.0,165.5,,,us,usp000dtv1,2014-11-07T01:26:17.321Z,"25 km SSE of Güiria, Venezuela",earthquake,,,,,reviewed,trn,trn
2005-06-23T11:17:38.340Z,11.0,-62.192,94.3,3.4,md,7.0,251.0,,,us,usp000dtr4,2014-11-07T01:26:16.539Z,"48 km NNE of Güiria, Venezuela",earthquake,,,,,reviewed,trn,trn
2005-06-17T18:39:38.900Z,10.599,-61.852,12.0,3.0,md,6.0,241.5,,,us,usp000dta1,2014-11-07T01:26:14.686Z,"35 km WSW of Petit Valley, Trinidad and Tobago",earthquake,,,,,reviewed,trn,trn
2005-06-17T00:15:33.260Z,10.351,-60.747,31.0,3.3,md,7.0,265.3,,,us,usp000dt7s,2014-11-07T01:26:14.390Z,"47 km E of Rio Claro, Trinidad and Tobago",earthquake,,,,,reviewed,trn,trn
2005-06-16T01:42:23.700Z,11.003,-62.13,80.0,2.8,md,6.0,246.2,,,us,usp000dt5n,2014-11-07T01:26:13.900Z,"50 km NNE of Güiria, Venezuela",earthquake,,,,,reviewed,trn,trn
2005-06-15T05:27:09.720Z,6.72,-72.964,157.5,3.8,mb,23.0,70.7,,0.81,us,usp000dt2w,2014-11-07T01:26:13.125Z,"3 km SSE of Cepitá, Colombia",earthquake,,,,1.0,reviewed,us,us
2005-06-14T14:24:40.080Z,10.901,-61.741,55.0,3.2,md,19.0,75.1,,,us,usp000dsz5,2014-11-07T01:26:12.408Z,"30 km NW of Petit Valley, Trinidad and Tobago",earthquake,,,,,reviewed,trn,trn
2005-06-12T19:55:15.590Z,10.461,-61.107,35.0,2.7,md,4.0,187.3,,,us,usp000dstv,2014-11-07T01:26:11.239Z,"14 km S of Sangre Grande, Trinidad and Tobago",earthquake,,,,,reviewed,trn,trn
2005-06-11T05:05:43.310Z,10.439,-61.896,5.0,3.0,md,4.0,262.2,,,us,usp000dsq6,2014-11-07T01:26:10.241Z,"37 km NW of Point Fortin, Trinidad and Tobago",earthquake,,,,,reviewed,trn,trn
2005-06-07T22:58:07.410Z,11.259,-61.753,10.0,3.4,md,6.0,203.4,,,us,usp000dsfu,2014-11-07T01:26:09.320Z,"65 km NNW of Petit Valley, Trinidad and Tobago",earthquake,,,,,reviewed,trn,trn
2005-06-07T10:16:46.620Z,10.725,-61.734,14.0,3.0,md,4.0,217.4,,,us,usp000dse6,2014-11-07T01:26:09.111Z,"20 km W of Petit Valley, Trinidad and Tobago",earthquake,,,,,reviewed,trn,trn
2005-06-06T18:20:27.740Z,10.183,-60.535,75.0,3.9,md,19.0,259.3,,,us,usp000dsc9,2014-11-07T01:26:08.845Z,"71 km E of Rio Claro, Trinidad and Tobago",earthquake,,,,,reviewed,trn,trn
2005-06-05T03:15:18.170Z,6.166,-72.314,168.8,3.5,mb,5.0,138.0,,0.72,us,usp000ds8f,2014-11-07T01:26:06.373Z,"10 km NW of Sácama, Colombia",earthquake,,10.9,,2.0,reviewed,us,us
2005-06-04T23:31:28.500Z,10.303,-62.26,0.1,4.1,mw,39.0,40.4,,,us,usp000ds7y,2014-11-07T01:26:06.274Z,"30 km S of Güiria, Venezuela",earthquake,,,,,reviewed,car,car
2005-06-03T06:08:33.800Z,10.388,-62.266,57.0,4.0,mw,29.0,75.0,,,us,usp000ds46,2014-11-07T01:26:05.349Z,"21 km S of Güiria, Venezuela",earthquake,,,,,reviewed,car,car
2005-05-30T22:32:11.540Z,6.705,-72.958,171.6,3.6,mb,22.0,70.7,,0.66,us,usp000drxd,2014-11-07T01:25:59.966Z,"5 km SSE of Cepitá, Colombia",earthquake,,5.8,,3.0,reviewed,us,us
2005-05-26T02:48:58.960Z,12.321,-59.738,51.4,0.0,,13.0,106.7,,1.73,us,usp000drkg,2014-11-07T01:25:58.242Z,"85 km SSW of Oistins, Barbados",earthquake,,,,,reviewed,us,us
2005-05-24T13:43:20.030Z,9.866,-70.641,19.0,4.5,mb,67.0,51.7,,0.98,us,usp000drgf,2014-11-07T01:25:57.868Z,"59 km NNW of Trujillo, Venezuela",earthquake,,,,34.0,reviewed,us,us
2005-05-22T04:45:44.900Z,10.856,-62.712,85.3,3.7,md,10.0,134.3,,1.35,us,usp000drbe,2014-11-07T01:25:57.219Z,"54 km NW of Güiria, Venezuela",earthquake,,22.4,,,reviewed,us,trn
2005-05-15T16:41:09.360Z,11.221,-62.623,133.9,3.6,mb,8.0,149.7,,0.82,us,usp000dqwf,2014-11-07T01:25:54.789Z,"79 km NNW of Güiria, Venezuela",earthquake,,18.7,,2.0,reviewed,us,us
2005-05-15T08:52:40.650Z,11.524,-73.39,58.2,4.3,mb,11.0,119.0,,1.35,us,usp000dqvc,2014-11-07T01:25:54.668Z,"29 km NNW of Dibulla, Colombia",earthquake,,16.9,,2.0,reviewed,us,us
2005-05-13T18:05:32.940Z,6.77,-73.015,171.2,3.8,mb,9.0,99.6,,0.35,us,usp000dqqm,2014-11-07T01:25:52.987Z,"4 km WNW of Cepitá, Colombia",earthquake,,7.8,,1.0,reviewed,us,us
2005-05-12T05:07:03.030Z,6.747,-73.002,164.6,4.1,mb,15.0,80.7,,0.69,us,usp000dqk2,2014-11-07T01:25:52.160Z,"3 km WSW of Cepitá, Colombia",earthquake,,7.2,,4.0,reviewed,us,us
2005-05-10T12:00:49.950Z,6.837,-73.118,164.7,4.0,mb,11.0,143.7,,1.32,us,usp000dqcu,2014-11-07T01:25:50.971Z,"11 km NNW of Jordán, Colombia",earthquake,,13.3,,1.0,reviewed,us,us
2005-05-10T05:18:55.570Z,6.637,-72.839,169.1,3.9,mb,22.0,154.0,,0.88,us,usp000dqc1,2014-11-07T01:25:50.893Z,"5 km SW of Molagavita, Colombia",earthquake,,7.4,,7.0,reviewed,us,us
2005-05-09T12:43:15.970Z,6.723,-72.907,173.8,0.0,,7.0,171.2,,0.68,us,usp000dq9s,2014-11-07T01:25:50.636Z,"8 km ESE of Cepitá, Colombia",earthquake,,10.5,,,reviewed,us,us
2005-05-09T09:49:53.980Z,12.977,-60.638,33.0,3.6,md,7.0,222.9,,,us,usp000dq95,2014-11-07T01:25:50.579Z,"59 km ESE of Biabou, Saint Vincent and the Grenadines",earthquake,,,,,reviewed,trn,trn
2005-05-09T02:19:16.570Z,10.835,-62.082,3.0,2.8,md,7.0,247.7,,,us,usp000dq8f,2014-11-07T01:25:50.455Z,"37 km NE of Güiria, Venezuela",earthquake,,,,,reviewed,trn,trn
2005-05-08T04:24:38.810Z,6.687,-72.969,162.0,4.6,mb,111.0,46.5,,0.8,us,usp000dq6a,2014-11-07T01:25:50.152Z,"5 km E of Aratoca, Colombia",earthquake,,4.9,,44.0,reviewed,us,us
2005-05-07T23:49:12.220Z,11.018,-62.189,19.0,3.3,md,4.0,250.3,,,us,usp000dq5q,2014-11-07T01:25:50.087Z,"50 km NNE of Güiria, Venezuela",earthquake,,,,,reviewed,trn,trn
2005-05-07T08:24:30.360Z,6.776,-73.026,169.0,3.6,mb,11.0,85.2,,0.6,us,usp000dq4b,2014-11-07T01:25:49.969Z,"6 km WNW of Cepitá, Colombia",earthquake,,8.0,,1.0,reviewed,us,us
2005-05-05T10:04:11.610Z,6.669,-72.898,173.8,3.8,mb,8.0,173.0,,0.67,us,usp000dpyt,2014-11-07T01:25:49.314Z,"9 km W of Molagavita, Colombia",earthquake,,9.9,,1.0,reviewed,us,us
2005-05-03T00:43:22.370Z,10.991,-62.283,90.0,3.1,md,7.0,257.9,,,us,usp000dptc,2014-11-07T01:25:48.162Z,"45 km N of Güiria, Venezuela",earthquake,,,,,reviewed,trn,trn
2005-04-26T11:25:45.960Z,6.769,-72.919,169.6,4.6,mb,111.0,66.6,,0.76,us,usp000dp9n,2014-11-07T01:25:41.379Z,"6 km ENE of Cepitá, Colombia",earthquake,,,,42.0,reviewed,us,us
2005-04-26T03:13:32.300Z,9.152,-70.084,2.9,3.6,mw,16.0,68.7,,,us,usp000dp8p,2014-11-07T01:25:41.276Z,"39 km WNW of Guanare, Venezuela",earthquake,,,,,reviewed,car,car
2005-04-26T00:53:40.800Z,9.185,-70.108,0.5,5.2,mw,66.0,62.3,,,us,usp000dp8c,2014-11-07T01:25:41.252Z,"41 km ESE of Trujillo, Venezuela",earthquake,,,,,reviewed,car,car
2005-04-24T07:39:16.570Z,6.769,-72.927,169.8,4.2,mb,20.0,62.4,,0.74,us,usp000dp40,2014-11-07T01:25:40.237Z,"5 km ENE of Cepitá, Colombia",earthquake,,6.3,,3.0,reviewed,us,us
2005-04-24T04:11:03.410Z,6.224,-72.972,189.2,3.9,mb,18.0,72.0,,0.92,us,usp000dp3p,2014-11-07T01:25:40.202Z,"10 km SE of Coromoro, Colombia",earthquake,,,,7.0,reviewed,us,us
2005-04-22T18:20:18.430Z,11.114,-62.218,78.4,3.2,md,12.0,246.6,,,us,usp000dp0k,2014-11-07T01:25:39.655Z,"60 km N of Güiria, Venezuela",earthquake,,,,,reviewed,trn,trn
2005-04-20T09:53:39.760Z,10.546,-61.138,32.1,2.5,md,5.0,102.2,,,us,usp000dntw,2014-11-07T01:25:38.525Z,"4 km S of Sangre Grande, Trinidad and Tobago",earthquake,,,,,reviewed,trn,trn
2005-04-17T18:19:37.970Z,6.759,-73.032,169.8,3.9,mb,12.0,80.5,,0.77,us,usp000dnm5,2014-11-07T01:25:37.260Z,"6 km W of Cepitá, Colombia",earthquake,,8.0,,3.0,reviewed,us,us
2005-04-17T06:09:15.790Z,11.646,-61.458,69.7,3.2,md,7.0,159.1,,,us,usp000dnjr,2014-11-07T01:25:37.008Z,"50 km SSE of Saint David’s, Grenada",earthquake,,,,,reviewed,trn,trn
2005-04-16T20:36:51.520Z,11.527,-61.498,89.5,2.8,md,5.0,171.9,,,us,usp000dnhm,2014-11-07T01:25:36.885Z,"60 km SSE of Saint David’s, Grenada",earthquake,,,,,reviewed,trn,trn
2005-04-12T07:50:54.540Z,11.063,-62.16,11.0,2.9,md,4.0,309.0,,,us,usp000dn50,2014-11-07T01:25:34.335Z,"55 km NNE of Güiria, Venezuela",earthquake,,,,,reviewed,trn,trn
2005-04-12T07:27:53.800Z,6.747,-73.044,167.6,3.8,mb,19.0,70.6,,0.66,us,usp000dn4y,2014-11-07T01:25:34.279Z,"5 km ENE of Jordán, Colombia",earthquake,,6.4,,3.0,reviewed,us,us
2005-04-09T13:36:01.000Z,10.215,-69.728,12.5,4.0,md,12.0,80.3,,,us,usp000dmqn,2014-11-07T01:25:31.636Z,"33 km NNW of Quíbor, Venezuela",earthquake,,,,,reviewed,car,car
2005-04-09T04:05:59.670Z,11.623,-61.732,101.0,3.3,md,6.0,199.4,,,us,usp000dmpr,2014-11-07T01:25:31.552Z,"47 km S of Saint George's, Grenada",earthquake,,,,,reviewed,trn,trn
2005-04-06T22:17:53.840Z,8.712,-70.565,10.0,4.2,mb,24.0,81.5,,1.03,us,usp000dmew,2014-11-07T01:25:30.071Z,"17 km WSW of Barinitas, Venezuela",earthquake,,,,5.0,reviewed,us,us
2005-04-05T03:45:39.990Z,9.591,-69.993,23.7,3.8,md,12.0,77.1,,1.06,us,usp000dm9t,2014-11-07T01:25:29.459Z,"30 km SW of El Tocuyo, Venezuela",earthquake,,13.9,,,reviewed,us,car
2005-04-04T11:59:52.230Z,11.06,-62.078,122.0,3.1,md,5.0,240.4,,,us,usp000dm7c,2014-11-07T01:25:29.167Z,Windward Islands,earthquake,,,,,reviewed,trn,trn
2005-04-04T09:12:53.690Z,6.81,-72.981,165.7,4.0,mb,14.0,80.5,,0.39,us,usp000dm6x,2014-11-07T01:25:29.087Z,"6 km N of Cepitá, Colombia",earthquake,,6.2,,3.0,reviewed,us,us
2005-04-01T15:52:54.600Z,10.903,-62.066,26.0,3.0,md,5.0,243.7,,,us,usp000dkxf,2014-11-07T01:25:26.691Z,"44 km NE of Güiria, Venezuela",earthquake,,,,,reviewed,trn,trn
2005-03-29T08:37:30.220Z,6.609,-72.701,182.0,3.7,mb,9.0,126.8,,1.36,us,usp000dkfk,2014-11-07T01:25:21.124Z,"6 km S of Enciso, Colombia",earthquake,,10.8,,1.0,reviewed,us,us
2005-03-28T00:51:17.600Z,9.72,-69.91,0.4,4.1,md,15.0,136.2,,,us,usp000dk6x,2014-11-07T01:25:19.926Z,"14 km WSW of El Tocuyo, Venezuela",earthquake,,,,,reviewed,car,car
2005-03-28T00:45:05.500Z,9.72,-69.91,10.4,4.5,mb,56.0,62.7,,,us,usp000dk6w,2014-11-07T01:25:19.920Z,"14 km WSW of El Tocuyo, Venezuela",earthquake,,,,21.0,reviewed,car,us
2005-03-26T16:00:39.910Z,10.559,-62.351,5.0,4.4,mb,13.0,85.9,,,us,usp000dk3x,2014-11-07T01:25:19.616Z,"6 km WSW of Güiria, Venezuela",earthquake,,,,4.0,reviewed,trn,us
2005-03-26T08:56:20.690Z,6.728,-72.979,157.8,3.9,mb,28.0,65.2,,1.02,us,usp000dk3g,2014-11-07T01:25:19.564Z,"2 km S of Cepitá, Colombia",earthquake,,,,5.0,reviewed,us,us
2005-03-25T11:40:02.010Z,10.921,-62.225,76.0,3.1,md,5.0,255.9,,,us,usp000dk11,2014-11-07T01:25:19.290Z,"38 km NNE of Güiria, Venezuela",earthquake,,,,,reviewed,trn,trn
2005-03-24T18:41:22.740Z,10.805,-62.399,101.0,3.3,md,6.0,270.3,,,us,usp000djz6,2014-11-07T01:25:18.633Z,"27 km NNW of Güiria, Venezuela",earthquake,,,,,reviewed,trn,trn
2005-03-23T18:13:22.170Z,10.765,-62.612,91.6,4.3,mb,22.0,70.5,,1.07,us,usp000djwu,2014-11-07T01:25:18.223Z,"40 km WNW of Güiria, Venezuela",earthquake,,6.9,,5.0,reviewed,us,us
2005-03-22T16:20:55.400Z,10.41,-62.39,8.5,4.5,mb,62.0,55.3,,,us,usp000djtu,2014-11-07T01:25:17.810Z,"21 km SSW of Güiria, Venezuela",earthquake,,,,15.0,reviewed,car,us
2005-03-22T15:46:05.040Z,10.825,-62.302,108.0,3.1,md,4.0,264.3,,,us,usp000djtn,2014-11-07T01:25:17.793Z,"27 km N of Güiria, Venezuela",earthquake,,,,,reviewed,trn,trn
2005-03-19T03:20:54.200Z,6.73,-72.921,170.2,3.8,mb,19.0,86.9,,0.65,us,usp000djh9,2014-11-07T01:25:16.379Z,"6 km ESE of Cepitá, Colombia",earthquake,,6.6,,3.0,reviewed,us,us
2005-03-18T03:03:51.370Z,10.569,-61.091,27.7,2.9,md,5.0,132.7,,,us,usp000djef,2014-11-07T01:25:15.935Z,"4 km ESE of Sangre Grande, Trinidad and Tobago",earthquake,,,,,reviewed,trn,trn
2005-03-17T18:12:50.600Z,6.792,-73.078,171.1,4.4,mb,9.0,98.5,,1.12,us,usp000djdh,2014-11-07T01:25:15.756Z,"6 km NNE of Jordán, Colombia",earthquake,,10.3,,2.0,reviewed,us,us
2005-03-17T06:23:47.500Z,11.265,-61.773,16.0,3.4,md,6.0,205.6,,,us,usp000djcj,2014-11-07T01:25:15.249Z,"67 km NNW of Petit Valley, Trinidad and Tobago",earthquake,,,,,reviewed,trn,trn
2005-03-15T10:23:30.390Z,10.652,-62.508,72.0,3.1,md,6.0,281.3,,,us,usp000dj8r,2014-11-07T01:25:14.669Z,"24 km WNW of Güiria, Venezuela",earthquake,,,,,reviewed,trn,trn
2005-03-14T18:22:26.470Z,10.552,-60.78,37.0,4.2,mb,30.0,104.4,,,us,usp000dj7c,2014-11-07T01:25:14.505Z,"38 km E of Sangre Grande, Trinidad and Tobago",earthquake,,,,4.0,reviewed,trn,us
2005-03-14T10:26:46.900Z,11.158,-62.085,106.0,3.6,md,7.0,239.0,,,us,usp000dj6h,2014-11-07T01:25:14.377Z,"68 km NNE of Güiria, Venezuela",earthquake,,,,,reviewed,trn,trn
2005-03-13T01:34:57.490Z,11.352,-62.26,137.1,3.7,md,14.0,112.0,,0.74,us,usp000dj30,2014-11-07T01:25:13.757Z,"85 km N of Güiria, Venezuela",earthquake,,6.3,,,reviewed,us,trn
2005-03-12T07:40:25.200Z,11.141,-62.324,112.0,3.6,md,9.0,252.6,,,us,usp000dj1r,2014-11-07T01:25:13.595Z,"62 km N of Güiria, Venezuela",earthquake,,,,,reviewed,trn,trn
2005-03-12T07:33:05.230Z,6.711,-72.921,169.6,3.5,mb,12.0,131.8,,0.42,us,usp000dj1p,2014-11-07T01:25:13.555Z,"7 km SE of Cepitá, Colombia",earthquake,,6.9,,2.0,reviewed,us,us
2005-03-08T08:26:46.900Z,10.744,-61.631,26.0,3.0,md,8.0,190.4,,,us,usp000dht5,2014-11-07T01:25:12.526Z,"10 km WNW of Petit Valley, Trinidad and Tobago",earthquake,,,,,reviewed,trn,trn
2005-03-07T05:41:08.050Z,6.712,-72.893,172.4,3.7,mb,7.0,132.3,,0.64,us,usp000dhqj,2014-11-07T01:25:12.144Z,"10 km ESE of Cepitá, Colombia",earthquake,,8.9,,1.0,reviewed,us,us
2005-03-05T17:12:20.640Z,6.423,-72.553,172.5,4.4,mb,7.0,191.0,,0.66,us,usp000dhkh,2014-11-07T01:25:11.213Z,"2 km N of San Mateo, Colombia",earthquake,,8.8,,2.0,reviewed,us,us
2005-03-05T08:24:02.780Z,10.557,-61.128,31.0,3.0,md,8.0,106.8,,,us,usp000dhjm,2014-11-07T01:25:11.135Z,"3 km S of Sangre Grande, Trinidad and Tobago",earthquake,,,,,reviewed,trn,trn
2005-03-04T05:38:55.170Z,6.829,-73.036,158.9,3.7,mb,13.0,98.6,,0.87,us,usp000dhg1,2014-11-07T01:25:10.648Z,"10 km NW of Cepitá, Colombia",earthquake,,,,2.0,reviewed,us,us
2005-03-03T06:31:18.690Z,6.681,-72.889,171.4,0.0,,8.0,173.0,,0.79,us,usp000dhdr,2014-11-07T01:25:10.157Z,"8 km W of Molagavita, Colombia",earthquake,,10.4,,,reviewed,us,us
2005-03-02T00:08:01.570Z,6.671,-72.893,170.6,0.0,,6.0,173.1,,0.59,us,usp000dhav,2014-11-07T01:25:09.010Z,"9 km W of Molagavita, Colombia",earthquake,,11.4,,,reviewed,us,us
2005-03-01T10:24:32.830Z,6.746,-72.869,176.2,3.7,mb,19.0,102.1,,1.11,us,usp000dh96,2014-11-07T01:25:08.391Z,"7 km SSW of San Andrés, Colombia",earthquake,,9.0,,6.0,reviewed,us,us
2005-03-01T07:30:35.680Z,6.766,-73.039,166.7,4.2,mb,14.0,83.7,,0.4,us,usp000dh8z,2014-11-07T01:25:08.247Z,"7 km W of Cepitá, Colombia",earthquake,,6.6,,5.0,reviewed,us,us
2005-02-28T08:32:31.930Z,6.689,-72.882,168.4,3.7,mb,8.0,173.0,,0.62,us,usp000dh5h,2014-11-07T01:25:05.438Z,"8 km WNW of Molagavita, Colombia",earthquake,,9.9,,1.0,reviewed,us,us
2005-02-25T06:41:25.320Z,6.668,-73.059,166.3,5.3,mwc,281.0,34.1,,0.78,us,usp000dgx8,2025-12-19T23:20:56.842Z,northern Colombia,earthquake,,3.1,,,reviewed,us,hrv
2005-02-25T01:39:57.880Z,8.059,-73.964,112.7,3.5,mb,7.0,96.2,,0.6,us,usp000dgws,2014-11-07T01:25:03.431Z,"11 km NNW of Simití, Colombia",earthquake,,14.8,,1.0,reviewed,us,us
2005-02-22T08:55:31.290Z,6.861,-73.102,163.0,3.5,mb,11.0,117.6,,1.37,us,usp000dgqv,2014-11-07T01:25:02.563Z,"14 km N of Jordán, Colombia",earthquake,,,,1.0,reviewed,us,us
2005-02-22T00:08:06.710Z,6.751,-73.016,166.6,4.1,mb,23.0,82.7,,0.61,us,usp000dgpp,2014-11-07T01:25:02.308Z,"4 km W of Cepitá, Colombia",earthquake,,6.1,,2.0,reviewed,us,us
2005-02-21T11:52:51.950Z,11.237,-62.115,93.0,3.5,md,7.0,240.8,,,us,usp000dgn9,2014-11-07T01:25:02.212Z,"75 km NNE of Güiria, Venezuela",earthquake,,,,,reviewed,trn,trn
2005-02-20T08:30:32.920Z,6.696,-72.921,171.0,0.0,,9.0,171.5,,0.27,us,usp000dgjj,2014-11-07T01:25:01.525Z,"8 km SE of Cepitá, Colombia",earthquake,,11.1,,,reviewed,us,us
2005-02-20T03:24:52.530Z,6.866,-73.069,170.7,3.2,mb,5.0,168.8,,0.45,us,usp000dgj5,2014-11-07T01:25:01.470Z,"13 km S of Piedecuesta, Colombia",earthquake,,10.2,,1.0,reviewed,us,us
2005-02-18T13:52:14.920Z,5.198,-73.621,160.4,3.8,mb,13.0,104.6,,0.83,us,usp000dgf0,2014-11-07T01:25:01.057Z,"3 km SW of Villapinzón, Colombia",earthquake,,6.9,,2.0,reviewed,us,us
2005-02-16T12:48:05.130Z,10.5,-61.124,32.0,2.5,md,6.0,134.7,,,us,usp000dg9j,2014-11-07T01:25:00.343Z,"9 km S of Sangre Grande, Trinidad and Tobago",earthquake,,,,,reviewed,trn,trn
2005-02-14T12:13:22.150Z,6.75,-73.002,170.3,0.0,,9.0,167.4,,0.38,us,usp000dg45,2014-11-07T01:24:59.484Z,"3 km W of Cepitá, Colombia",earthquake,,9.3,,,reviewed,us,us
2005-02-13T17:22:50.610Z,11.809,-61.173,46.0,3.0,md,7.0,186.4,,,us,usp000dg2a,2014-11-07T01:24:59.303Z,"60 km ESE of Saint David’s, Grenada",earthquake,,,,,reviewed,trn,trn
2005-02-13T06:57:47.080Z,6.163,-72.962,201.0,3.7,mb,10.0,99.8,,1.04,us,usp000dg18,2014-11-07T01:24:59.205Z,"15 km E of Encino, Colombia",earthquake,,8.3,,2.0,reviewed,us,us
2005-02-11T12:50:07.250Z,6.726,-72.938,167.0,0.0,,8.0,170.2,,0.44,us,usp000dfx5,2014-11-07T01:24:58.575Z,"5 km SE of Cepitá, Colombia",earthquake,,9.7,,,reviewed,us,us
2005-02-06T06:32:26.410Z,10.535,-61.078,30.0,2.6,md,4.0,143.4,,,us,usp000dfkm,2014-11-07T01:24:56.709Z,"8 km SE of Sangre Grande, Trinidad and Tobago",earthquake,,,,,reviewed,trn,trn
2005-02-04T00:28:07.690Z,10.92,-62.252,73.0,2.9,md,5.0,257.9,,,us,usp000dffn,2014-11-07T01:24:55.551Z,"38 km N of Güiria, Venezuela",earthquake,,,,,reviewed,trn,trn
2005-02-03T19:50:10.000Z,6.661,-72.882,164.0,4.7,mb,52.0,117.6,,0.85,us,usp000dffc,2014-11-07T01:24:55.450Z,"8 km W of Molagavita, Colombia",earthquake,,8.3,,28.0,reviewed,us,us
2005-02-03T05:40:20.080Z,10.759,-62.377,28.0,3.4,md,6.0,271.0,,,us,usp000dfef,2014-11-07T01:24:55.132Z,"21 km NNW of Güiria, Venezuela",earthquake,,,,,reviewed,trn,trn
2005-02-02T00:57:25.290Z,10.964,-62.317,109.0,3.1,md,7.0,260.8,,,us,usp000dfcr,2014-11-07T01:24:54.200Z,"42 km N of Güiria, Venezuela",earthquake,,,,,reviewed,trn,trn
2005-02-02T00:13:37.750Z,11.662,-62.164,101.0,3.3,md,4.0,261.4,,,us,usp000dfcn,2014-11-07T01:24:53.999Z,"62 km SW of Saint George's, Grenada",earthquake,,,,,reviewed,trn,trn
2005-01-27T23:05:04.850Z,6.676,-72.912,165.8,3.4,mb,11.0,172.4,,1.16,us,usp000dery,2014-11-07T01:24:47.246Z,"11 km SE of Cepitá, Colombia",earthquake,,11.9,,1.0,reviewed,us,us
2005-01-27T09:17:39.930Z,6.635,-72.98,162.0,4.3,mb,50.0,92.0,,0.83,us,usp000dejt,2014-11-07T01:24:45.621Z,"7 km SSE of Aratoca, Colombia",earthquake,,7.6,,26.0,reviewed,us,us
2005-01-26T02:00:30.950Z,10.959,-61.613,41.0,3.0,md,7.0,191.8,,,us,usp000decf,2014-11-07T01:24:44.692Z,"29 km NNW of Petit Valley, Trinidad and Tobago",earthquake,,,,,reviewed,trn,trn
2005-01-25T20:28:02.810Z,10.356,-62.164,5.0,4.0,md,10.0,167.7,,,us,usp000debx,2014-11-07T01:24:44.646Z,"28 km SSE of Güiria, Venezuela",earthquake,,,,,reviewed,trn,trn
2005-01-25T12:34:19.580Z,10.286,-62.012,4.0,3.7,md,6.0,283.7,,,us,usp000dean,2014-11-07T01:24:44.481Z,"38 km WNW of Point Fortin, Trinidad and Tobago",earthquake,,,,,reviewed,trn,trn
2005-01-24T22:44:37.400Z,10.132,-61.397,33.0,3.2,md,5.0,222.2,,,us,usp000de8h,2014-11-07T01:24:44.176Z,"8 km ESE of Peñal, Trinidad and Tobago",earthquake,,,,,reviewed,trn,trn
2005-01-24T20:45:30.960Z,10.965,-62.394,70.0,3.2,md,4.0,281.1,,,us,usp000de87,2014-11-07T01:24:44.144Z,"44 km NNW of Güiria, Venezuela",earthquake,,,,,reviewed,trn,trn
2005-01-24T14:03:22.360Z,10.486,-62.205,5.0,3.4,md,5.0,275.0,,,us,usp000de78,2014-11-07T01:24:44.038Z,"14 km SE of Güiria, Venezuela",earthquake,,,,,reviewed,trn,trn
2005-01-21T06:05:17.610Z,10.873,-62.657,99.4,4.3,mb,39.0,65.2,,0.68,us,usp000ddx7,2014-11-07T01:24:42.468Z,"51 km NW of Güiria, Venezuela",earthquake,,4.2,,13.0,reviewed,us,us
2005-01-19T20:18:59.930Z,10.67,-62.566,96.0,3.5,md,9.0,278.7,,,us,usp000ddtr,2014-11-07T01:24:42.007Z,"31 km WNW of Güiria, Venezuela",earthquake,,,,,reviewed,trn,trn
2005-01-18T02:17:07.030Z,6.786,-73.005,170.8,4.1,mb,15.0,83.9,,0.75,us,usp000ddmy,2014-11-07T01:24:40.588Z,"4 km NW of Cepitá, Colombia",earthquake,,19.4,,3.0,reviewed,us,us
2005-01-13T19:34:37.120Z,11.567,-61.508,11.0,4.1,mb,12.0,160.8,,,us,usp000dd93,2014-11-07T01:24:38.803Z,"56 km SSE of Saint David’s, Grenada",earthquake,,,,1.0,reviewed,trn,us
2005-01-12T13:52:45.330Z,8.902,-62.01,51.0,4.7,mb,69.0,62.4,,1.17,us,usp000dd5w,2014-11-07T01:24:38.063Z,"17 km SSE of Tucupita, Venezuela",earthquake,,5.6,,16.0,reviewed,us,us
2005-01-10T17:34:30.100Z,6.771,-73.016,156.7,4.4,mb,31.0,91.6,,0.69,us,usp000dczu,2014-11-07T01:24:36.679Z,"4 km WNW of Cepitá, Colombia",earthquake,,6.5,,14.0,reviewed,us,us
2005-01-10T17:02:34.330Z,11.357,-60.996,16.0,3.2,md,6.0,163.9,,,us,usp000dczr,2014-11-07T01:24:36.675Z,"34 km NW of Scarborough, Trinidad and Tobago",earthquake,,,,,reviewed,trn,trn
2005-01-07T13:51:25.950Z,10.465,-61.073,31.0,2.8,md,5.0,221.9,,,us,usp000dcqg,2014-11-07T01:24:35.453Z,"14 km SSE of Sangre Grande, Trinidad and Tobago",earthquake,,,,,reviewed,trn,trn
2005-01-07T11:51:55.220Z,6.682,-72.973,168.3,0.0,,11.0,131.2,,0.39,us,usp000dcq9,2014-11-07T01:24:35.441Z,"5 km ESE of Aratoca, Colombia",earthquake,,7.1,,,reviewed,us,us
2005-01-04T20:20:41.030Z,10.571,-61.152,29.0,2.8,md,5.0,103.8,,,us,usp000dcjg,2014-11-07T01:24:34.290Z,"2 km SW of Sangre Grande, Trinidad and Tobago",earthquake,,,,,reviewed,trn,trn
2005-01-04T10:17:26.030Z,10.436,-61.145,30.0,3.7,md,6.0,190.5,,,us,usp000dchp,2014-11-07T01:24:33.846Z,"14 km NNE of Rio Claro, Trinidad and Tobago",earthquake,,,,,reviewed,trn,trn
2005-01-04T08:30:24.740Z,10.435,-61.151,32.0,3.6,md,6.0,170.8,,,us,usp000dchf,2014-11-07T01:24:33.786Z,"14 km N of Rio Claro, Trinidad and Tobago",earthquake,,,,,reviewed,trn,trn
2005-01-02T05:33:12.510Z,10.485,-61.093,28.0,3.8,md,6.0,152.5,,,us,usp000dcdk,2014-11-07T01:24:32.075Z,"11 km SSE of Sangre Grande, Trinidad and Tobago",earthquake,,,,,reviewed,trn,trn
2004-12-25T09:08:36.400Z,10.4,-72.57,9.4,4.4,mb,50.0,60.2,,,us,usp000dbdf,2014-11-07T01:24:21.489Z,"29 km WNW of La Villa del Rosario, Venezuela",earthquake,,,,7.0,reviewed,car,us
2004-12-22T23:32:47.030Z,6.705,-72.901,172.8,0.0,,8.0,122.5,,0.19,us,usp000db7w,2014-11-07T01:24:20.288Z,"9 km SE of Cepitá, Colombia",earthquake,,8.3,,,reviewed,us,us
2004-12-15T15:18:56.170Z,6.273,-73.98,112.7,4.1,mb,14.0,92.7,,0.87,us,usp000das5,2014-11-07T01:24:17.577Z,"5 km SW of Cimitarra, Colombia",earthquake,,8.4,,4.0,reviewed,us,us
2004-12-14T16:48:43.460Z,6.594,-72.791,172.3,0.0,,11.0,178.6,,0.77,us,usp000daq4,2014-11-07T01:24:16.876Z,"8 km SSE of Molagavita, Colombia",earthquake,,8.8,,,reviewed,us,us
2004-12-13T11:34:53.180Z,6.694,-72.699,184.8,0.0,,6.0,190.6,,0.97,us,usp000dam1,2014-11-07T01:24:16.329Z,"2 km N of Enciso, Colombia",earthquake,,23.1,,,reviewed,us,us
2004-12-11T10:36:33.740Z,6.822,-72.995,155.2,4.0,mb,27.0,70.5,,0.78,us,usp000daff,2014-11-07T01:24:15.787Z,"7 km NNW of Cepitá, Colombia",earthquake,,,,4.0,reviewed,us,us
2004-12-11T04:45:22.200Z,10.99,-62.31,95.3,4.5,mb,43.0,101.4,,,us,usp000daf4,2014-11-07T01:24:15.755Z,"45 km N of Güiria, Venezuela",earthquake,,,,8.0,reviewed,car,us
2004-12-09T19:28:51.510Z,6.125,-71.852,39.4,4.6,mb,40.0,64.5,,0.91,us,usp000dacp,2014-11-07T01:24:15.416Z,"10 km WSW of Municipio Hato Corozal, Colombia",earthquake,,9.9,,15.0,reviewed,us,us
2004-12-04T18:39:32.540Z,6.773,-72.935,155.9,4.4,mb,53.0,62.4,,0.79,us,usp000da0t,2014-11-07T01:24:13.519Z,"4 km ENE of Cepitá, Colombia",earthquake,,6.9,,24.0,reviewed,us,us
2004-12-03T04:54:08.170Z,10.576,-61.402,50.0,0.0,,7.0,189.8,,0.75,us,usp000d9w8,2014-11-07T01:24:12.656Z,"6 km NNE of Chaguanas, Trinidad and Tobago",earthquake,,,,,reviewed,us,us
2004-12-03T03:46:46.300Z,10.569,-61.442,41.0,5.4,mwc,291.0,38.2,,0.73,us,usp000d9w2,2022-07-14T19:23:27.904Z,"6 km NNW of Chaguanas, Trinidad and Tobago",earthquake,,,,,reviewed,us,hrv
2004-12-03T02:53:10.890Z,10.666,-61.355,50.0,3.7,mb,13.0,135.6,,1.2,us,usp000d9vx,2014-11-07T01:24:12.557Z,"1 km NNE of Paradise, Trinidad and Tobago",earthquake,,,,2.0,reviewed,us,us
2004-12-02T19:16:34.660Z,10.49,-61.48,49.0,5.8,mwc,357.0,28.0,,0.93,us,usp000d9un,2022-07-14T19:25:19.504Z,"7 km WSW of Chaguanas, Trinidad and Tobago",earthquake,,,,,reviewed,us,hrv
2004-11-28T17:29:52.970Z,9.977,-70.002,5.0,4.4,md,15.0,117.8,,1.21,us,usp000d9h0,2014-11-07T01:24:06.803Z,"23 km SSE of Carora, Venezuela",earthquake,,,,,reviewed,us,car
2004-11-24T11:58:27.070Z,6.806,-72.972,161.7,4.4,mb,22.0,70.5,,0.61,us,usp000d93p,2014-11-07T01:24:04.733Z,"5 km N of Cepitá, Colombia",earthquake,,7.5,,2.0,reviewed,us,us
2004-11-22T22:06:47.380Z,6.762,-73.009,165.7,3.9,mb,14.0,73.5,,0.57,us,usp000d8zk,2014-11-07T01:24:04.284Z,"3 km WNW of Cepitá, Colombia",earthquake,,14.8,,1.0,reviewed,us,us
2004-11-20T06:12:39.210Z,11.786,-69.358,13.3,3.9,mb,13.0,135.3,,0.82,us,usp000d8tb,2014-11-07T01:24:03.092Z,"54 km NE of Coro, Venezuela",earthquake,,22.2,,1.0,reviewed,us,us
2004-11-07T12:37:02.370Z,6.821,-72.987,165.1,4.0,mb,25.0,70.4,,0.84,us,usp000d7w1,2014-11-07T01:23:56.986Z,"7 km N of Cepitá, Colombia",earthquake,,,,5.0,reviewed,us,us
2004-11-04T22:42:31.570Z,6.806,-73.042,166.5,4.2,mb,30.0,70.5,,1.06,us,usp000d7q6,2014-11-07T01:23:56.179Z,"9 km NW of Cepitá, Colombia",earthquake,,10.0,,13.0,reviewed,us,us
2004-11-04T21:28:32.820Z,10.91,-62.495,106.0,4.6,mb,84.0,59.3,,0.81,us,usp000d7q4,2014-11-07T01:23:56.161Z,"42 km NNW of Güiria, Venezuela",earthquake,,6.7,,37.0,reviewed,us,us
2004-10-31T04:11:09.410Z,10.778,-62.54,10.0,0.0,,5.0,228.3,,0.82,us,usp000d7cn,2014-11-07T01:23:50.562Z,near the coast of Venezuela,earthquake,,0.0,,,reviewed,us,us
2004-10-25T14:55:40.390Z,6.799,-72.955,163.4,4.6,mb,104.0,69.8,,0.72,us,usp000d71z,2014-11-07T01:23:49.056Z,"5 km NNE of Cepitá, Colombia",earthquake,,6.2,,27.0,reviewed,us,us
2004-10-24T05:57:15.390Z,6.75,-73.039,161.2,4.0,mb,9.0,99.5,,0.56,us,usp000d6yq,2014-11-07T01:23:48.542Z,"6 km NNW of Aratoca, Colombia",earthquake,,24.8,,1.0,reviewed,us,us
2004-10-19T13:06:41.140Z,6.989,-72.954,181.3,3.7,mb,8.0,97.8,,0.99,us,usp000d6nw,2014-11-07T01:23:47.097Z,"5 km W of Santa Bárbara, Colombia",earthquake,,12.5,,2.0,reviewed,us,us
2004-10-12T23:35:04.470Z,6.768,-73.042,167.2,4.2,mb,27.0,69.9,,0.87,us,usp000d69m,2014-11-07T01:23:44.776Z,"7 km ENE of Jordán, Colombia",earthquake,,7.0,,9.0,reviewed,us,us
2004-10-03T08:30:29.910Z,6.754,-72.94,155.5,4.9,mwc,204.0,46.3,,0.89,us,usp000d5p0,2016-11-10T00:47:43.531Z,"3 km E of Cepitá, Colombia",earthquake,,,,,reviewed,us,hrv
2004-10-03T05:38:51.780Z,6.74,-72.926,170.1,0.0,,6.0,170.2,,0.16,us,usp000d5nu,2014-11-07T01:23:41.230Z,"5 km ESE of Cepitá, Colombia",earthquake,,9.5,,,reviewed,us,us
2004-09-27T01:39:26.580Z,6.76,-72.968,167.9,3.9,mb,9.0,100.4,,0.44,us,usp000d54h,2014-11-07T01:23:33.827Z,"0 km NE of Cepitá, Colombia",earthquake,,8.6,,2.0,reviewed,us,us
2004-09-13T02:59:38.000Z,9.19,-70.09,1.4,4.7,mb,94.0,51.3,,,us,usp000d466,2014-11-07T01:23:28.701Z,"41 km WNW of Guanare, Venezuela",earthquake,,,,34.0,reviewed,car,us
2004-09-11T21:28:45.040Z,6.809,-72.978,165.2,4.1,mb,27.0,99.7,,0.84,us,usp000d43s,2014-11-07T01:23:28.122Z,"6 km N of Cepitá, Colombia",earthquake,,7.1,,12.0,reviewed,us,us
2004-08-14T11:15:34.550Z,6.791,-73.085,161.3,3.9,mb,21.0,98.4,,0.91,us,usp000d24v,2014-11-07T01:23:12.755Z,"6 km N of Jordán, Colombia",earthquake,,7.7,,4.0,reviewed,us,us
2004-08-12T05:22:39.080Z,6.737,-72.978,167.8,3.9,mb,23.0,46.6,,1.0,us,usp000d1zf,2014-11-07T01:23:11.317Z,"1 km SSW of Cepitá, Colombia",earthquake,,7.7,,11.0,reviewed,us,us
2004-08-10T15:16:33.530Z,9.652,-73.402,68.0,4.6,mb,51.0,38.9,,0.84,us,usp000d1wm,2014-11-07T01:23:10.860Z,"12 km NW of La Jagua de Ibirico, Colombia",earthquake,,8.5,,17.0,reviewed,us,us
2004-08-10T11:11:55.860Z,6.784,-72.98,170.0,4.1,mb,11.0,100.0,,0.4,us,usp000d1w8,2014-11-07T01:23:10.833Z,"3 km N of Cepitá, Colombia",earthquake,,7.4,,1.0,reviewed,us,us
2004-08-04T10:38:34.760Z,6.819,-72.897,164.8,4.1,mb,21.0,62.5,,0.95,us,usp000d1f0,2014-11-07T01:23:08.678Z,"5 km W of San Andrés, Colombia",earthquake,,7.2,,3.0,reviewed,us,us
2004-07-28T16:39:09.170Z,6.692,-72.989,169.0,0.0,,10.0,169.5,,0.59,us,usp000d10v,2014-11-07T01:23:00.508Z,"3 km E of Aratoca, Colombia",earthquake,,11.7,,,reviewed,us,us
2004-07-23T12:06:38.110Z,10.545,-62.503,38.3,4.4,mb,52.0,99.0,,0.89,us,usp000d0ra,2014-11-07T01:22:57.297Z,"22 km W of Güiria, Venezuela",earthquake,,6.1,,14.0,reviewed,us,us
2004-07-14T02:14:22.240Z,6.425,-73.631,193.9,0.0,,6.0,186.4,,1.64,us,usp000d04m,2014-11-07T01:22:53.794Z,"22 km NW of Contratación, Colombia",earthquake,,19.0,,,reviewed,us,us
2004-07-09T19:18:59.170Z,6.922,-73.15,168.8,4.1,mb,13.0,82.3,,1.09,us,usp000czvc,2014-11-07T01:22:52.494Z,"13 km WSW of Piedecuesta, Colombia",earthquake,,8.7,,1.0,reviewed,us,us
2004-07-07T01:18:06.200Z,6.701,-72.973,162.0,3.8,mb,16.0,101.5,,0.68,us,usp000czpz,2014-11-07T01:22:51.681Z,"5 km E of Aratoca, Colombia",earthquake,,7.4,,4.0,reviewed,us,us
2004-07-02T17:01:07.770Z,6.8,-73.023,167.6,0.0,,10.0,165.4,,0.54,us,usp000cze2,2014-11-07T01:22:49.374Z,"7 km NW of Cepitá, Colombia",earthquake,,8.7,,,reviewed,us,us
2004-06-30T05:44:12.120Z,6.628,-72.885,175.2,0.0,,8.0,174.6,,0.71,us,usp000cz7k,2014-11-07T01:22:44.162Z,"9 km WSW of Molagavita, Colombia",earthquake,,12.1,,,reviewed,us,us
2004-06-29T09:49:15.780Z,10.831,-62.687,107.7,4.4,mb,60.0,45.7,,0.99,us,usp000cz53,2014-11-07T01:22:43.698Z,"50 km WNW of Güiria, Venezuela",earthquake,,,,11.0,reviewed,us,us
2004-06-27T17:02:34.460Z,6.709,-72.945,165.7,3.7,mb,13.0,170.4,,0.4,us,usp000cz06,2014-11-07T01:22:42.853Z,"5 km SSE of Cepitá, Colombia",earthquake,,6.5,,1.0,reviewed,us,us
2004-06-21T06:45:25.320Z,6.336,-72.563,186.6,4.0,mb,6.0,187.4,,1.24,us,usp000cyda,2014-11-07T01:22:39.914Z,"1 km N of La Uvita, Colombia",earthquake,,16.1,,2.0,reviewed,us,us
2004-06-20T14:15:21.280Z,6.509,-73.217,138.6,3.9,mb,10.0,154.0,,0.56,us,usp000cyba,2014-11-07T01:22:39.378Z,"5 km WSW of Pinchote, Colombia",earthquake,,11.8,,2.0,reviewed,us,us
2004-06-19T21:26:53.970Z,6.72,-73.045,161.0,4.3,mb,15.0,82.5,,1.03,us,usp000cy97,2014-11-07T01:22:39.049Z,"4 km NW of Aratoca, Colombia",earthquake,,9.6,,1.0,reviewed,us,us
2004-06-18T14:59:54.190Z,6.654,-72.992,151.0,4.8,mwc,186.0,46.5,,0.73,us,usp000cy6b,2016-11-10T00:37:57.309Z,"5 km SSE of Aratoca, Colombia",earthquake,,,,,reviewed,us,hrv
2004-06-14T23:46:20.310Z,6.731,-73.021,166.9,4.1,mb,24.0,67.3,,0.71,us,usp000cxxn,2014-11-07T01:22:37.865Z,"4 km N of Aratoca, Colombia",earthquake,,7.2,,11.0,reviewed,us,us
2004-06-14T04:42:21.640Z,6.718,-72.902,159.9,4.1,mb,22.0,65.6,,1.01,us,usp000cxw9,2014-11-07T01:22:37.646Z,"8 km ESE of Cepitá, Colombia",earthquake,,7.5,,3.0,reviewed,us,us
2004-06-14T03:06:57.580Z,6.702,-72.942,171.2,3.7,mb,9.0,170.7,,0.28,us,usp000cxw4,2014-11-07T01:22:37.628Z,"6 km SSE of Cepitá, Colombia",earthquake,,10.8,,1.0,reviewed,us,us
2004-06-06T21:45:48.230Z,8.603,-72.116,18.2,3.7,mb,9.0,85.9,,0.86,us,usp000cx9c,2014-11-07T01:22:34.420Z,"41 km NE of Puerto Santander, Colombia",earthquake,,33.4,,1.0,reviewed,us,us
2004-06-06T13:55:40.740Z,12.193,-72.312,42.5,4.1,mb,22.0,59.6,,1.36,us,usp000cx8a,2014-11-07T01:22:34.321Z,"48 km NNE of Manaure, Colombia",earthquake,,13.0,,3.0,reviewed,us,us
2004-06-05T02:36:48.400Z,6.73,-72.985,162.1,4.2,mb,42.0,65.2,,0.79,us,usp000cx4v,2014-11-07T01:22:33.035Z,"2 km SSW of Cepitá, Colombia",earthquake,,,,20.0,reviewed,us,us
2004-06-04T01:31:34.250Z,6.013,-72.298,48.9,0.0,,11.0,108.6,,1.04,us,usp000cx1h,2014-11-07T01:22:32.417Z,"10 km SSW of Sácama, Colombia",earthquake,,10.6,,,reviewed,us,us
2004-06-03T06:00:10.370Z,6.733,-72.992,163.2,4.3,mb,8.0,148.7,,0.64,us,usp000cwz9,2014-11-07T01:22:32.005Z,"3 km SW of Cepitá, Colombia",earthquake,,12.0,,2.0,reviewed,us,us
2004-05-31T00:03:38.560Z,12.881,-61.035,84.1,4.4,mb,24.0,173.6,,0.78,us,usp000cwp8,2014-11-07T01:22:26.514Z,"26 km ESE of Port Elizabeth, Saint Vincent and the Grenadines",earthquake,,12.2,,6.0,reviewed,us,us
2004-05-30T13:12:37.540Z,10.907,-62.551,87.1,4.2,mb,63.0,62.0,,0.81,us,usp000cwmx,2014-11-07T01:22:26.335Z,"45 km NW of Güiria, Venezuela",earthquake,,,,25.0,reviewed,us,us
2004-05-29T01:13:18.350Z,6.65,-72.961,169.7,0.0,,13.0,131.9,,0.73,us,usp000cwgf,2014-11-07T01:22:25.675Z,"8 km SE of Aratoca, Colombia",earthquake,,7.7,,,reviewed,us,us
2004-05-27T21:19:43.460Z,6.644,-72.834,171.4,0.0,,9.0,102.5,,0.83,us,usp000cwdq,2014-11-07T01:22:25.338Z,"4 km SW of Molagavita, Colombia",earthquake,,8.5,,,reviewed,us,us
2004-05-27T00:59:07.920Z,6.731,-72.872,162.9,4.4,mb,30.0,77.0,,0.87,us,usp000cwb7,2014-11-07T01:22:24.954Z,"9 km SSW of San Andrés, Colombia",earthquake,,,,9.0,reviewed,us,us
2004-05-23T22:42:34.980Z,6.722,-72.984,171.6,3.6,mb,16.0,82.6,,0.66,us,usp000cw18,2014-11-07T01:22:23.397Z,"3 km SSW of Cepitá, Colombia",earthquake,,6.8,,4.0,reviewed,us,us
2004-05-22T21:28:20.650Z,12.878,-70.343,17.3,4.4,mb,40.0,53.0,,1.19,us,usp000cvxp,2014-11-07T01:22:23.019Z,"132 km N of Punto Fijo, Venezuela",earthquake,,23.0,,11.0,reviewed,us,us
2004-05-22T13:38:26.580Z,6.785,-72.983,168.0,4.0,mb,29.0,69.8,,0.57,us,usp000cvwe,2014-11-07T01:22:22.721Z,"3 km NNW of Cepitá, Colombia",earthquake,,5.3,,8.0,reviewed,us,us
2004-05-19T07:50:38.410Z,6.296,-72.467,198.4,3.4,mb,8.0,197.3,,1.37,us,usp000cvj7,2014-11-07T01:22:21.088Z,"10 km ESE of La Uvita, Colombia",earthquake,,14.9,,1.0,reviewed,us,us
2004-05-15T20:02:21.960Z,6.712,-72.975,165.5,4.0,mb,24.0,46.6,,0.75,us,usp000cv55,2014-11-07T01:22:19.316Z,"4 km S of Cepitá, Colombia",earthquake,,,,3.0,reviewed,us,us
2004-05-15T06:25:46.250Z,6.746,-73.067,167.7,4.0,mb,15.0,70.6,,0.82,us,usp000cv35,2014-11-07T01:22:18.881Z,"3 km ENE of Jordán, Colombia",earthquake,,,,2.0,reviewed,us,us
2004-05-13T05:43:57.350Z,6.682,-72.895,174.9,0.0,,9.0,172.8,,0.21,us,usp000cuwu,2014-11-07T01:22:18.141Z,"9 km W of Molagavita, Colombia",earthquake,,10.6,,,reviewed,us,us
2004-05-11T14:36:47.060Z,6.721,-72.992,168.5,4.0,mb,14.0,101.3,,0.83,us,usp000curr,2014-11-07T01:22:17.309Z,"4 km SSW of Cepitá, Colombia",earthquake,,7.9,,4.0,reviewed,us,us
2004-05-08T23:41:17.720Z,6.74,-72.995,163.5,4.3,mb,19.0,88.8,,1.05,us,usp000cugs,2014-11-07T01:22:16.113Z,"2 km SW of Cepitá, Colombia",earthquake,,,,6.0,reviewed,us,us
2004-05-08T19:55:27.760Z,6.352,-73.545,137.8,3.9,mb,12.0,100.6,,1.36,us,usp000cugb,2014-11-07T01:22:16.065Z,"10 km NW of Contratación, Colombia",earthquake,,11.5,,3.0,reviewed,us,us
2004-05-08T10:38:30.120Z,7.643,-73.262,145.4,0.0,,7.0,128.1,,0.31,us,usp000cuf0,2014-11-07T01:22:15.934Z,"19 km SE of San Alberto, Colombia",earthquake,,13.2,,,reviewed,us,us
2004-05-01T19:32:52.370Z,10.126,-62.948,10.0,4.5,mb,11.0,148.1,,0.97,us,usp000cty7,2014-11-07T01:22:12.125Z,"49 km NNE of Maturín, Venezuela",earthquake,,0.0,,2.0,reviewed,us,us
2004-05-01T11:50:28.700Z,7.063,-73.348,165.8,3.5,mb,5.0,113.0,,0.86,us,usp000ctxe,2014-11-07T01:22:11.900Z,"15 km WSW of Lebrija, Colombia",earthquake,,13.8,,3.0,reviewed,us,us
2004-04-30T08:27:45.680Z,6.882,-73.13,160.2,0.0,,7.0,142.6,,0.88,us,usp000cttv,2014-11-07T01:22:08.984Z,northern Colombia,earthquake,,14.3,,,reviewed,us,us
2004-04-28T01:50:27.570Z,6.672,-73.051,168.1,0.0,,11.0,148.5,,1.02,us,usp000ctme,2014-11-07T01:22:07.424Z,"4 km SW of Aratoca, Colombia",earthquake,,10.8,,,reviewed,us,us
2004-04-27T11:25:17.770Z,6.73,-72.927,169.9,0.0,,7.0,121.8,,0.09,us,usp000ctj9,2014-11-07T01:22:06.856Z,"5 km ESE of Cepitá, Colombia",earthquake,,8.5,,,reviewed,us,us
2004-04-26T07:17:47.000Z,10.936,-62.436,118.1,4.2,mb,52.0,106.0,,0.91,us,usp000ctfc,2014-11-07T01:22:06.445Z,"42 km NNW of Güiria, Venezuela",earthquake,,4.4,,12.0,reviewed,us,us
2004-04-17T11:02:13.230Z,6.808,-72.719,158.4,3.6,mb,12.0,141.8,,0.63,us,usp000css1,2014-11-07T01:22:00.949Z,"4 km SW of Cerrito, Colombia",earthquake,,17.8,,4.0,reviewed,us,us
2004-04-07T18:34:42.080Z,7.15,-71.775,65.2,0.0,,7.0,161.8,,0.82,us,usp000crxv,2014-11-07T01:21:55.692Z,"39 km N of Fortul, Colombia",earthquake,,15.5,,,reviewed,us,us
2004-04-06T17:38:26.960Z,6.752,-73.053,163.9,0.0,,16.0,146.9,,0.41,us,usp000crv7,2014-11-07T01:21:55.392Z,"5 km ENE of Jordán, Colombia",earthquake,,8.2,,,reviewed,us,us
2004-04-04T17:17:42.670Z,8.041,-71.919,26.2,4.6,mb,92.0,86.5,,0.87,us,usp000crpp,2014-11-07T01:21:54.512Z,"37 km E of Colón, Venezuela",earthquake,,10.8,,36.0,reviewed,us,us
2004-04-02T20:14:05.070Z,6.714,-72.944,164.1,4.4,mb,33.0,82.2,,0.67,us,usp000crh9,2014-11-07T01:21:52.874Z,"5 km SE of Cepitá, Colombia",earthquake,,6.1,,3.0,reviewed,us,us
2004-04-02T00:51:10.920Z,6.744,-72.929,163.7,4.3,mb,53.0,65.3,,0.96,us,usp000crfu,2014-11-07T01:21:52.106Z,"5 km ESE of Cepitá, Colombia",earthquake,,7.6,,16.0,reviewed,us,us
2004-03-29T05:20:33.170Z,6.727,-72.916,171.1,0.0,,8.0,212.5,,0.58,us,usp000cr6c,2014-11-07T01:21:48.572Z,northern Colombia,earthquake,,18.2,,,reviewed,us,us
2004-03-28T23:04:33.290Z,6.647,-72.732,174.9,3.6,mb,11.0,164.2,,0.96,us,usp000cr5k,2014-11-07T01:21:48.518Z,"1 km S of San José de Miranda, Colombia",earthquake,,22.3,,4.0,reviewed,us,us
2004-03-22T21:37:22.290Z,6.705,-72.95,167.7,0.0,,8.0,236.7,,0.32,us,usp000cqmy,2014-11-07T01:21:46.121Z,"6 km SSE of Cepitá, Colombia",earthquake,,17.9,,,reviewed,us,us
2004-03-18T17:41:21.700Z,6.736,-72.91,160.0,4.2,mb,27.0,187.6,,0.75,us,usp000cq98,2014-11-07T01:21:44.316Z,"7 km ESE of Cepitá, Colombia",earthquake,,8.2,,10.0,reviewed,us,us
2004-03-17T23:52:22.750Z,10.455,-63.622,10.0,4.0,mb,17.0,123.4,,0.99,us,usp000cq6w,2014-11-07T01:21:43.941Z,"46 km WSW of Carúpano, Venezuela",earthquake,,,,6.0,reviewed,us,us
2004-03-17T12:36:22.620Z,12.89,-70.359,10.0,4.4,md,7.0,178.2,,0.98,us,usp000cq5q,2014-11-07T01:21:43.802Z,"133 km N of Punto Fijo, Venezuela",earthquake,,,,,reviewed,us,car
2004-03-12T17:09:55.990Z,6.744,-73.081,169.1,0.0,,8.0,196.3,,0.22,us,usp000cps3,2014-11-07T01:21:41.269Z,"2 km NE of Jordán, Colombia",earthquake,,15.6,,,reviewed,us,us
2004-03-12T11:03:44.780Z,11.128,-70.636,110.9,4.1,mb,16.0,143.3,,0.8,us,usp000cpr6,2014-11-07T01:21:41.202Z,"74 km SW of Punta Cardón, Venezuela",earthquake,,10.8,,3.0,reviewed,us,us
2004-03-03T03:16:44.480Z,6.541,-72.803,176.4,0.0,,11.0,163.4,,1.22,us,usp000cnyu,2014-11-07T01:21:37.467Z,"8 km WNW of Covarachía, Colombia",earthquake,,19.1,,,reviewed,us,us
2004-03-01T07:49:44.240Z,6.757,-72.897,169.5,0.0,,10.0,212.4,,0.95,us,usp000cntc,2014-11-07T01:21:35.362Z,"8 km SW of San Andrés, Colombia",earthquake,,17.0,,,reviewed,us,us
2004-02-29T12:21:01.430Z,6.776,-72.917,166.1,3.8,mb,15.0,151.2,,1.02,us,usp000cnr2,2014-11-07T01:21:32.478Z,"6 km ENE of Cepitá, Colombia",earthquake,,,,3.0,reviewed,us,us
2004-02-28T04:40:01.030Z,6.771,-72.948,158.0,4.0,mb,27.0,101.4,,1.08,us,usp000cnkh,2014-11-07T01:21:31.858Z,"3 km ENE of Cepitá, Colombia",earthquake,,9.5,,8.0,reviewed,us,us
2004-02-26T17:17:45.540Z,10.825,-72.484,42.6,4.6,mb,33.0,83.5,,1.03,us,usp000cnd4,2014-11-07T01:21:29.497Z,"36 km ESE of Barrancas, Colombia",earthquake,,10.8,,12.0,reviewed,us,us
2004-02-25T18:13:55.600Z,10.768,-62.666,119.6,4.5,mb,43.0,95.2,,1.01,us,usp000cn8t,2014-11-07T01:21:28.762Z,"45 km WNW of Güiria, Venezuela",earthquake,,,,17.0,reviewed,us,us
2004-02-25T09:28:21.410Z,6.769,-73.11,158.4,4.1,mb,25.0,147.5,,0.71,us,usp000cn70,2014-11-07T01:21:28.112Z,"4 km NNW of Jordán, Colombia",earthquake,,,,6.0,reviewed,us,us
2004-02-22T17:45:51.500Z,12.85,-61.527,187.4,4.0,mb,17.0,135.1,,1.02,us,usp000cmu7,2014-11-07T01:21:24.828Z,"36 km WSW of Port Elizabeth, Saint Vincent and the Grenadines",earthquake,,40.9,,5.0,reviewed,us,us
2004-02-22T12:17:39.830Z,7.976,-71.635,53.2,3.9,mb,11.0,168.0,,0.96,us,usp000cmtm,2014-11-07T01:21:24.782Z,"67 km ENE of Táriba, Venezuela",earthquake,,32.0,,2.0,reviewed,us,us
2004-02-20T11:15:59.840Z,10.852,-73.745,45.6,4.8,mwc,92.0,59.6,,1.02,us,usp000cmp0,2016-11-10T00:26:38.445Z,"56 km ENE of Aracataca, Colombia",earthquake,,,,,reviewed,us,hrv
2004-02-20T07:49:42.610Z,6.676,-72.991,177.9,0.0,,10.0,196.6,,0.76,us,usp000cmnd,2014-11-07T01:21:23.617Z,"3 km ESE of Aratoca, Colombia",earthquake,,16.0,,,reviewed,us,us
2004-02-16T23:27:31.250Z,12.879,-70.117,35.0,4.0,mb,12.0,168.2,,0.98,us,usp000cmcd,2014-11-07T01:21:21.872Z,"131 km N of Punto Fijo, Venezuela",earthquake,,,,1.0,reviewed,us,us
2004-02-16T18:12:27.330Z,12.928,-70.165,41.3,4.5,mb,18.0,128.4,,1.13,us,usp000cmbv,2014-11-07T01:21:21.835Z,"136 km N of Punto Fijo, Venezuela",earthquake,,13.8,,2.0,reviewed,us,us
2004-02-16T06:48:05.520Z,6.774,-72.957,166.8,4.1,mb,17.0,126.6,,0.73,us,usp000cmaq,2014-11-07T01:21:21.717Z,"2 km NE of Cepitá, Colombia",earthquake,,13.3,,1.0,reviewed,us,us
2004-02-16T03:48:14.680Z,6.706,-72.953,167.2,4.1,mb,26.0,137.5,,0.82,us,usp000cmaa,2014-11-07T01:21:21.686Z,"5 km SSE of Cepitá, Colombia",earthquake,,,,5.0,reviewed,us,us
2004-02-15T04:13:17.600Z,6.433,-72.446,162.6,4.0,mb,7.0,220.1,,1.66,us,usp000cm7f,2014-11-07T01:21:21.386Z,"2 km SE of Panqueba, Colombia",earthquake,,25.4,,1.0,reviewed,us,us
2004-02-15T04:12:52.820Z,6.412,-72.394,161.4,4.1,mb,8.0,220.5,,1.42,us,usp000cm7e,2014-11-07T01:21:21.385Z,"6 km E of El Cocuy, Colombia",earthquake,,23.3,,2.0,reviewed,us,us
2004-02-13T06:04:44.260Z,6.785,-73.088,172.6,0.0,,9.0,208.0,,0.73,us,usp000cm36,2014-11-07T01:21:20.917Z,"5 km N of Jordán, Colombia",earthquake,,18.2,,,reviewed,us,us
2004-01-20T08:31:35.890Z,6.706,-72.925,166.3,4.5,mb,45.0,88.9,,0.78,us,usp000cjac,2014-11-07T01:21:06.254Z,"7 km SE of Cepitá, Colombia",earthquake,,,,13.0,reviewed,us,us
2004-01-15T20:17:54.700Z,6.742,-72.946,166.9,0.0,,9.0,196.5,,0.33,us,usp000chyk,2014-11-07T01:21:05.001Z,"3 km ESE of Cepitá, Colombia",earthquake,,19.3,,,reviewed,us,us
2004-01-15T10:56:20.240Z,10.851,-62.468,98.0,5.1,mwc,193.0,43.6,,0.87,us,usp000chxv,2025-12-19T22:37:36.591Z,"35 km NNW of Güiria, Venezuela",earthquake,,,,,reviewed,us,hrv
2004-01-14T10:43:07.440Z,6.693,-72.97,172.9,0.0,,12.0,196.7,,0.44,us,usp000chvx,2014-11-07T01:21:04.083Z,"5 km E of Aratoca, Colombia",earthquake,,12.6,,,reviewed,us,us
2004-01-12T03:04:11.440Z,6.702,-73.159,173.6,4.0,mb,18.0,138.4,,0.77,us,usp000chq7,2014-11-07T01:21:03.313Z,"3 km NNE of Villanueva, Colombia",earthquake,,12.5,,2.0,reviewed,us,us
2004-01-10T22:24:35.100Z,6.852,-73.055,166.9,0.0,,21.0,126.4,,0.99,us,usp000chmh,2014-11-07T01:21:02.345Z,"13 km NNE of Jordán, Colombia",earthquake,,10.3,,,reviewed,us,us
2004-01-08T18:43:41.890Z,6.81,-72.983,172.5,4.4,mb,9.0,188.6,,1.13,us,usp000chf8,2014-11-07T01:21:00.291Z,"6 km N of Cepitá, Colombia",earthquake,,12.1,,2.0,reviewed,us,us
2004-01-05T03:05:27.180Z,6.771,-72.959,154.8,4.5,mb,68.0,124.5,,0.7,us,usp000ch5q,2014-11-07T01:20:59.300Z,"2 km NE of Cepitá, Colombia",earthquake,,7.2,,24.0,reviewed,us,us
2003-12-31T06:48:28.810Z,8.715,-71.208,33.0,0.0,,8.0,130.7,,1.13,us,usp000cgmd,2014-11-07T01:20:51.883Z,"14 km NNW of Mérida, Venezuela",earthquake,,,,,reviewed,us,us
2003-12-29T13:55:14.980Z,7.061,-73.36,150.0,0.0,,6.0,223.9,,0.98,us,usp000cgfp,2014-11-07T01:20:51.298Z,"16 km WSW of Lebrija, Colombia",earthquake,,,,,reviewed,us,us
2003-12-29T01:21:22.490Z,6.757,-72.959,171.0,4.5,mb,47.0,82.2,,0.9,us,usp000cgea,2014-11-07T01:20:51.130Z,"1 km E of Cepitá, Colombia",earthquake,,5.6,,14.0,reviewed,us,us
2003-12-28T21:41:28.370Z,6.75,-73.063,181.7,0.0,,7.0,163.2,,0.71,us,usp000cgdu,2014-11-07T01:20:51.061Z,"4 km ENE of Jordán, Colombia",earthquake,,20.5,,,reviewed,us,us
2003-12-26T00:12:30.820Z,7.082,-73.583,150.7,0.0,,9.0,169.6,,1.48,us,usp000cg22,2014-11-07T01:20:49.487Z,"29 km NW of San Vicente de Chucurí, Colombia",earthquake,,17.0,,,reviewed,us,us
2003-12-20T19:44:34.620Z,5.009,-73.916,33.0,0.0,,6.0,204.2,,1.76,us,usp000cfpe,2014-11-07T01:20:47.373Z,"4 km N of Tocancipá, Colombia",earthquake,,,,,reviewed,us,us
2003-12-20T12:12:44.230Z,10.48,-63.157,33.0,4.7,mb,94.0,82.0,,0.95,us,usp000cfng,2014-11-07T01:20:47.315Z,"23 km SSE of Carúpano, Venezuela",earthquake,,,,45.0,reviewed,us,us
2003-12-15T11:09:51.320Z,11.805,-68.18,33.0,3.7,mb,7.0,204.8,,1.11,us,usp000cfaw,2014-11-07T01:20:45.702Z,"37 km SSE of Dorp Tera Kora, Bonaire, Saint Eustatius and Saba ",earthquake,,,,1.0,reviewed,us,us
2003-12-14T00:31:49.120Z,11.36,-62.567,119.5,3.8,mb,24.0,191.5,,1.22,us,usp000cf7c,2014-11-07T01:20:45.062Z,"91 km NNW of Güiria, Venezuela",earthquake,,10.5,,3.0,reviewed,us,us
2003-11-27T12:00:19.310Z,6.764,-73.019,168.2,4.2,mb,37.0,138.0,,0.71,us,usp000ce0g,2014-11-07T01:20:34.100Z,"5 km WNW of Cepitá, Colombia",earthquake,,8.9,,19.0,reviewed,us,us
2003-11-24T01:08:47.340Z,6.969,-73.214,150.0,4.3,mb,16.0,133.3,,1.13,us,usp000cdsh,2014-11-07T01:20:33.006Z,"10 km NE of Betulia, Colombia",earthquake,,,,2.0,reviewed,us,us
2003-11-18T13:19:09.520Z,7.005,-72.878,150.0,3.8,mb,12.0,193.8,,0.71,us,usp000cdah,2014-11-07T01:20:31.105Z,"3 km ENE of Santa Bárbara, Colombia",earthquake,,,,1.0,reviewed,us,us
2003-11-17T19:08:32.970Z,11.881,-70.532,10.0,0.0,,7.0,197.1,,0.79,us,usp000cd6q,2014-11-07T01:20:30.676Z,"41 km WNW of Punto Fijo, Venezuela",earthquake,,,,,reviewed,us,us
2003-11-16T07:22:46.970Z,12.924,-68.0,33.0,4.8,mb,84.0,81.7,,0.8,us,usp000ccyu,2014-11-07T01:20:29.353Z,"84 km NNE of Dorp Rincón, Bonaire, Saint Eustatius and Saba ",earthquake,,,,24.0,reviewed,us,us
2003-11-16T04:20:40.790Z,6.645,-73.12,183.3,0.0,,8.0,209.3,,0.58,us,usp000ccyj,2014-11-07T01:20:29.327Z,"6 km ESE of Villanueva, Colombia",earthquake,,26.8,,,reviewed,us,us
2003-11-14T16:39:37.330Z,6.985,-73.198,150.0,4.0,mb,10.0,203.1,,0.42,us,usp000ccvb,2014-11-07T01:20:28.661Z,"9 km SSW of Girón, Colombia",earthquake,,,,3.0,reviewed,us,us
2003-11-08T20:38:57.590Z,10.586,-73.726,69.6,4.4,mb,50.0,69.3,,1.0,us,usp000cccy,2014-11-07T01:20:25.853Z,"47 km NE of Ariguaní, Colombia",earthquake,,,,14.0,reviewed,us,us
2003-10-29T12:44:33.360Z,6.913,-72.814,156.9,4.8,mb,12.0,94.9,,1.01,us,usp000cbj5,2014-11-07T01:20:17.098Z,"6 km NE of Guaca, Colombia",earthquake,,22.8,,3.0,reviewed,us,us
2003-10-02T06:00:46.600Z,10.52,-63.43,0.1,4.0,mb,20.0,120.7,,,us,usp000c9b0,2014-11-07T01:20:07.003Z,"25 km SW of Carúpano, Venezuela",earthquake,,,,8.0,reviewed,car,us
2003-09-13T08:56:21.170Z,6.703,-73.036,154.1,4.9,mb,120.0,61.6,,0.78,us,usp000c7dv,2014-11-07T01:19:48.724Z,"2 km WNW of Aratoca, Colombia",earthquake,,,,59.0,reviewed,us,us
2003-09-12T22:49:30.890Z,7.284,-72.407,100.0,0.0,,7.0,130.0,,0.73,us,usp000c7ck,2014-11-07T01:19:48.617Z,"8 km ESE of Toledo, Colombia",earthquake,,,,,reviewed,us,us
2003-09-02T00:02:02.110Z,10.39,-62.533,51.7,4.5,mb,26.0,122.2,,1.27,us,usp000c6gd,2014-11-07T01:19:41.420Z,"32 km SW of Güiria, Venezuela",earthquake,,11.0,,1.0,reviewed,us,us
2003-08-31T10:43:55.540Z,6.841,-72.912,159.3,4.0,mb,37.0,117.9,,0.77,us,usp000c6cf,2014-11-07T01:19:37.280Z,"7 km WSW of Guaca, Colombia",earthquake,,7.8,,11.0,reviewed,us,us
2003-08-31T09:41:08.450Z,6.773,-73.043,171.8,4.2,mb,19.0,118.4,,0.83,us,usp000c6ca,2014-11-07T01:19:37.269Z,"7 km NE of Jordán, Colombia",earthquake,,16.6,,5.0,reviewed,us,us
2003-08-28T09:41:35.850Z,10.851,-62.37,33.0,3.9,mb,13.0,176.2,,1.11,us,usp000c643,2014-11-07T01:19:36.110Z,"31 km NNW of Güiria, Venezuela",earthquake,,,,4.0,reviewed,us,us
2003-08-25T19:24:28.490Z,6.846,-72.921,163.4,4.6,mb,18.0,127.7,,0.61,us,usp000c5xd,2014-11-07T01:19:35.319Z,"7 km WSW of Guaca, Colombia",earthquake,,15.7,,4.0,reviewed,us,us
2003-08-18T13:29:38.380Z,7.297,-72.777,100.0,4.1,mb,17.0,192.7,,1.19,us,usp000c598,2014-11-07T01:19:32.808Z,"3 km W of Mutiscua, Colombia",earthquake,,,,4.0,reviewed,us,us
2003-08-16T06:23:17.610Z,6.886,-73.044,164.6,4.4,mb,14.0,148.3,,0.53,us,usp000c528,2014-11-07T01:19:31.967Z,"11 km S of Piedecuesta, Colombia",earthquake,,15.3,,5.0,reviewed,us,us
2003-08-14T16:27:36.140Z,10.908,-62.588,128.0,4.5,mb,66.0,69.8,,0.91,us,usp000c4vr,2014-11-07T01:19:31.169Z,"48 km NW of Güiria, Venezuela",earthquake,,9.1,,28.0,reviewed,us,us
2003-08-12T06:11:53.630Z,6.218,-73.005,100.0,0.0,,9.0,139.8,,0.68,us,usp000c4p5,2014-11-07T01:19:30.227Z,"9 km SSE of Coromoro, Colombia",earthquake,,,,,reviewed,us,us
2003-08-09T23:08:11.590Z,6.841,-73.244,174.9,4.3,mb,15.0,135.6,,1.28,us,usp000c4h7,2014-11-07T01:19:29.666Z,"3 km NE of Zapatoca, Colombia",earthquake,,13.2,,3.0,reviewed,us,us
2003-08-05T17:24:20.990Z,6.93,-72.722,150.0,0.0,,8.0,144.2,,0.97,us,usp000c474,2014-11-07T01:19:27.947Z,"10 km NNW of Cerrito, Colombia",earthquake,,,,,reviewed,us,us
2003-07-24T03:40:00.130Z,8.783,-70.14,33.0,0.0,,6.0,196.9,,0.94,us,usp000c36q,2014-11-07T01:19:17.114Z,"19 km NNE of Barinas, Venezuela",earthquake,,,,,reviewed,us,us
2003-07-21T04:12:00.000Z,6.947,-72.769,150.0,3.9,mb,9.0,144.1,,0.69,us,usp000c2zv,2014-11-07T01:19:16.175Z,"12 km NE of Guaca, Colombia",earthquake,,,,2.0,reviewed,us,us
2003-07-18T14:19:08.590Z,12.817,-60.94,102.4,3.5,md,23.0,135.2,,0.64,us,usp000c2tz,2014-11-07T01:19:15.031Z,"38 km SE of Port Elizabeth, Saint Vincent and the Grenadines",earthquake,,6.6,,,reviewed,us,fdf
2003-07-03T08:45:35.270Z,11.066,-62.349,129.6,4.4,md,28.0,153.2,,0.95,us,usp000c1hv,2014-11-07T01:19:07.156Z,"54 km N of Güiria, Venezuela",earthquake,,9.1,,,reviewed,us,fdf
2003-07-02T14:36:08.140Z,8.967,-73.38,33.0,3.5,mb,8.0,120.5,,0.84,us,usp000c1gc,2014-11-07T01:19:06.114Z,"27 km E of Pailitas, Colombia",earthquake,,,,1.0,reviewed,us,us
2003-06-30T13:47:58.550Z,7.016,-72.956,150.0,4.2,mb,10.0,183.2,,1.21,us,usp000c1b1,2014-11-07T01:19:01.072Z,"6 km WNW of Santa Bárbara, Colombia",earthquake,,,,1.0,reviewed,us,us
2003-06-29T03:32:37.500Z,6.913,-72.648,150.0,0.0,,7.0,164.5,,0.62,us,usp000c179,2014-11-07T01:19:00.642Z,"9 km NNE of Cerrito, Colombia",earthquake,,,,,reviewed,us,us
2003-06-26T06:03:24.520Z,6.773,-72.951,173.2,4.1,mb,50.0,126.6,,0.72,us,usp000c0z9,2014-11-07T01:19:00.034Z,"3 km NE of Cepitá, Colombia",earthquake,,6.4,,18.0,reviewed,us,us
2003-06-21T05:55:56.800Z,10.667,-59.369,10.0,5.3,mwc,199.0,54.8,,0.87,us,usp000c0ex,2025-12-19T23:06:39.565Z,"159 km ESE of Scarborough, Trinidad and Tobago",earthquake,,,,,reviewed,us,hrv
2003-06-18T13:52:29.400Z,6.768,-72.963,165.2,4.1,mb,48.0,117.0,,0.81,us,usp000c05p,2014-11-07T01:18:57.284Z,"1 km NE of Cepitá, Colombia",earthquake,,,,17.0,reviewed,us,us
2003-06-17T00:57:48.290Z,8.275,-70.551,33.0,4.4,mb,50.0,79.5,,1.24,us,usp000c01u,2014-11-07T01:18:56.978Z,"50 km SW of Alto Barinas, Venezuela",earthquake,,,,34.0,reviewed,us,us
2003-06-15T07:56:15.030Z,6.558,-73.174,192.4,0.0,,5.0,167.1,,0.94,us,usp000bzx4,2014-11-07T01:18:55.931Z,"2 km N of Pinchote, Colombia",earthquake,,24.8,,,reviewed,us,us
2003-06-08T07:49:51.790Z,6.886,-72.851,151.0,3.1,mb,8.0,143.7,,0.9,us,usp000bzc7,2014-11-07T01:18:52.520Z,"1 km NNE of Guaca, Colombia",earthquake,,,,1.0,reviewed,us,us
2003-06-07T21:44:58.730Z,6.596,-72.991,189.5,3.9,mb,12.0,163.3,,0.69,us,usp000bzat,2014-11-07T01:18:52.363Z,"8 km E of Curití, Colombia",earthquake,,16.4,,2.0,reviewed,us,us
2003-06-03T07:10:51.640Z,6.178,-72.931,203.0,3.6,mb,20.0,127.0,,0.85,us,usp000byxw,2014-11-07T01:18:49.668Z,"17 km SE of Coromoro, Colombia",earthquake,,15.2,,6.0,reviewed,us,us
2003-06-01T16:15:06.410Z,9.786,-62.849,38.2,4.8,mb,192.0,48.4,,0.95,us,usp000byrc,2022-05-02T16:35:58.168Z,"36 km E of Maturín, Venezuela",earthquake,,,,90.0,reviewed,us,us
2003-05-24T00:07:41.020Z,6.498,-65.147,13.2,4.5,mb,38.0,80.9,,0.95,us,usp000bxzr,2014-11-07T01:18:41.640Z,"252 km SW of Ciudad Bolívar, Venezuela",earthquake,,,,13.0,reviewed,us,us
2003-05-23T05:17:25.620Z,5.657,-73.622,144.9,3.9,mb,28.0,115.0,,0.91,us,usp000bxxa,2014-11-07T01:18:41.317Z,"4 km N of Sutamarchán, Colombia",earthquake,,,,9.0,reviewed,us,us
2003-05-21T23:01:16.080Z,6.89,-72.977,161.7,4.2,mb,23.0,126.6,,0.65,us,usp000bxry,2014-11-07T01:18:40.281Z,"13 km W of Guaca, Colombia",earthquake,,12.3,,8.0,reviewed,us,us
2003-05-20T05:36:39.630Z,10.108,-72.682,134.9,4.2,mb,54.0,120.5,,1.16,us,usp000bxjk,2014-11-07T01:18:38.682Z,"15 km WNW of Machiques, Venezuela",earthquake,,,,12.0,reviewed,us,us
2003-05-19T19:09:43.570Z,6.917,-72.769,150.0,0.0,,8.0,148.8,,0.96,us,usp000bxhu,2014-11-07T01:18:38.309Z,"10 km ENE of Guaca, Colombia",earthquake,,,,,reviewed,us,us
2003-05-18T14:05:34.630Z,6.688,-73.041,178.3,3.8,mb,14.0,210.4,,0.86,us,usp000bxf8,2014-11-07T01:18:37.983Z,"2 km WSW of Aratoca, Colombia",earthquake,,25.8,,2.0,reviewed,us,us
2003-05-09T23:11:21.960Z,6.811,-72.923,164.3,3.6,mb,13.0,138.5,,0.48,us,usp000bwxk,2014-11-07T01:18:35.855Z,"8 km W of San Andrés, Colombia",earthquake,,10.5,,4.0,reviewed,us,us
2003-05-05T00:57:09.070Z,6.781,-73.14,33.0,4.6,mb,63.0,90.3,,0.97,us,usp000bwmt,2014-11-07T01:18:34.294Z,"7 km NW of Jordán, Colombia",earthquake,,,,23.0,reviewed,us,us
2003-04-24T13:05:21.990Z,10.772,-63.008,121.5,4.5,mb,68.0,94.6,,0.84,us,usp000bvvs,2014-11-07T01:18:25.738Z,"29 km ENE of Carúpano, Venezuela",earthquake,,,,42.0,reviewed,us,us
2003-04-24T01:57:17.630Z,6.828,-72.91,148.7,4.2,mb,40.0,79.0,,0.91,us,usp000bvuy,2014-11-07T01:18:25.389Z,"6 km WNW of San Andrés, Colombia",earthquake,,13.2,,18.0,reviewed,us,us
2003-04-22T13:28:55.370Z,7.088,-72.751,33.0,4.6,mb,47.0,101.5,,0.8,us,usp000bvru,2014-11-07T01:18:24.649Z,"11 km WSW of Chitagá, Colombia",earthquake,,,,20.0,reviewed,us,us
2003-04-12T17:00:45.470Z,6.676,-72.927,120.3,0.0,,17.0,154.8,,0.6,us,usp000bv1c,2014-11-07T01:18:20.096Z,"10 km SSE of Cepitá, Colombia",earthquake,,56.8,,,reviewed,us,us
2003-03-16T15:50:50.040Z,6.877,-73.151,200.0,4.2,mb,18.0,282.3,,0.67,us,usp000bstc,2014-11-07T01:18:05.258Z,"14 km ENE of Zapatoca, Colombia",earthquake,,,,7.0,reviewed,us,us
2003-03-09T02:33:10.130Z,7.038,-72.882,200.0,4.0,mb,5.0,178.7,,0.38,us,usp000bs7y,2014-11-07T01:18:02.194Z,"5 km NNE of Santa Bárbara, Colombia",earthquake,,,,1.0,reviewed,us,us
2003-02-27T14:00:09.140Z,6.775,-72.987,142.4,4.5,mb,63.0,,,0.75,us,usp000brkq,2014-11-07T01:17:53.023Z,northern Colombia,earthquake,,8.8,,33.0,reviewed,us,us
2003-02-26T07:52:45.180Z,6.614,-72.565,33.0,4.1,mb,9.0,,,0.74,us,usp000brgy,2014-11-07T01:17:52.536Z,"6 km ESE of Carcasí, Colombia",earthquake,,,,5.0,reviewed,us,us
2003-02-18T17:43:38.020Z,9.206,-70.313,33.0,4.6,mb,43.0,,,1.24,us,usp000bqys,2014-11-07T01:17:49.458Z,"22 km SE of Trujillo, Venezuela",earthquake,,,,18.0,reviewed,us,us
2003-02-14T01:23:39.830Z,10.312,-62.389,33.8,4.8,mb,154.0,,,0.84,us,usp000bqmp,2014-11-07T01:17:48.138Z,"30 km SSW of Güiria, Venezuela",earthquake,,5.3,,71.0,reviewed,us,us
2003-02-08T17:43:19.030Z,6.796,-72.896,163.6,4.8,mb,119.0,,,0.76,us,usp000bq94,2014-11-07T01:17:46.386Z,"5 km WSW of San Andrés, Colombia",earthquake,,,,46.0,reviewed,us,us
2003-02-08T02:04:52.230Z,6.765,-72.991,160.7,4.0,mb,16.0,,,0.92,us,usp000bq7s,2014-11-07T01:17:46.196Z,"2 km WNW of Cepitá, Colombia",earthquake,,,,5.0,reviewed,us,us
2003-02-02T03:02:00.680Z,6.971,-72.868,150.0,3.5,mb,9.0,,,0.37,us,usp000bpt5,2014-11-07T01:17:43.642Z,"4 km ESE of Santa Bárbara, Colombia",earthquake,,,,2.0,reviewed,us,us
2003-02-01T03:29:55.240Z,6.855,-72.982,134.1,4.1,mb,15.0,,,0.73,us,usp000bpqw,2014-11-07T01:17:42.061Z,"11 km N of Cepitá, Colombia",earthquake,,45.9,,5.0,reviewed,us,us
2003-01-25T03:12:18.400Z,11.049,-65.674,10.0,4.2,mb,30.0,,,0.89,us,usp000bp4w,2014-11-07T01:17:38.071Z,"114 km ENE of Guatire, Venezuela",earthquake,,,,8.0,reviewed,us,us
2003-01-08T01:08:09.610Z,5.873,-73.43,33.0,4.0,mb,14.0,,,0.68,us,usp000bn7x,2014-11-07T01:17:33.589Z,"11 km SE of Togüí, Colombia",earthquake,,,,6.0,reviewed,us,us
2003-01-05T15:20:08.840Z,6.971,-72.857,200.0,4.6,mb,9.0,,,0.86,us,usp000bn43,2014-11-07T01:17:32.879Z,"5 km ESE of Santa Bárbara, Colombia",earthquake,,,,3.0,reviewed,us,us
2002-12-15T07:23:54.970Z,6.985,-72.814,202.6,4.6,mb,27.0,,,0.99,us,usp000bkr8,2014-11-07T01:17:21.874Z,"10 km E of Santa Bárbara, Colombia",earthquake,,21.6,,5.0,reviewed,us,us
2002-12-12T17:20:08.840Z,6.724,-72.976,154.6,4.2,mb,50.0,,,0.97,us,usp000bkjy,2014-11-07T01:17:20.500Z,northern Colombia,earthquake,,,,25.0,reviewed,us,us
2002-12-11T00:30:44.520Z,6.745,-73.049,182.1,4.0,mb,19.0,,,0.83,us,usp000bkfx,2014-11-07T01:17:20.086Z,"5 km ENE of Jordán, Colombia",earthquake,,27.2,,4.0,reviewed,us,us
2002-11-25T09:15:16.670Z,6.779,-72.948,146.6,4.8,mb,102.0,,,0.79,us,usp000bjc5,2014-11-07T01:17:10.999Z,"4 km NE of Cepitá, Colombia",earthquake,,7.3,,33.0,reviewed,us,us
2002-11-25T04:35:40.430Z,10.615,-62.87,33.0,4.5,mb,49.0,,,1.03,us,usp000bjbr,2014-11-07T01:17:10.965Z,"42 km E of Carúpano, Venezuela",earthquake,,,,21.0,reviewed,us,us
2002-11-25T00:55:23.760Z,6.81,-72.959,140.7,4.8,mb,38.0,,,0.89,us,usp000bjbb,2014-11-07T01:17:10.937Z,"6 km NNE of Cepitá, Colombia",earthquake,,14.0,,11.0,reviewed,us,us
2002-11-24T15:09:31.410Z,10.78,-62.674,98.6,4.9,mb,160.0,,,0.8,us,usp000bjab,2014-11-07T01:17:10.855Z,"46 km WNW of Güiria, Venezuela",earthquake,,,,68.0,reviewed,us,us
2002-11-23T10:39:16.740Z,10.978,-60.532,33.0,4.2,mb,9.0,,,1.05,us,usp000bj7y,2014-11-07T01:17:10.627Z,"31 km SE of Scarborough, Trinidad and Tobago",earthquake,,,,3.0,reviewed,us,us
2002-11-23T09:21:33.440Z,10.805,-60.504,33.0,4.4,mb,51.0,,,0.94,us,usp000bj7t,2014-11-07T01:17:10.543Z,"48 km SSE of Scarborough, Trinidad and Tobago",earthquake,,,,15.0,reviewed,us,us
2002-11-23T09:15:19.310Z,10.717,-60.433,33.0,4.3,mb,24.0,,,0.75,us,usp000bj7s,2014-11-07T01:17:10.474Z,"61 km SSE of Scarborough, Trinidad and Tobago",earthquake,,,,11.0,reviewed,us,us
2002-10-23T00:28:48.720Z,6.884,-72.962,125.8,4.3,mb,54.0,,,1.06,us,usp000bf1s,2014-11-07T01:16:47.726Z,"11 km W of Guaca, Colombia",earthquake,,21.7,,20.0,reviewed,us,us
2002-10-19T03:31:27.190Z,6.963,-72.886,138.1,4.5,mb,10.0,,,0.82,us,usp000beub,2014-11-07T01:16:46.486Z,"3 km SE of Santa Bárbara, Colombia",earthquake,,,,4.0,reviewed,us,us
2002-10-18T02:34:44.390Z,8.798,-71.841,33.0,4.1,mb,15.0,,,1.16,us,usp000bes1,2014-11-07T01:16:46.189Z,"Merida, Venezuela",earthquake,,,,9.0,reviewed,us,us
2002-10-15T23:12:21.180Z,10.558,-63.479,33.0,4.4,mb,46.0,,,1.11,us,usp000ben7,2014-11-07T01:16:45.653Z,"27 km WSW of Carúpano, Venezuela",earthquake,,,,16.0,reviewed,us,us
2002-10-06T04:19:38.230Z,6.341,-71.664,31.7,4.7,mb,90.0,,,0.79,us,usp000bdwx,2014-11-07T01:16:42.616Z,"15 km SSE of Tame, Colombia",earthquake,,,,41.0,reviewed,us,us
2002-10-04T15:43:46.450Z,10.371,-62.623,32.3,4.9,mb,168.0,,,0.98,us,usp000bdsw,2014-11-07T01:16:41.864Z,"42 km WSW of Güiria, Venezuela",earthquake,,3.6,,83.0,reviewed,us,us
2002-10-02T08:03:12.150Z,12.711,-59.543,33.0,3.8,md,9.0,,,1.14,us,usp000bdmu,2014-11-07T01:16:40.460Z,"39 km S of Oistins, Barbados",earthquake,,,,,reviewed,us,trn
2002-09-27T16:26:43.400Z,10.73,-62.34,43.6,4.5,md,10.0,,,,us,usp000bd8d,2014-11-07T01:16:35.185Z,"17 km NNW of Güiria, Venezuela",earthquake,,,,,reviewed,car,car
2002-09-22T17:55:30.140Z,6.778,-73.08,200.0,4.1,mb,16.0,,,0.7,us,usp000bcwq,2014-11-07T01:16:33.870Z,"5 km NNE of Jordán, Colombia",earthquake,,,,3.0,reviewed,us,us
2002-09-22T08:10:16.100Z,10.65,-62.59,85.0,3.7,md,9.0,,,,us,usp000bcvc,2014-11-07T01:16:33.754Z,"32 km WNW of Güiria, Venezuela",earthquake,,,,,reviewed,car,car
2002-09-17T22:35:29.590Z,12.247,-59.325,33.0,4.9,mb,114.0,,,0.89,us,usp000bchv,2014-11-07T01:16:32.392Z,"94 km SSE of Oistins, Barbados",earthquake,,,,44.0,reviewed,us,us
2002-09-17T11:09:01.900Z,6.612,-73.041,200.0,4.1,mb,52.0,,,0.7,us,usp000bcfz,2014-11-07T01:16:32.223Z,"3 km ENE of Curití, Colombia",earthquake,,,,20.0,reviewed,us,us
2002-09-13T20:18:59.750Z,10.306,-63.17,33.0,3.7,md,12.0,,,1.24,us,usp000bc5y,2014-11-07T01:16:30.753Z,"40 km SSE of Carúpano, Venezuela",earthquake,,,,,reviewed,us,trn
2002-09-10T22:58:09.350Z,10.767,-62.4,113.1,4.1,mb,33.0,,,1.05,us,usp000bby7,2014-11-07T01:16:29.735Z,"23 km NNW of Güiria, Venezuela",earthquake,,7.2,,2.0,reviewed,us,us
2002-09-08T06:44:33.180Z,6.883,-73.052,33.0,4.0,mb,11.0,,,0.97,us,usp000bbms,2014-11-07T01:16:28.782Z,"11 km S of Piedecuesta, Colombia",earthquake,,,,4.0,reviewed,us,us
2002-09-04T04:02:18.000Z,11.493,-62.375,138.3,4.2,md,9.0,,,0.76,us,usp000bb7g,2014-11-07T01:16:26.374Z,"91 km SW of Saint George's, Grenada",earthquake,,15.6,,,reviewed,us,fdf
2002-08-29T10:02:33.470Z,6.821,-72.982,205.2,4.2,mb,51.0,,,0.75,us,usp000bav4,2014-11-07T01:16:21.186Z,"7 km N of Cepitá, Colombia",earthquake,,19.6,,18.0,reviewed,us,us
2002-08-09T13:47:54.990Z,10.871,-62.417,103.3,4.2,mb,14.0,,,0.82,us,usp000b9k7,2014-11-07T01:16:14.570Z,"34 km NNW of Güiria, Venezuela",earthquake,,10.9,,3.0,reviewed,us,us
2002-07-31T03:36:22.050Z,6.759,-73.001,157.9,4.5,mb,77.0,,,0.73,us,usp000b92d,2014-11-07T01:16:07.909Z,"2 km W of Cepitá, Colombia",earthquake,,,,27.0,reviewed,us,us
2002-07-12T18:07:59.780Z,6.733,-73.021,155.5,4.8,mb,120.0,,,0.78,us,usp000b7zv,2014-11-07T01:16:02.869Z,"4 km N of Aratoca, Colombia",earthquake,,8.5,,34.0,reviewed,us,us
2002-06-21T19:35:42.290Z,11.032,-60.322,33.0,4.5,mb,65.0,,,0.75,us,usp000b6nz,2014-11-07T01:15:52.375Z,"48 km ESE of Scarborough, Trinidad and Tobago",earthquake,,,,28.0,reviewed,us,us
2002-06-21T11:20:58.200Z,9.891,-69.218,33.0,4.5,mb,11.0,,,0.61,us,usp000b6n0,2014-11-07T01:15:52.246Z,"15 km S of Los Rastrojos, Venezuela",earthquake,,,,6.0,reviewed,us,us
2002-06-19T12:48:23.490Z,6.715,-72.99,170.8,3.9,mb,13.0,,,0.61,us,usp000b6ga,2014-11-07T01:15:51.627Z,"3 km NE of Aratoca, Colombia",earthquake,,32.3,,1.0,reviewed,us,us
2002-06-08T14:58:53.630Z,6.82,-72.931,163.1,4.1,mb,32.0,,,0.69,us,usp000b5sw,2014-11-07T01:15:47.750Z,"8 km NNE of Cepitá, Colombia",earthquake,,,,13.0,reviewed,us,us
2002-06-07T04:13:04.740Z,6.826,-72.974,164.1,4.4,mb,44.0,,,0.64,us,usp000b5pk,2014-11-07T01:15:46.943Z,"7 km N of Cepitá, Colombia",earthquake,,19.1,,16.0,reviewed,us,us
2002-05-17T09:28:37.150Z,12.071,-70.783,33.0,,,17.0,,,1.42,us,usp000b4ft,2014-11-07T01:15:38.060Z,"76 km WNW of Punto Fijo, Venezuela",earthquake,,,,,reviewed,us,us
2002-05-12T22:53:37.310Z,6.648,-73.113,200.0,3.7,mb,11.0,,,0.58,us,usp000b47f,2014-11-07T01:15:37.082Z,"6 km NW of Curití, Colombia",earthquake,,,,1.0,reviewed,us,us
2002-05-12T06:23:52.450Z,6.673,-73.007,169.1,4.5,mb,82.0,,,0.94,us,usp000b45v,2014-11-07T01:15:36.950Z,"2 km SSE of Aratoca, Colombia",earthquake,,,,25.0,reviewed,us,us
2002-04-26T01:36:25.590Z,6.639,-73.61,33.0,5.2,mwc,229.0,,,1.04,us,usp000b36h,2022-05-02T15:51:40.657Z,"12 km WSW of El Carmen de Chucurí, Colombia",earthquake,,,,,reviewed,us,hrv
2002-04-14T13:05:36.470Z,6.735,-73.004,150.0,4.0,mb,18.0,,,0.74,us,usp000b2cu,2014-11-07T01:15:25.180Z,"3 km WSW of Cepitá, Colombia",earthquake,,,,3.0,reviewed,us,us
2002-04-12T01:43:51.020Z,9.896,-69.963,10.0,4.5,mb,62.0,,,0.94,us,usp000b27y,2014-11-07T01:15:24.283Z,"22 km WNW of El Tocuyo, Venezuela",earthquake,,,,20.0,reviewed,us,us
2002-04-08T05:47:08.940Z,6.82,-73.032,136.9,4.0,mb,39.0,,,0.93,us,usp000b1za,2014-11-07T01:15:22.900Z,"9 km NW of Cepitá, Colombia",earthquake,,26.6,,8.0,reviewed,us,us
2002-04-01T06:20:51.360Z,6.78,-72.987,158.4,3.9,mb,31.0,,,0.81,us,usp000b1gu,2014-11-07T01:15:18.983Z,"3 km NNW of Cepitá, Colombia",earthquake,,13.8,,12.0,reviewed,us,us
2002-03-30T19:26:03.250Z,10.126,-60.567,33.0,4.4,mb,17.0,,,0.95,us,usp000b1cn,2014-11-07T01:15:16.251Z,"69 km ESE of Rio Claro, Trinidad and Tobago",earthquake,,,,7.0,reviewed,us,us
2002-03-30T13:15:54.030Z,8.694,-70.696,33.0,4.3,mb,44.0,,,1.07,us,usp000b1c7,2014-11-07T01:15:16.150Z,"32 km WSW of Barinitas, Venezuela",earthquake,,,,15.0,reviewed,us,us
2002-03-29T20:22:37.770Z,10.353,-62.394,33.0,4.4,mb,43.0,,,1.02,us,usp000b1at,2014-11-07T01:15:15.848Z,"26 km SSW of Güiria, Venezuela",earthquake,,,,19.0,reviewed,us,us
2002-03-24T00:28:43.990Z,6.772,-72.988,137.0,4.5,mb,74.0,,,0.74,us,usp000b0xf,2014-11-07T01:15:13.554Z,"2 km NW of Cepitá, Colombia",earthquake,,10.4,,24.0,reviewed,us,us
2002-03-20T00:15:23.800Z,6.782,-72.03,33.0,4.0,mb,25.0,,,1.15,us,usp000b0ny,2014-11-07T01:15:12.312Z,"26 km SSE of Cubará, Colombia",earthquake,,,,5.0,reviewed,us,us
2002-03-15T07:04:49.420Z,7.126,-72.271,33.0,4.1,mb,16.0,,,1.17,us,usp000b0bg,2014-11-07T01:15:09.095Z,"22 km NW of Cubará, Colombia",earthquake,,,,4.0,reviewed,us,us
2002-03-10T00:28:33.210Z,6.744,-73.032,169.1,4.1,mb,40.0,,,0.87,us,usp000b00u,2014-11-07T01:15:07.116Z,"5 km NNW of Aratoca, Colombia",earthquake,,,,10.0,reviewed,us,us
2002-02-24T21:17:24.720Z,6.759,-73.002,166.1,4.3,mb,21.0,,,1.2,us,usp000az45,2014-11-07T01:14:57.809Z,"3 km W of Cepitá, Colombia",earthquake,,,,3.0,reviewed,us,us
2002-02-18T22:11:41.460Z,7.221,-72.651,33.0,4.5,mb,34.0,,,0.9,us,usp000ayqu,2014-11-07T01:14:56.208Z,"5 km S of Cácota, Colombia",earthquake,,,,11.0,reviewed,us,us
2002-02-16T20:58:34.900Z,6.698,-72.963,166.8,4.2,mb,30.0,,,0.72,us,usp000ayku,2014-11-07T01:14:55.490Z,"6 km E of Aratoca, Colombia",earthquake,,,,11.0,reviewed,us,us
2002-02-16T18:31:43.320Z,6.632,-73.167,33.0,4.2,mb,19.0,,,1.38,us,usp000aykk,2014-11-07T01:14:55.473Z,"4 km S of Villanueva, Colombia",earthquake,,,,5.0,reviewed,us,us
2002-02-09T06:11:41.340Z,7.266,-73.295,161.4,,,10.0,,,1.23,us,usp000ay2c,2014-11-07T01:14:53.566Z,"18 km NNW of Lebrija, Colombia",earthquake,,28.1,,,reviewed,us,us
2002-02-03T21:23:27.350Z,6.57,-71.811,33.0,4.3,mb,26.0,,,1.01,us,usp000axr2,2014-11-07T01:14:51.893Z,"14 km NW of Tame, Colombia",earthquake,,,,6.0,reviewed,us,us
2002-01-30T11:24:50.510Z,6.749,-73.247,200.0,3.6,mb,9.0,,,1.1,us,usp000axez,2014-11-07T01:14:46.763Z,"7 km SSE of Zapatoca, Colombia",earthquake,,,,1.0,reviewed,us,us
2002-01-29T11:24:43.410Z,6.779,-72.981,157.4,4.0,mb,37.0,,,0.79,us,usp000axd8,2014-11-07T01:14:46.343Z,"2 km NNW of Cepitá, Colombia",earthquake,,,,17.0,reviewed,us,us
2002-01-27T21:22:07.010Z,6.672,-73.098,166.1,4.1,mb,48.0,,,0.98,us,usp000axa2,2014-11-07T01:14:45.710Z,"6 km S of Jordán, Colombia",earthquake,,,,15.0,reviewed,us,us
2002-01-26T15:43:19.380Z,7.094,-72.393,94.8,,,8.0,,,0.76,us,usp000ax74,2014-11-07T01:14:45.411Z,"25 km SSE of Toledo, Colombia",earthquake,,51.6,,,reviewed,us,us
2002-01-13T15:46:04.230Z,10.659,-63.425,33.0,,,9.0,,,1.51,us,usp000awd9,2014-11-07T01:14:41.530Z,"18 km W of Carúpano, Venezuela",earthquake,,,,,reviewed,us,us
2002-01-07T03:30:57.290Z,7.353,-72.568,33.0,,,10.0,,,0.74,us,usp000avze,2014-11-07T01:14:39.347Z,"9 km ESE of Pamplona, Colombia",earthquake,,,,,reviewed,us,us
2001-12-28T07:39:12.160Z,10.9,-64.558,33.0,4.8,mb,12.0,,,0.88,us,usp000avdu,2014-11-07T01:14:32.758Z,"64 km NW of Cumaná, Venezuela",earthquake,,,,5.0,reviewed,us,us
2001-12-28T02:55:00.330Z,7.277,-72.825,33.0,4.1,mb,14.0,,,1.12,us,usp000avdd,2014-11-07T01:14:32.701Z,"6 km SE of Vetas, Colombia",earthquake,,,,3.0,reviewed,us,us
2001-12-27T09:02:50.850Z,10.044,-69.878,33.0,3.9,mb,10.0,,,1.23,us,usp000avbt,2014-11-07T01:14:32.372Z,"26 km ESE of Carora, Venezuela",earthquake,,,,1.0,reviewed,us,us
2001-12-25T09:01:24.710Z,6.634,-73.122,204.4,4.4,mb,43.0,,,1.04,us,usp000av8h,2014-11-07T01:14:31.641Z,"6 km WNW of Curití, Colombia",earthquake,,12.1,,10.0,reviewed,us,us
2001-12-21T20:51:52.470Z,8.17,-70.961,33.0,5.6,mwc,475.0,,,0.68,us,usp000av16,2022-04-29T19:45:03.885Z,"33 km SE of Mucumpiz, Venezuela",earthquake,,,,,reviewed,us,hrv
2001-12-21T20:05:32.340Z,6.02,-72.223,33.0,3.9,mb,12.0,,,1.35,us,usp000av11,2014-11-07T01:14:30.661Z,"9 km SSE of Sácama, Colombia",earthquake,,,,1.0,reviewed,us,us
2001-12-16T09:06:12.170Z,6.745,-72.982,167.8,4.5,mb,56.0,,,0.83,us,usp000auq2,2014-11-07T01:14:29.238Z,"1 km SW of Cepitá, Colombia",earthquake,,,,25.0,reviewed,us,us
2001-12-05T08:57:38.840Z,6.829,-73.075,176.1,,,10.0,,,0.67,us,usp000au1q,2014-11-07T01:14:26.198Z,"10 km NNE of Jordán, Colombia",earthquake,,45.5,,,reviewed,us,us
2001-12-04T04:59:54.120Z,6.809,-72.99,150.0,3.8,mb,10.0,,,0.47,us,usp000atz0,2014-11-07T01:14:25.650Z,"6 km NNW of Cepitá, Colombia",earthquake,,,,1.0,reviewed,us,us
2001-11-29T19:56:11.480Z,6.806,-73.229,200.0,,,6.0,,,0.61,us,usp000atqd,2014-11-07T01:14:19.964Z,"4 km ESE of Zapatoca, Colombia",earthquake,,,,,reviewed,us,us
2001-11-20T11:41:49.070Z,10.605,-62.702,100.0,,,10.0,,,0.97,us,usp000at6n,2014-11-07T01:14:16.880Z,"44 km W of Güiria, Venezuela",earthquake,,,,,reviewed,us,us
2001-11-19T21:01:23.100Z,6.743,-72.899,165.3,5.3,mwc,156.0,,,1.03,us,usp000at5g,2025-12-19T22:54:07.624Z,"8 km E of Cepitá, Colombia",earthquake,,,,,reviewed,us,hrv
2001-11-17T01:45:05.430Z,10.661,-61.43,33.0,4.3,mb,41.0,,,1.03,us,usp000at06,2014-11-07T01:14:15.950Z,"4 km WNW of Tunapuna, Trinidad and Tobago",earthquake,,,,12.0,reviewed,us,us
2001-11-08T15:46:14.870Z,6.402,-73.097,150.0,4.5,mb,10.0,,,0.8,us,usp000asg7,2014-11-07T01:14:13.109Z,"7 km SE of Valle de San José, Colombia",earthquake,,,,2.0,reviewed,us,us
2001-11-05T09:40:15.160Z,6.824,-72.892,163.5,3.6,mb,9.0,,,0.67,us,usp000as96,2014-11-07T01:14:12.157Z,"4 km WNW of San Andrés, Colombia",earthquake,,34.0,,1.0,reviewed,us,us
2001-10-30T04:23:06.420Z,11.87,-61.317,33.0,,,9.0,,,0.73,us,usp000arwr,2014-11-07T01:14:05.099Z,"43 km ESE of Saint David’s, Grenada",earthquake,,,,,reviewed,us,us
2001-10-24T12:29:58.150Z,10.704,-62.638,33.0,4.1,mb,21.0,,,1.08,us,usp000arjm,2014-11-07T01:14:02.781Z,"39 km WNW of Güiria, Venezuela",earthquake,,,,6.0,reviewed,us,us
2001-10-17T04:49:54.900Z,7.217,-72.643,33.0,4.3,mb,24.0,,,0.66,us,usp000ar2z,2014-11-07T01:14:00.346Z,"5 km S of Cácota, Colombia",earthquake,,,,9.0,reviewed,us,us
2001-10-07T11:54:15.170Z,11.182,-62.502,100.0,3.9,mb,9.0,,,0.99,us,usp000aqcm,2014-11-07T01:13:57.159Z,"70 km NNW of Güiria, Venezuela",earthquake,,,,1.0,reviewed,us,us
2001-10-02T21:58:49.800Z,6.726,-72.988,155.2,4.1,mb,33.0,,,0.8,us,usp000aq54,2014-11-07T01:13:55.500Z,"3 km SSW of Cepitá, Colombia",earthquake,,13.6,,15.0,reviewed,us,us
2001-09-21T16:56:16.860Z,6.693,-73.144,182.4,4.3,mb,48.0,,,0.98,us,usp000apjf,2014-11-07T01:13:49.604Z,"4 km NE of Villanueva, Colombia",earthquake,,17.0,,22.0,reviewed,us,us
2001-09-12T23:50:31.930Z,7.02,-72.971,33.0,4.1,mb,11.0,,,0.79,us,usp000ap2s,2014-11-07T01:13:47.551Z,"7 km WNW of Santa Bárbara, Colombia",earthquake,,,,2.0,reviewed,us,us
2001-09-09T13:49:52.860Z,6.873,-72.936,100.0,3.6,mb,21.0,,,1.11,us,usp000anwn,2014-11-07T01:13:45.810Z,"8 km W of Guaca, Colombia",earthquake,,,,2.0,reviewed,us,us
2001-09-08T21:26:46.230Z,6.394,-73.251,150.0,4.1,mb,9.0,,,1.34,us,usp000anve,2014-11-07T01:13:45.664Z,"4 km NNW of Confines, Colombia",earthquake,,,,1.0,reviewed,us,us
2001-09-02T18:50:43.240Z,6.702,-73.043,178.4,3.9,mb,18.0,,,0.66,us,usp000angu,2014-11-07T01:13:43.729Z,"2 km WNW of Aratoca, Colombia",earthquake,,,,3.0,reviewed,us,us
2001-08-29T16:42:40.400Z,11.269,-62.47,33.0,,,10.0,,,0.7,us,usp000an8v,2014-11-07T01:13:39.140Z,"78 km NNW of Güiria, Venezuela",earthquake,,,,,reviewed,us,us
2001-08-28T00:59:36.240Z,6.81,-73.027,171.2,4.2,mb,24.0,,,0.79,us,usp000an62,2014-11-07T01:13:37.526Z,"8 km NW of Cepitá, Colombia",earthquake,,,,7.0,reviewed,us,us
2001-08-26T03:07:44.910Z,6.915,-72.885,160.6,3.7,mb,7.0,,,0.89,us,usp000an1r,2014-11-07T01:13:36.779Z,"5 km NW of Guaca, Colombia",earthquake,,25.6,,2.0,reviewed,us,us
2001-08-15T03:18:03.280Z,11.437,-62.205,33.0,,,8.0,,,0.82,us,usp000amg9,2014-11-07T01:13:33.758Z,"84 km SW of Saint George's, Grenada",earthquake,,,,,reviewed,us,us
2001-08-11T15:23:07.330Z,12.176,-60.058,51.8,4.8,mb,101.0,,,0.85,us,usp000am8q,2014-11-07T01:13:31.734Z,"113 km SSW of Bridgetown, Barbados",earthquake,,,,42.0,reviewed,us,us
2001-08-09T18:13:08.160Z,7.801,-72.778,200.0,3.9,mb,11.0,,,0.85,us,usp000am47,2014-11-07T01:13:31.064Z,"9 km SW of Santiago, Colombia",earthquake,,,,1.0,reviewed,us,us
2001-08-08T03:19:19.960Z,6.885,-72.897,167.5,3.5,mb,15.0,,,0.59,us,usp000am0t,2014-11-07T01:13:30.617Z,"4 km WNW of Guaca, Colombia",earthquake,,14.9,,1.0,reviewed,us,us
2001-08-02T04:02:53.620Z,5.91,-73.824,152.8,3.9,mb,12.0,,,1.16,us,usp000akqa,2014-11-07T01:13:27.607Z,"3 km WSW of Sucre, Colombia",earthquake,,12.7,,1.0,reviewed,us,us
2001-07-30T21:00:44.440Z,7.387,-73.164,100.0,,,7.0,,,0.84,us,usp000akj5,2014-11-07T01:13:23.472Z,"10 km SSE of El Playón, Colombia",earthquake,,,,,reviewed,us,us
2001-07-29T16:25:46.920Z,11.054,-61.857,33.0,3.8,mb,9.0,,,0.7,us,usp000akf0,2014-11-07T01:13:22.935Z,"51 km NW of Petit Valley, Trinidad and Tobago",earthquake,,,,3.0,reviewed,us,us
2001-07-01T19:48:03.640Z,6.896,-72.682,140.2,4.1,mb,31.0,,,1.39,us,usp000ahu4,2014-11-07T01:13:12.430Z,"5 km NNE of Cerrito, Colombia",earthquake,,14.7,,13.0,reviewed,us,us
2001-06-28T15:48:34.080Z,11.431,-70.324,33.0,5.3,mwc,202.0,,,0.9,us,usp000ahn2,2022-04-29T19:24:39.853Z,"27 km SSW of Punta Cardón, Venezuela",earthquake,,,,,reviewed,us,hrv
2001-06-27T16:56:02.930Z,6.782,-73.089,169.0,4.6,mb,50.0,,,0.74,us,usp000ahka,2014-11-07T01:13:08.543Z,"5 km N of Jordán, Colombia",earthquake,,10.2,,16.0,reviewed,us,us
2001-06-26T12:37:51.620Z,6.498,-72.964,200.0,4.1,mb,20.0,,,0.91,us,usp000ahgr,2014-11-07T01:13:08.244Z,"2 km NNE of Mogotes, Colombia",earthquake,,,,3.0,reviewed,us,us
2001-06-24T15:44:57.000Z,6.77,-72.96,160.2,,,16.0,,,,us,usp000ahb4,2014-11-07T01:13:07.583Z,"2 km NE of Cepitá, Colombia",earthquake,,,,,reviewed,rsnc,us
2001-06-23T05:34:26.650Z,6.828,-73.004,164.2,4.6,mb,94.0,,,0.9,us,usp000ah3n,2014-11-07T01:13:06.563Z,"8 km NNW of Cepitá, Colombia",earthquake,,,,32.0,reviewed,us,us
2001-06-16T15:08:34.840Z,12.05,-61.848,147.7,4.3,mb,14.0,,,1.34,us,usp000agss,2014-11-07T01:13:04.553Z,"10 km W of Saint George's, Grenada",earthquake,,35.8,,6.0,reviewed,us,us
2001-06-10T08:45:01.490Z,9.861,-69.633,33.0,4.3,mb,20.0,,,1.2,us,usp000agbk,2014-11-07T01:13:01.539Z,"7 km S of Quíbor, Venezuela",earthquake,,,,9.0,reviewed,us,us
2001-06-05T16:42:39.340Z,6.795,-73.008,161.2,4.4,mb,54.0,,,0.85,us,usp000ag45,2014-11-07T01:12:59.291Z,"5 km NW of Cepitá, Colombia",earthquake,,9.0,,28.0,reviewed,us,us
2001-06-05T14:38:59.470Z,9.592,-69.337,19.2,4.8,mb,103.0,,,0.9,us,usp000ag3t,2014-11-07T01:12:58.958Z,"10 km W of Araure, Venezuela",earthquake,,,,55.0,reviewed,us,us
2001-05-28T23:32:11.180Z,8.857,-73.986,69.7,4.5,mb,56.0,,,0.8,us,usp000afq0,2014-11-07T01:12:51.738Z,"14 km SE of Hatillo de Loba, Colombia",earthquake,,,,26.0,reviewed,us,us
2001-05-27T11:31:31.050Z,7.026,-72.702,150.0,4.0,mb,6.0,,,0.76,us,usp000afn3,2014-11-07T01:12:51.508Z,"13 km SSW of Chitagá, Colombia",earthquake,,,,3.0,reviewed,us,us
2001-05-21T18:54:21.940Z,10.214,-60.347,73.0,3.0,md,5.0,,,,us,usp000afaf,2014-11-07T01:12:49.533Z,"91 km E of Rio Claro, Trinidad and Tobago",earthquake,,,,,reviewed,trn,trn
2001-05-18T15:04:15.100Z,6.782,-73.004,157.6,4.9,mb,125.0,,,0.79,us,usp000af4q,2014-11-07T01:12:48.521Z,"4 km NW of Cepitá, Colombia",earthquake,,,,45.0,reviewed,us,us
2001-05-17T22:21:11.990Z,11.609,-59.864,3.0,3.9,md,17.0,,,,us,usp000af3a,2014-11-07T01:12:48.322Z,"106 km ENE of Scarborough, Trinidad and Tobago",earthquake,,,,,reviewed,trn,trn
2001-05-17T15:02:21.060Z,11.249,-61.721,22.0,3.5,md,6.0,,,,us,usp000af2g,2014-11-07T01:12:48.263Z,"63 km NNW of Petit Valley, Trinidad and Tobago",earthquake,,,,,reviewed,trn,trn
2001-05-16T18:29:14.580Z,6.656,-72.006,10.0,3.4,ml,6.0,,,0.43,us,usp000af1b,2014-11-07T01:12:48.140Z,"29 km WSW of Fortul, Colombia",earthquake,,,,,reviewed,us,rsnc
2001-05-15T01:35:20.450Z,7.168,-73.16,134.3,,,10.0,,,1.18,us,usp000aeyt,2014-11-07T01:12:47.838Z,"6 km NW of Bucaramanga, Colombia",earthquake,,21.5,,,reviewed,us,us
2001-05-14T01:35:21.000Z,6.76,-72.94,161.8,,,6.0,,,,us,usp000aex3,2014-11-07T01:12:47.652Z,"3 km E of Cepitá, Colombia",earthquake,,,,,reviewed,rsnc,us
2001-05-12T15:47:04.260Z,10.626,-62.753,34.0,2.8,md,5.0,,,,us,usp000aeuj,2014-11-07T01:12:47.412Z,"50 km W of Güiria, Venezuela",earthquake,,,,,reviewed,trn,trn
2001-05-12T12:08:16.710Z,10.951,-62.159,84.0,2.8,md,5.0,,,,us,usp000aeu4,2014-11-07T01:12:47.367Z,"44 km NNE of Güiria, Venezuela",earthquake,,,,,reviewed,trn,trn
2001-05-12T00:49:25.700Z,10.863,-62.365,65.0,3.0,md,5.0,,,,us,usp000aetc,2014-11-07T01:12:47.302Z,"32 km NNW of Güiria, Venezuela",earthquake,,,,,reviewed,trn,trn
2001-05-11T18:11:09.290Z,6.761,-73.015,171.0,3.8,mb,10.0,,,0.94,us,usp000aesx,2014-11-07T01:12:47.232Z,"4 km W of Cepitá, Colombia",earthquake,,17.6,,3.0,reviewed,us,us
2001-05-09T15:50:50.600Z,10.168,-61.918,33.0,3.4,md,6.0,,,,us,usp000aepf,2014-11-07T01:12:46.792Z,"25 km W of Point Fortin, Trinidad and Tobago",earthquake,,,,,reviewed,trn,trn
2001-05-09T04:15:36.030Z,10.804,-62.383,74.0,2.8,md,4.0,,,,us,usp000aens,2014-11-07T01:12:46.677Z,"26 km NNW of Güiria, Venezuela",earthquake,,,,,reviewed,trn,trn
2001-05-03T16:13:51.130Z,6.759,-73.012,163.1,4.8,mb,121.0,,,0.79,us,usp000aecr,2014-11-07T01:12:43.954Z,"4 km W of Cepitá, Colombia",earthquake,,3.5,,44.0,reviewed,us,us
2001-05-03T09:46:35.810Z,10.946,-62.298,45.0,3.2,md,4.0,,,,us,usp000aec4,2014-11-07T01:12:43.835Z,"40 km N of Güiria, Venezuela",earthquake,,,,,reviewed,trn,trn
2001-05-01T02:48:03.240Z,10.845,-62.326,69.0,3.5,md,6.0,,,,us,usp000ae8q,2014-11-07T01:12:41.409Z,"29 km N of Güiria, Venezuela",earthquake,,,,,reviewed,trn,trn
2001-04-30T18:05:58.470Z,10.845,-62.138,53.0,3.5,md,15.0,,,,us,usp000ae83,2014-11-07T01:12:39.834Z,"34 km NNE of Güiria, Venezuela",earthquake,,,,,reviewed,trn,trn
2001-04-29T08:16:08.050Z,6.808,-73.027,174.0,3.6,mb,10.0,,,0.7,us,usp000ae5f,2014-11-07T01:12:39.271Z,"8 km NW of Cepitá, Colombia",earthquake,,22.1,,2.0,reviewed,us,us
2001-04-25T04:10:27.330Z,11.289,-62.053,31.0,3.0,md,4.0,,,,us,usp000adxr,2014-11-07T01:12:37.997Z,"83 km NNE of Güiria, Venezuela",earthquake,,,,,reviewed,trn,trn
2001-04-24T23:37:55.360Z,10.919,-62.308,47.0,3.3,md,6.0,,,,us,usp000adxc,2014-11-07T01:12:37.957Z,"37 km N of Güiria, Venezuela",earthquake,,,,,reviewed,trn,trn
2001-04-24T17:03:31.590Z,10.848,-62.479,94.3,4.6,mb,102.0,,,0.97,us,usp000adws,2014-11-07T01:12:37.907Z,"35 km NNW of Güiria, Venezuela",earthquake,,,,52.0,reviewed,us,us
2001-04-20T10:54:39.210Z,11.265,-61.827,99.0,3.4,md,8.0,,,,us,usp000adnw,2014-11-07T01:12:36.988Z,"69 km NNW of Petit Valley, Trinidad and Tobago",earthquake,,,,,reviewed,trn,trn
2001-04-19T06:35:42.140Z,11.701,-61.748,109.0,2.8,md,4.0,,,,us,usp000adj2,2014-11-07T01:12:36.061Z,"38 km S of Saint George's, Grenada",earthquake,,,,,reviewed,trn,trn
2001-04-15T02:13:23.130Z,6.802,-73.024,162.1,4.4,mb,46.0,,,0.86,us,usp000ad96,2014-11-07T01:12:34.965Z,"7 km NW of Cepitá, Colombia",earthquake,,4.7,,22.0,reviewed,us,us
2001-04-14T17:32:58.360Z,10.897,-62.277,96.0,3.2,md,5.0,,,,us,usp000ad8h,2014-11-07T01:12:34.847Z,near the coast of Venezuela,earthquake,,,,,reviewed,trn,trn
2001-04-14T00:48:17.260Z,10.898,-61.001,28.0,2.5,md,4.0,,,,us,usp000ad6r,2014-11-07T01:12:34.626Z,"37 km NNE of Sangre Grande, Trinidad and Tobago",earthquake,,,,,reviewed,trn,trn
2001-04-08T02:13:39.390Z,7.014,-73.035,150.0,3.7,mb,9.0,,,0.7,us,usp000acs7,2014-11-07T01:12:32.721Z,"3 km NNE of Piedecuesta, Colombia",earthquake,,,,1.0,reviewed,us,us
2001-04-07T14:14:31.220Z,11.535,-61.342,3.0,3.1,md,6.0,,,,us,usp000acrg,2014-11-07T01:12:32.629Z,"67 km SSE of Saint David’s, Grenada",earthquake,,,,,reviewed,trn,trn
2001-04-07T08:50:24.210Z,8.986,-61.087,66.0,3.9,mb,25.0,,,0.96,us,usp000acr3,2014-11-07T01:12:32.573Z,"106 km E of Tucupita, Venezuela",earthquake,,9.0,,6.0,reviewed,us,us
2001-04-05T09:37:21.830Z,10.029,-72.822,33.0,4.2,mb,21.0,,,0.8,us,usp000acms,2014-11-07T01:12:32.000Z,"29 km W of Machiques, Venezuela",earthquake,,,,7.0,reviewed,us,us
2001-04-04T13:23:45.490Z,11.285,-61.74,10.0,2.6,md,4.0,,,,us,usp000ack0,2014-11-07T01:12:31.775Z,"68 km NNW of Petit Valley, Trinidad and Tobago",earthquake,,,,,reviewed,trn,trn
2001-04-03T19:42:54.380Z,6.906,-73.033,157.7,4.2,mb,45.0,,,0.94,us,usp000acgx,2014-11-07T01:12:31.321Z,"9 km SSE of Piedecuesta, Colombia",earthquake,,4.9,,16.0,reviewed,us,us
2001-04-02T21:42:22.150Z,11.072,-61.359,32.0,2.4,md,5.0,,,,us,usp000acf3,2014-11-07T01:12:30.894Z,"46 km NNE of Petit Valley, Trinidad and Tobago",earthquake,,,,,reviewed,trn,trn
2001-04-01T11:56:59.300Z,10.946,-61.414,30.0,2.7,md,5.0,,,,us,usp000accm,2014-11-07T01:12:29.909Z,"30 km NNE of Petit Valley, Trinidad and Tobago",earthquake,,,,,reviewed,trn,trn
2001-04-01T10:26:57.210Z,10.584,-63.009,5.0,4.0,mb,13.0,,,1.44,us,usp000acce,2014-11-07T01:12:29.823Z,"28 km ESE of Carúpano, Venezuela",earthquake,,,,3.0,reviewed,us,us
2001-03-29T18:57:35.860Z,10.552,-61.403,35.0,2.4,md,4.0,,,,us,usp000ac6u,2014-11-07T01:12:26.506Z,"4 km NNE of Chaguanas, Trinidad and Tobago",earthquake,,,,,reviewed,trn,trn
2001-03-26T19:48:21.100Z,12.344,-61.643,150.0,3.6,mb,9.0,,,,us,usp000ac2n,2014-11-07T01:12:26.003Z,"13 km N of Sauteurs, Grenada",earthquake,,,,1.0,reviewed,trn,us
2001-03-26T08:32:50.740Z,10.705,-62.557,101.1,4.4,mb,37.0,,,1.16,us,usp000ac22,2014-11-07T01:12:25.763Z,"31 km WNW of Güiria, Venezuela",earthquake,,8.2,,13.0,reviewed,us,us
2001-03-24T06:04:40.880Z,10.624,-62.455,31.0,3.1,md,9.0,,,,us,usp000abye,2014-11-07T01:12:24.795Z,"17 km WNW of Güiria, Venezuela",earthquake,,,,,reviewed,trn,trn
2001-03-21T06:12:50.960Z,6.769,-72.922,163.8,4.2,mb,47.0,,,0.9,us,usp000abt6,2014-11-07T01:12:23.261Z,"6 km ENE of Cepitá, Colombia",earthquake,,4.9,,18.0,reviewed,us,us
2001-03-20T04:54:11.000Z,10.961,-60.917,113.0,3.0,md,5.0,,,,us,usp000abrv,2014-11-07T01:12:23.139Z,"31 km SW of Scarborough, Trinidad and Tobago",earthquake,,,,,reviewed,trn,trn
2001-03-18T09:28:07.000Z,6.78,-73.08,161.6,,,7.0,,,,us,usp000abnv,2014-11-07T01:12:22.131Z,"5 km NNE of Jordán, Colombia",earthquake,,,,,reviewed,rsnc,us
2001-03-16T18:17:48.710Z,10.932,-61.299,27.0,2.7,md,5.0,,,,us,usp000abhu,2014-11-07T01:12:21.660Z,"31 km NNE of Paradise, Trinidad and Tobago",earthquake,,,,,reviewed,trn,trn
2001-03-16T03:46:50.000Z,6.83,-72.99,157.7,3.4,mb,14.0,,,,us,usp000abgf,2014-11-07T01:12:21.499Z,"8 km NNW of Cepitá, Colombia",earthquake,,,,1.0,reviewed,rsnc,us
2001-03-15T03:46:50.000Z,6.83,-72.99,157.7,,,6.0,,,,us,usp000abe7,2014-11-07T01:12:21.231Z,"8 km NNW of Cepitá, Colombia",earthquake,,,,,reviewed,rsnc,us
2001-03-14T18:17:24.740Z,6.823,-73.023,157.3,,,31.0,,,0.88,us,usp000abda,2014-11-07T01:12:21.075Z,"9 km NW of Cepitá, Colombia",earthquake,,4.9,,,reviewed,us,us
2001-03-11T22:53:32.080Z,6.59,-72.84,202.6,4.3,mb,22.0,,,0.84,us,usp000ab8s,2014-11-07T01:12:20.130Z,"9 km SSW of Molagavita, Colombia",earthquake,,,,5.0,reviewed,us,us
2001-03-11T20:12:36.390Z,11.04,-62.018,54.0,3.1,md,6.0,,,,us,usp000ab8e,2014-11-07T01:12:20.082Z,"59 km NNE of Güiria, Venezuela",earthquake,,,,,reviewed,trn,trn
2001-03-09T22:06:27.170Z,10.389,-62.247,38.0,3.1,md,7.0,,,,us,usp000ab5v,2014-11-07T01:12:19.775Z,"21 km SSE of Güiria, Venezuela",earthquake,,,,,reviewed,trn,trn
2001-03-03T10:42:51.250Z,11.555,-61.338,7.0,3.4,md,8.0,,,,us,usp000aau7,2014-11-07T01:12:17.672Z,"65 km SSE of Saint David’s, Grenada",earthquake,,,,,reviewed,trn,trn
2001-03-02T20:48:41.160Z,10.994,-63.125,33.0,3.4,mb,10.0,,,1.23,us,usp000aasm,2014-11-07T01:12:17.309Z,"39 km NNE of Carúpano, Venezuela",earthquake,,,,1.0,reviewed,us,us
2001-03-01T09:08:17.990Z,10.604,-61.455,25.0,3.1,md,5.0,,,,us,usp000aap6,2014-11-07T01:12:16.008Z,Trinidad,earthquake,,,,,reviewed,trn,trn
2001-03-01T07:42:13.950Z,10.517,-61.749,13.0,3.2,md,5.0,,,,us,usp000aap3,2014-11-07T01:12:15.975Z,"28 km SW of Mucurapo, Trinidad and Tobago",earthquake,,,,,reviewed,trn,trn
2001-02-27T16:33:49.510Z,10.796,-61.113,21.0,3.3,md,6.0,,,,us,usp000aah1,2014-11-07T01:12:12.569Z,"23 km N of Sangre Grande, Trinidad and Tobago",earthquake,,,,,reviewed,trn,trn
2001-02-26T08:42:15.150Z,10.838,-61.443,36.0,3.1,md,7.0,,,,us,usp000aady,2014-11-07T01:12:12.216Z,"19 km NE of Petit Valley, Trinidad and Tobago",earthquake,,,,,reviewed,trn,trn
2001-02-25T16:54:58.950Z,11.185,-62.041,90.0,3.3,md,4.0,,,,us,usp000aabx,2014-11-07T01:12:11.901Z,"72 km NNE of Güiria, Venezuela",earthquake,,,,,reviewed,trn,trn
2001-02-24T10:26:55.490Z,10.748,-61.138,52.0,,,4.0,,,,us,usp000aa8j,2014-11-07T01:12:11.477Z,"17 km N of Sangre Grande, Trinidad and Tobago",earthquake,,,,,reviewed,trn,us
2001-02-22T15:00:14.690Z,6.83,-73.11,166.5,4.3,mb,34.0,,,0.71,us,usp000aa4x,2014-11-07T01:12:11.008Z,"10 km N of Jordán, Colombia",earthquake,,5.5,,12.0,reviewed,us,us
2001-02-22T04:49:55.000Z,7.99,-73.29,126.5,,,5.0,,,,us,usp000aa3g,2014-11-07T01:12:10.873Z,"12 km SW of Ábrego, Colombia",earthquake,,,,,reviewed,rsnc,us
2001-02-21T19:15:30.000Z,4.29,-73.8,47.0,,,4.0,,,,us,usp000aa2r,2014-11-07T01:12:10.795Z,Colombia,earthquake,,,,,reviewed,rsnc,us
2001-02-21T00:28:28.680Z,7.187,-73.132,126.2,3.8,mb,17.0,,,0.91,us,usp000aa0h,2014-11-07T01:12:10.551Z,"4 km WNW of Los Santos, Colombia",earthquake,,13.7,,5.0,reviewed,us,us
2001-02-20T20:38:12.200Z,10.778,-62.273,45.0,2.8,md,5.0,,,,us,usp000aa06,2014-11-07T01:12:10.517Z,"22 km N of Güiria, Venezuela",earthquake,,,,,reviewed,trn,trn
2001-02-19T12:56:01.190Z,10.81,-61.11,18.0,2.7,md,6.0,,,,us,usp000a9xr,2014-11-07T01:12:10.293Z,"24 km N of Sangre Grande, Trinidad and Tobago",earthquake,,,,,reviewed,trn,trn
2001-02-18T05:42:07.980Z,13.128,-60.567,35.0,4.6,mb,32.0,,,,us,usp000a9v5,2014-11-07T01:12:10.009Z,"61 km ESE of Byera Village, Saint Vincent and the Grenadines",earthquake,,,,3.0,reviewed,trn,us
2001-02-18T05:00:05.430Z,10.793,-61.091,27.0,2.1,md,5.0,,,,us,usp000a9uz,2014-11-07T01:12:09.990Z,"23 km N of Sangre Grande, Trinidad and Tobago",earthquake,,,,,reviewed,trn,trn
2001-02-18T04:18:38.570Z,10.793,-61.089,27.0,2.4,md,5.0,,,,us,usp000a9uw,2014-11-07T01:12:09.984Z,"23 km N of Sangre Grande, Trinidad and Tobago",earthquake,,,,,reviewed,trn,trn
2001-02-18T03:52:14.120Z,10.356,-61.183,45.0,2.5,md,4.0,,,,us,usp000a9ut,2014-11-07T01:12:09.977Z,"5 km N of Rio Claro, Trinidad and Tobago",earthquake,,,,,reviewed,trn,trn
2001-02-18T02:47:19.230Z,10.766,-61.109,27.0,2.8,md,6.0,,,,us,usp000a9uj,2014-11-07T01:12:09.961Z,"19 km N of Sangre Grande, Trinidad and Tobago",earthquake,,,,,reviewed,trn,trn
2001-02-18T00:55:11.580Z,10.837,-61.094,18.0,2.2,md,5.0,,,,us,usp000a9uc,2014-11-07T01:12:09.947Z,"27 km N of Sangre Grande, Trinidad and Tobago",earthquake,,,,,reviewed,trn,trn
2001-02-18T00:49:04.870Z,10.785,-61.092,31.0,2.3,md,4.0,,,,us,usp000a9ua,2014-11-07T01:12:09.943Z,"22 km N of Sangre Grande, Trinidad and Tobago",earthquake,,,,,reviewed,trn,trn
2001-02-18T00:40:49.980Z,10.778,-61.08,25.0,4.5,mb,55.0,,,,us,usp000a9u9,2014-11-07T01:12:09.936Z,"21 km NNE of Sangre Grande, Trinidad and Tobago",earthquake,,,,16.0,reviewed,trn,us
2001-02-18T00:00:03.210Z,10.811,-61.111,27.0,2.2,md,5.0,,,,us,usp000a9u3,2014-11-07T01:12:09.912Z,"24 km N of Sangre Grande, Trinidad and Tobago",earthquake,,,,,reviewed,trn,trn
2001-02-17T21:06:35.600Z,10.751,-61.097,26.0,1.9,md,4.0,,,,us,usp000a9tx,2014-11-07T01:12:09.888Z,"18 km NNE of Sangre Grande, Trinidad and Tobago",earthquake,,,,,reviewed,trn,trn
2001-02-17T20:55:32.960Z,10.724,-61.049,27.0,5.0,mb,121.0,,,,us,usp000a9tw,2014-11-07T01:12:09.863Z,"17 km NNE of Sangre Grande, Trinidad and Tobago",earthquake,,,,47.0,reviewed,trn,us
2001-02-16T18:54:27.560Z,10.954,-62.084,57.0,2.7,md,4.0,,,,us,usp000a9rj,2014-11-07T01:12:09.450Z,"47 km NNE of Güiria, Venezuela",earthquake,,,,,reviewed,trn,trn
2001-02-16T12:12:03.470Z,10.365,-61.221,35.0,3.6,md,6.0,,,,us,usp000a9qy,2014-11-07T01:12:09.349Z,"8 km NW of Rio Claro, Trinidad and Tobago",earthquake,,,,,reviewed,trn,trn
2001-02-16T10:31:20.290Z,6.917,-73.17,166.4,,,13.0,,,1.09,us,usp000a9qu,2014-11-07T01:12:09.340Z,"12 km E of Betulia, Colombia",earthquake,,8.8,,,reviewed,us,us
2001-02-15T17:35:36.480Z,10.871,-62.21,3.0,3.0,md,5.0,,,,us,usp000a9pv,2014-11-07T01:12:09.202Z,"33 km NNE of Güiria, Venezuela",earthquake,,,,,reviewed,trn,trn
2001-02-15T16:57:54.820Z,11.938,-61.909,105.0,3.0,md,4.0,,,,us,usp000a9pt,2014-11-07T01:12:09.199Z,"21 km SW of Saint George's, Grenada",earthquake,,,,,reviewed,trn,trn
2001-02-08T17:57:06.790Z,10.976,-65.808,33.0,3.7,mb,7.0,,,0.84,us,usp000a99w,2014-11-07T01:12:06.890Z,near the coast of Venezuela,earthquake,,,,1.0,reviewed,us,us
2001-02-05T03:16:06.440Z,6.87,-72.982,169.9,4.3,mb,16.0,,,0.7,us,usp000a93d,2014-11-07T01:12:05.684Z,"12 km N of Cepitá, Colombia",earthquake,,20.3,,4.0,reviewed,us,us
2001-02-04T12:48:45.250Z,11.13,-60.996,14.0,2.5,md,4.0,,,,us,usp000a923,2014-11-07T01:12:05.444Z,"29 km WSW of Scarborough, Trinidad and Tobago",earthquake,,,,,reviewed,trn,trn
2001-02-04T03:16:07.000Z,6.78,-73.08,160.0,,,4.0,,,,us,usp000a90t,2014-11-07T01:12:05.170Z,"5 km NNE of Jordán, Colombia",earthquake,,,,,reviewed,rsnc,us
2001-01-31T04:10:02.310Z,11.029,-62.202,100.0,2.9,md,4.0,,,,us,usp000a8r4,2014-11-07T01:12:00.233Z,"51 km NNE of Güiria, Venezuela",earthquake,,,,,reviewed,trn,trn
2001-01-28T14:11:52.150Z,11.169,-61.652,71.0,2.5,md,4.0,,,,us,usp000a8js,2014-11-07T01:11:59.794Z,"53 km NNW of Petit Valley, Trinidad and Tobago",earthquake,,,,,reviewed,trn,trn
2001-01-27T06:55:19.790Z,6.848,-73.08,164.0,4.3,mb,43.0,,,0.78,us,usp000a8gd,2014-11-07T01:11:59.327Z,"12 km N of Jordán, Colombia",earthquake,,5.6,,12.0,reviewed,us,us
2001-01-25T04:33:42.570Z,10.67,-62.675,79.8,4.4,mb,63.0,,,0.78,us,usp000a8c7,2014-11-07T01:11:58.763Z,"42 km WNW of Güiria, Venezuela",earthquake,,,,8.0,reviewed,us,us
2001-01-24T00:53:42.910Z,10.831,-60.926,4.0,2.6,md,5.0,,,,us,usp000a893,2014-11-07T01:11:58.453Z,"35 km NE of Sangre Grande, Trinidad and Tobago",earthquake,,,,,reviewed,trn,trn
2001-01-20T10:25:11.540Z,11.161,-61.508,21.0,3.0,md,6.0,,,,us,usp000a81e,2014-11-07T01:11:57.627Z,"51 km N of Petit Valley, Trinidad and Tobago",earthquake,,,,,reviewed,trn,trn
2001-01-17T08:32:44.520Z,11.308,-62.211,137.0,3.4,md,6.0,,,,us,usp000a7v4,2014-11-07T01:11:56.941Z,"81 km N of Güiria, Venezuela",earthquake,,,,,reviewed,trn,trn
2001-01-16T01:07:40.480Z,10.778,-62.483,103.0,3.0,md,4.0,,,,us,usp000a7ry,2014-11-07T01:11:56.104Z,"30 km NW of Güiria, Venezuela",earthquake,,,,,reviewed,trn,trn
2001-01-15T15:09:25.260Z,11.066,-62.038,50.0,2.8,md,6.0,,,,us,usp000a7r3,2014-11-07T01:11:56.037Z,"61 km NNE of Güiria, Venezuela",earthquake,,,,,reviewed,trn,trn
2001-01-15T13:14:01.170Z,10.985,-62.631,100.5,3.2,mb,16.0,,,1.01,us,usp000a7qz,2014-11-07T01:11:56.027Z,"57 km NW of Güiria, Venezuela",earthquake,,15.4,,1.0,reviewed,us,us
2001-01-13T15:02:26.550Z,11.194,-61.433,35.0,2.7,md,6.0,,,,us,usp000a7kz,2014-11-07T01:11:55.474Z,"56 km NNE of Petit Valley, Trinidad and Tobago",earthquake,,,,,reviewed,trn,trn
2001-01-11T09:20:56.890Z,10.191,-69.401,33.0,4.4,mb,36.0,,,0.97,us,usp000a7gt,2014-11-07T01:11:55.089Z,"14 km NNW of Barquisimeto, Venezuela",earthquake,,,,14.0,reviewed,us,us
2001-01-10T02:59:11.000Z,6.79,-73.18,150.0,,,4.0,,,,us,usp000a7ds,2014-11-07T01:11:54.131Z,"10 km ESE of Zapatoca, Colombia",earthquake,,,,,reviewed,rsnc,us
2001-01-08T07:13:40.460Z,7.048,-72.821,150.0,3.6,mb,5.0,,,0.34,us,usp000a7af,2014-11-07T01:11:53.200Z,"11 km NE of Santa Bárbara, Colombia",earthquake,,,,1.0,reviewed,us,us
2001-01-07T20:53:33.670Z,11.199,-61.958,91.0,2.8,md,5.0,,,,us,usp000a79u,2014-11-07T01:11:53.106Z,"71 km NW of Petit Valley, Trinidad and Tobago",earthquake,,,,,reviewed,trn,trn
2001-01-07T03:40:16.000Z,7.255,-73.056,135.3,4.1,mb,13.0,,,0.72,us,usp000a78e,2014-11-07T01:11:52.763Z,"8 km SSW of Matanza, Colombia",earthquake,,18.2,,3.0,reviewed,us,us
2001-01-05T21:23:28.730Z,10.789,-62.438,31.0,3.2,md,5.0,,,,us,usp000a76d,2014-11-07T01:11:52.416Z,"27 km NNW of Güiria, Venezuela",earthquake,,,,,reviewed,trn,trn
2001-01-05T17:03:00.330Z,6.827,-72.937,162.3,4.2,mb,13.0,,,1.0,us,usp000a766,2014-11-07T01:11:52.263Z,"9 km NNE of Cepitá, Colombia",earthquake,,7.7,,5.0,reviewed,us,us
2001-01-05T03:04:45.710Z,10.368,-60.957,50.0,2.5,md,4.0,,,,us,usp000a75c,2014-11-07T01:11:52.016Z,"24 km ENE of Rio Claro, Trinidad and Tobago",earthquake,,,,,reviewed,trn,trn
2001-01-03T17:21:08.770Z,6.5,-71.999,102.4,4.5,mb,38.0,,,1.03,us,usp000a73u,2014-11-07T01:11:51.417Z,"29 km W of Tame, Colombia",earthquake,,9.1,,21.0,reviewed,us,us
2001-01-03T01:32:57.830Z,10.468,-62.025,33.0,2.7,md,4.0,,,,us,usp000a733,2014-11-07T01:11:51.203Z,"32 km ESE of Güiria, Venezuela",earthquake,,,,,reviewed,trn,trn
2001-01-02T23:51:38.000Z,7.94,-73.15,46.2,3.4,mb,6.0,,,,us,usp000a730,2014-11-07T01:11:51.192Z,"17 km SSE of Ábrego, Colombia",earthquake,,,,1.0,reviewed,rsnc,us
2001-01-01T09:26:50.920Z,11.261,-61.35,63.0,2.3,md,4.0,,,,us,usp000a70x,2014-11-07T01:11:50.326Z,"65 km NNE of Petit Valley, Trinidad and Tobago",earthquake,,,,,reviewed,trn,trn
2000-12-29T20:06:36.810Z,10.855,-62.205,81.0,3.2,md,9.0,,,,us,usp000a6wr,2014-11-07T01:11:47.348Z,"32 km NNE of Güiria, Venezuela",earthquake,,,,,reviewed,trn,trn
2000-12-27T18:31:26.230Z,10.526,-61.223,33.0,3.6,md,12.0,,,,us,usp000a6th,2014-11-07T01:11:46.867Z,"12 km WSW of Sangre Grande, Trinidad and Tobago",earthquake,,,,,reviewed,trn,trn
2000-12-26T21:41:36.310Z,12.447,-59.631,35.0,3.5,md,9.0,,,,us,usp000a6sa,2014-11-07T01:11:46.724Z,"69 km S of Oistins, Barbados",earthquake,,,,,reviewed,trn,fdf
2000-12-24T20:18:02.870Z,11.557,-60.49,20.0,3.7,mb,9.0,,,,us,usp000a6pc,2014-11-07T01:11:46.193Z,"49 km NNE of Scarborough, Trinidad and Tobago",earthquake,,,,1.0,reviewed,trn,us
2000-12-24T18:27:08.350Z,7.028,-73.047,150.0,4.0,mb,5.0,,,1.07,us,usp000a6p5,2014-11-07T01:11:46.179Z,"4 km N of Piedecuesta, Colombia",earthquake,,,,1.0,reviewed,us,us
2000-12-23T00:16:57.320Z,11.062,-61.853,28.0,3.3,md,6.0,,,,us,usp000a6k3,2014-11-07T01:11:45.911Z,"52 km NW of Petit Valley, Trinidad and Tobago",earthquake,,,,,reviewed,trn,trn
2000-12-22T22:20:05.140Z,12.932,-61.455,162.0,3.4,md,7.0,,,,us,usp000a6jx,2014-11-07T01:11:45.889Z,"25 km WSW of Port Elizabeth, Saint Vincent and the Grenadines",earthquake,,,,,reviewed,trn,fdf
2000-12-22T06:11:37.000Z,12.48,-72.8,42.6,3.6,mb,7.0,,,,us,usp000a6hm,2014-11-07T01:11:45.717Z,"87 km NNW of Manaure, Colombia",earthquake,,,,1.0,reviewed,rsnc,us
2000-12-21T20:07:24.920Z,6.336,-73.922,33.0,4.0,ml,7.0,,,1.04,us,usp000a6h3,2014-11-07T01:11:45.637Z,"3 km NE of Cimitarra, Colombia",earthquake,,,,,reviewed,us,rsnc
2000-12-21T03:32:17.310Z,10.974,-61.531,26.0,2.6,md,4.0,,,,us,usp000a6fr,2014-11-07T01:11:45.472Z,"30 km N of Petit Valley, Trinidad and Tobago",earthquake,,,,,reviewed,trn,trn
2000-12-18T03:50:03.560Z,9.491,-62.407,35.0,3.2,md,4.0,,,,us,usp000a68n,2014-11-07T01:11:44.615Z,"61 km NW of Tucupita, Venezuela",earthquake,,,,,reviewed,trn,trn
2000-12-17T06:13:24.010Z,6.789,-73.056,161.7,4.9,mb,101.0,,,0.76,us,usp000a66z,2014-11-07T01:11:44.409Z,"7 km NE of Jordán, Colombia",earthquake,,3.2,,38.0,reviewed,us,us
2000-12-16T17:08:55.740Z,6.584,-73.051,190.2,3.8,mb,17.0,,,0.78,us,usp000a662,2014-11-07T01:11:44.298Z,"3 km SE of Curití, Colombia",earthquake,,5.3,,1.0,reviewed,us,us
2000-12-15T14:00:16.000Z,6.88,-73.09,158.7,4.0,mb,12.0,,,,us,usp000a647,2014-11-07T01:11:44.053Z,"12 km SSW of Piedecuesta, Colombia",earthquake,,,,1.0,reviewed,rsnc,us
2000-12-12T10:22:12.230Z,10.87,-62.456,100.0,3.8,md,12.0,,,0.68,us,usp000a5yf,2014-11-07T01:11:43.400Z,"36 km NNW of Güiria, Venezuela",earthquake,,,,,reviewed,us,trn
2000-12-11T22:10:36.070Z,6.763,-73.014,178.6,,,10.0,,,0.93,us,usp000a5xf,2014-11-07T01:11:43.292Z,"4 km WNW of Cepitá, Colombia",earthquake,,21.2,,,reviewed,us,us
2000-12-09T18:19:29.940Z,11.415,-61.349,24.0,3.1,md,8.0,,,,us,usp000a5sj,2014-11-07T01:11:41.981Z,"71 km WNW of Scarborough, Trinidad and Tobago",earthquake,,,,,reviewed,trn,trn
2000-12-08T22:36:55.670Z,6.245,-72.023,33.0,3.9,mb,6.0,,,0.81,us,usp000a5r3,2014-11-07T01:11:41.852Z,"29 km ENE of Sácama, Colombia",earthquake,,,,1.0,reviewed,us,us
2000-12-08T11:10:30.130Z,10.39,-62.632,34.0,3.6,md,4.0,,,,us,usp000a5qc,2014-11-07T01:11:41.756Z,"41 km WSW of Güiria, Venezuela",earthquake,,,,,reviewed,trn,trn
2000-12-06T17:51:31.140Z,13.21,-60.583,69.0,2.7,md,5.0,,,,us,usp000a5ma,2014-11-07T01:11:41.209Z,"58 km E of Byera Village, Saint Vincent and the Grenadines",earthquake,,,,,reviewed,trn,trn
2000-12-06T11:50:32.760Z,6.776,-72.961,176.1,4.1,mb,23.0,,,0.58,us,usp000a5kn,2014-11-07T01:11:41.078Z,"2 km NNE of Cepitá, Colombia",earthquake,,11.2,,5.0,reviewed,us,us
2000-12-05T04:54:57.550Z,13.198,-60.447,71.0,3.2,md,11.0,,,,us,usp000a5ha,2014-11-07T01:11:40.513Z,"73 km E of Byera Village, Saint Vincent and the Grenadines",earthquake,,,,,reviewed,trn,fdf
2000-12-03T02:10:53.600Z,10.782,-61.657,44.0,2.9,md,5.0,,,,us,usp000a5e0,2014-11-07T01:11:39.359Z,"15 km NW of Petit Valley, Trinidad and Tobago",earthquake,,,,,reviewed,trn,trn
2000-11-30T13:07:45.060Z,10.759,-61.152,30.0,2.3,md,4.0,,,,us,usp000a592,2014-11-07T01:11:35.744Z,"19 km N of Sangre Grande, Trinidad and Tobago",earthquake,,,,,reviewed,trn,trn
2000-11-27T19:48:52.130Z,11.329,-62.141,89.0,3.1,md,5.0,,,,us,usp000a52r,2014-11-07T01:11:34.586Z,"84 km NNE of Güiria, Venezuela",earthquake,,,,,reviewed,trn,trn
2000-11-26T19:20:02.180Z,10.539,-61.411,32.0,2.5,md,4.0,,,,us,usp000a50z,2014-11-07T01:11:34.436Z,"2 km NNE of Chaguanas, Trinidad and Tobago",earthquake,,,,,reviewed,trn,trn
2000-11-24T19:51:11.290Z,6.801,-73.036,162.7,4.8,mb,99.0,,,0.72,us,usp000a4v8,2014-11-07T01:11:33.591Z,"8 km NW of Cepitá, Colombia",earthquake,,3.7,,28.0,reviewed,us,us
2000-11-23T08:10:29.610Z,11.269,-62.167,3.0,2.9,md,4.0,,,,us,usp000a4r2,2014-11-07T01:11:33.060Z,"77 km N of Güiria, Venezuela",earthquake,,,,,reviewed,trn,trn
2000-11-22T20:53:01.870Z,11.001,-62.08,86.0,3.2,md,5.0,,,,us,usp000a4pd,2014-11-07T01:11:32.882Z,"52 km NNE of Güiria, Venezuela",earthquake,,,,,reviewed,trn,trn
2000-11-19T23:24:18.120Z,6.826,-72.862,149.9,4.2,mb,29.0,,,1.09,us,usp000a4f0,2014-11-07T01:11:31.972Z,"2 km NW of San Andrés, Colombia",earthquake,,,,4.0,reviewed,us,us
2000-11-19T09:12:30.580Z,13.154,-60.939,95.0,2.8,md,6.0,,,,us,usp000a4cu,2014-11-07T01:11:31.792Z,"22 km ESE of Biabou, Saint Vincent and the Grenadines",earthquake,,,,,reviewed,trn,trn
2000-11-15T02:09:46.830Z,11.614,-61.682,125.0,4.0,md,11.0,,,,us,usp000a3mr,2014-11-07T01:11:28.625Z,"48 km S of Saint David’s, Grenada",earthquake,,,,,reviewed,trn,trn
2000-11-10T10:01:27.630Z,10.859,-62.516,99.0,3.4,md,9.0,,,,us,usp000a3bj,2014-11-07T01:11:27.228Z,"39 km NW of Güiria, Venezuela",earthquake,,,,,reviewed,trn,trn
2000-11-09T05:34:55.040Z,10.794,-61.678,26.0,3.6,md,15.0,,,,us,usp000a39b,2014-11-07T01:11:26.970Z,"17 km NW of Petit Valley, Trinidad and Tobago",earthquake,,,,,reviewed,trn,trn
2000-11-05T10:49:09.820Z,10.046,-62.138,62.1,4.5,mb,32.0,,,0.89,us,usp000a2zy,2014-11-07T01:11:25.739Z,"51 km WSW of Point Fortin, Trinidad and Tobago",earthquake,,5.4,,4.0,reviewed,us,us
2000-11-03T01:19:57.990Z,9.931,-62.152,33.0,3.7,md,24.0,,,1.35,us,usp000a2w4,2014-11-07T01:11:24.797Z,"57 km WSW of Point Fortin, Trinidad and Tobago",earthquake,,,,,reviewed,us,trn
2000-11-03T00:16:57.930Z,10.577,-60.785,51.0,2.9,md,5.0,,,,us,usp000a2w2,2014-11-07T01:11:24.791Z,"37 km E of Sangre Grande, Trinidad and Tobago",earthquake,,,,,reviewed,trn,trn
2000-10-31T05:40:51.880Z,10.954,-61.901,38.0,2.9,md,4.0,,,,us,usp000a2ru,2014-11-07T01:11:20.231Z,"47 km NW of Petit Valley, Trinidad and Tobago",earthquake,,,,,reviewed,trn,trn
2000-10-29T23:24:22.890Z,10.953,-62.343,114.0,3.0,md,8.0,,,,us,usp000a2p5,2014-11-07T01:11:19.870Z,"41 km N of Güiria, Venezuela",earthquake,,,,,reviewed,trn,trn
2000-10-29T01:37:41.020Z,6.816,-73.063,172.8,4.3,mb,14.0,,,0.83,us,usp000a2kz,2014-11-07T01:11:19.594Z,"9 km NNE of Jordán, Colombia",earthquake,,15.5,,2.0,reviewed,us,us
2000-10-27T20:12:36.260Z,11.337,-61.819,54.0,3.3,md,6.0,,,,us,usp000a2hd,2014-11-07T01:11:19.368Z,"76 km NNW of Petit Valley, Trinidad and Tobago",earthquake,,,,,reviewed,trn,trn
2000-10-27T18:44:27.460Z,6.455,-73.679,33.0,,,9.0,,,1.52,us,usp000a2gz,2014-11-07T01:11:19.289Z,"29 km NW of Contratación, Colombia",earthquake,,,,,reviewed,us,us
2000-10-26T02:09:52.460Z,10.566,-62.43,70.0,3.1,md,5.0,,,,us,usp000a2e6,2014-11-07T01:11:18.966Z,"14 km W of Güiria, Venezuela",earthquake,,,,,reviewed,trn,trn
2000-10-24T23:20:09.730Z,11.216,-61.788,72.0,2.9,md,5.0,,,,us,usp000a2bs,2014-11-07T01:11:18.677Z,"62 km NNW of Petit Valley, Trinidad and Tobago",earthquake,,,,,reviewed,trn,trn
2000-10-24T18:59:33.180Z,13.04,-61.4,132.0,3.3,md,10.0,,,,us,usp000a2ba,2014-11-07T01:11:18.640Z,"18 km W of Port Elizabeth, Saint Vincent and the Grenadines",earthquake,,,,,reviewed,trn,trn
2000-10-19T16:50:19.340Z,10.726,-62.304,49.0,3.4,md,5.0,,,,us,usp000a236,2014-11-07T01:11:17.426Z,"16 km N of Güiria, Venezuela",earthquake,,,,,reviewed,trn,trn
2000-10-19T04:35:53.050Z,11.661,-61.806,136.0,3.2,md,4.0,,,,us,usp000a22g,2014-11-07T01:11:17.382Z,"43 km S of Saint George's, Grenada",earthquake,,,,,reviewed,trn,trn
2000-10-18T14:08:20.460Z,11.001,-61.913,64.0,3.7,md,9.0,,,,us,usp000a21g,2014-11-07T01:11:17.283Z,"52 km NW of Petit Valley, Trinidad and Tobago",earthquake,,,,,reviewed,trn,trn
2000-10-15T19:17:33.450Z,7.074,-73.081,150.0,,,6.0,,,0.71,us,usp000a1um,2014-11-07T01:11:16.701Z,"1 km NNE of Floridablanca, Colombia",earthquake,,,,,reviewed,us,us
2000-10-13T05:38:22.850Z,12.714,-60.955,34.0,2.9,md,4.0,,,,us,usp000a1q1,2014-11-07T01:11:16.284Z,Windward Islands,earthquake,,,,,reviewed,trn,trn
2000-10-13T00:13:50.790Z,10.953,-62.389,105.0,3.3,md,4.0,,,,us,usp000a1pm,2014-11-07T01:11:16.260Z,"42 km NNW of Güiria, Venezuela",earthquake,,,,,reviewed,trn,trn
2000-10-10T15:07:24.070Z,6.775,-73.041,167.9,4.5,mb,31.0,,,0.79,us,usp000a1ju,2014-11-07T01:11:15.843Z,"7 km NE of Jordán, Colombia",earthquake,,8.2,,12.0,reviewed,us,us
2000-10-08T01:08:25.560Z,11.484,-60.964,59.0,2.9,md,8.0,,,,us,usp000a1ed,2014-11-07T01:11:15.127Z,"41 km NW of Scarborough, Trinidad and Tobago",earthquake,,,,,reviewed,trn,trn
2000-10-07T18:51:21.480Z,11.036,-62.348,98.0,2.7,md,4.0,,,,us,usp000a1dz,2014-11-07T01:11:15.091Z,"51 km N of Güiria, Venezuela",earthquake,,,,,reviewed,trn,trn
2000-10-06T16:34:12.860Z,11.381,-62.073,95.0,2.9,md,4.0,,,,us,usp000a1bx,2014-11-07T01:11:14.440Z,"82 km SSW of Saint George's, Grenada",earthquake,,,,,reviewed,trn,trn
2000-10-04T15:55:59.880Z,11.084,-62.339,91.0,3.5,md,7.0,,,,us,usp000a18r,2014-11-07T01:11:13.561Z,"56 km N of Güiria, Venezuela",earthquake,,,,,reviewed,trn,trn
2000-10-04T14:37:44.150Z,11.124,-62.559,110.3,6.2,mwc,454.0,,,0.9,us,usp000a18p,2022-04-29T18:54:11.843Z,"66 km NNW of Güiria, Venezuela",earthquake,,,,,reviewed,us,hrv
2000-10-03T08:48:12.750Z,6.796,-73.013,167.2,4.4,mb,21.0,,,0.78,us,usp000a16n,2014-11-07T01:11:12.874Z,"6 km NW of Cepitá, Colombia",earthquake,,12.6,,1.0,reviewed,us,us
2000-10-01T16:40:23.600Z,6.019,-73.992,150.0,,,5.0,,,0.35,us,usp000a143,2014-11-07T01:11:10.888Z,"17 km N of La Belleza, Colombia",earthquake,,,,,reviewed,us,us
2000-09-28T23:46:29.790Z,6.693,-73.058,182.4,4.1,mb,10.0,,,0.67,us,usp000a0z4,2014-11-07T01:11:08.122Z,"4 km W of Aratoca, Colombia",earthquake,,29.5,,3.0,reviewed,us,us
2000-09-25T01:23:47.570Z,6.979,-73.08,150.0,4.2,mb,8.0,,,0.59,us,usp000a0s5,2014-11-07T01:11:07.232Z,"3 km WSW of Piedecuesta, Colombia",earthquake,,,,1.0,reviewed,us,us
2000-09-24T01:30:06.640Z,11.824,-61.119,20.0,2.8,md,4.0,,,,us,usp000a0qt,2014-11-07T01:11:07.030Z,"64 km ESE of Grenville, Grenada",earthquake,,,,,reviewed,trn,trn
2000-09-24T00:36:20.680Z,6.24,-72.878,225.7,,,8.0,,,1.45,us,usp000a0qq,2014-11-07T01:11:07.022Z,"13 km SSW of Onzaga, Colombia",earthquake,,19.9,,,reviewed,us,us
2000-09-21T05:38:17.690Z,11.105,-62.492,122.4,4.6,mb,59.0,,,0.96,us,usp000a0kv,2014-11-07T01:11:06.488Z,"62 km NNW of Güiria, Venezuela",earthquake,,4.8,,22.0,reviewed,us,us
2000-09-20T20:12:14.000Z,6.79,-73.03,150.0,4.4,mb,34.0,,,,us,usp000a0k6,2014-11-07T01:11:06.428Z,"7 km WNW of Cepitá, Colombia",earthquake,,,,10.0,reviewed,rsnc,us
2000-09-16T13:54:26.780Z,5.596,-73.483,161.0,4.5,mb,27.0,,,1.09,us,usp000a0b7,2014-11-07T01:11:05.404Z,"0 km SSE of Chíquiza, Colombia",earthquake,,,,6.0,reviewed,us,us
2000-09-12T10:54:12.630Z,6.744,-72.992,164.3,4.9,mb,174.0,,,0.91,us,usp000a04q,2014-11-07T01:11:04.627Z,"2 km WSW of Cepitá, Colombia",earthquake,,,,60.0,reviewed,us,us
2000-09-09T19:04:10.030Z,10.144,-60.258,22.0,3.4,md,5.0,,,,us,usp0009zyt,2014-11-07T01:11:03.757Z,"102 km E of Rio Claro, Trinidad and Tobago",earthquake,,,,,reviewed,trn,trn
2000-09-03T05:52:44.550Z,11.061,-61.036,62.0,4.3,md,13.0,,,,us,usp0009zmb,2014-11-07T01:11:01.492Z,"35 km WSW of Scarborough, Trinidad and Tobago",earthquake,,,,,reviewed,trn,fdf
2000-08-31T21:36:46.770Z,10.703,-60.868,31.0,2.5,md,5.0,,,,us,usp0009zg4,2014-11-07T01:10:56.832Z,"31 km ENE of Sangre Grande, Trinidad and Tobago",earthquake,,,,,reviewed,trn,trn
2000-08-29T10:58:22.720Z,10.892,-62.271,75.0,2.9,md,5.0,,,,us,usp0009zbg,2014-11-07T01:10:56.283Z,"34 km N of Güiria, Venezuela",earthquake,,,,,reviewed,trn,trn
2000-08-28T14:02:52.970Z,11.06,-60.807,3.0,2.5,md,4.0,,,,us,usp0009z9x,2014-11-07T01:10:55.722Z,"15 km SSW of Scarborough, Trinidad and Tobago",earthquake,,,,,reviewed,trn,trn
2000-08-25T01:17:41.200Z,6.807,-73.054,174.2,4.0,mb,11.0,,,0.74,us,usp0009z4e,2014-11-07T01:10:54.806Z,"9 km NNE of Jordán, Colombia",earthquake,,19.0,,1.0,reviewed,us,us
2000-08-24T01:17:43.000Z,6.75,-73.16,150.0,,,7.0,,,,us,usp0009z2s,2014-11-07T01:10:54.645Z,"7 km WNW of Jordán, Colombia",earthquake,,,,,reviewed,rsnc,us
2000-08-24T00:00:34.000Z,6.765,-73.041,172.0,4.0,mb,12.0,,,0.68,us,usp0009z2p,2014-11-07T01:10:54.640Z,"7 km ENE of Jordán, Colombia",earthquake,,15.4,,3.0,reviewed,us,us
2000-08-19T12:09:22.250Z,6.909,-72.988,155.4,3.8,mb,16.0,,,0.51,us,usp0009ysg,2014-11-07T01:10:53.397Z,"11 km SE of Piedecuesta, Colombia",earthquake,,59.7,,6.0,reviewed,us,us
2000-08-16T15:52:26.910Z,6.813,-73.053,163.7,4.5,mb,61.0,,,0.71,us,usp0009yks,2014-11-07T01:10:52.256Z,"10 km NNE of Jordán, Colombia",earthquake,,4.5,,25.0,reviewed,us,us
2000-08-14T12:24:12.190Z,11.144,-61.833,19.0,3.0,md,5.0,,,,us,usp0009ye8,2014-11-07T01:10:51.563Z,"58 km NNW of Petit Valley, Trinidad and Tobago",earthquake,,,,,reviewed,trn,trn
2000-08-13T14:54:52.420Z,11.18,-61.423,24.0,2.3,md,4.0,,,,us,usp0009yd0,2014-11-07T01:10:51.443Z,"54 km NNE of Petit Valley, Trinidad and Tobago",earthquake,,,,,reviewed,trn,trn
2000-08-13T01:20:33.060Z,10.885,-62.055,75.0,3.0,md,5.0,,,,us,usp0009ybq,2014-11-07T01:10:51.245Z,"43 km NE of Güiria, Venezuela",earthquake,,,,,reviewed,trn,trn
2000-08-12T20:18:18.150Z,7.08,-72.914,128.5,4.1,mb,12.0,,,1.24,us,usp0009ybd,2014-11-07T01:10:51.212Z,"9 km N of Santa Bárbara, Colombia",earthquake,,24.0,,1.0,reviewed,us,us
2000-08-08T09:27:20.920Z,6.805,-73.208,171.3,3.8,mb,25.0,,,0.69,us,usp0009y3u,2014-11-07T01:10:50.296Z,"6 km E of Zapatoca, Colombia",earthquake,,9.5,,6.0,reviewed,us,us
2000-08-07T06:19:20.500Z,10.717,-62.437,113.0,3.6,md,11.0,,,,us,usp0009y1y,2014-11-07T01:10:49.987Z,"21 km NW of Güiria, Venezuela",earthquake,,,,,reviewed,trn,trn
2000-08-06T17:34:11.660Z,11.018,-62.152,83.0,3.0,md,5.0,,,,us,usp0009y0u,2014-11-07T01:10:49.849Z,"51 km NNE of Güiria, Venezuela",earthquake,,,,,reviewed,trn,trn
2000-08-06T08:22:58.340Z,11.008,-62.16,74.0,4.7,mb,97.0,,,1.11,us,usp0009y01,2014-11-07T01:10:49.764Z,"49 km NNE of Güiria, Venezuela",earthquake,,4.0,,18.0,reviewed,us,us
2000-08-03T17:57:37.530Z,11.052,-60.935,11.0,3.0,md,6.0,,,,us,usp0009xu5,2014-11-07T01:10:48.653Z,"26 km WSW of Scarborough, Trinidad and Tobago",earthquake,,,,,reviewed,trn,trn
2000-07-30T23:29:16.550Z,5.592,-73.605,158.1,4.4,mb,52.0,,,0.87,us,usp0009xg9,2014-11-07T01:10:43.134Z,"2 km SSE of Sutamarchán, Colombia",earthquake,,7.3,,17.0,reviewed,us,us
2000-07-30T16:13:46.930Z,10.67,-62.8,3.0,3.5,md,7.0,,,,us,usp0009xfj,2014-11-07T01:10:42.653Z,"49 km E of Carúpano, Venezuela",earthquake,,,,,reviewed,trn,trn
2000-07-27T18:08:17.720Z,11.292,-62.175,99.7,3.2,md,6.0,,,,us,usp0009x9k,2014-11-07T01:10:41.096Z,"80 km N of Güiria, Venezuela",earthquake,,,,,reviewed,trn,trn
2000-07-26T02:47:41.880Z,11.144,-62.062,100.9,3.0,md,6.0,,,,us,usp0009x6f,2014-11-07T01:10:40.288Z,"67 km NNE of Güiria, Venezuela",earthquake,,,,,reviewed,trn,trn
2000-07-25T16:10:48.480Z,6.767,-72.981,168.6,4.2,mb,42.0,,,0.8,us,usp0009x5k,2014-11-07T01:10:40.172Z,"1 km NNW of Cepitá, Colombia",earthquake,,8.2,,15.0,reviewed,us,us
2000-07-23T11:21:51.780Z,10.959,-60.977,14.6,2.5,md,4.0,,,,us,usp0009x0e,2014-11-07T01:10:39.396Z,"36 km SW of Scarborough, Trinidad and Tobago",earthquake,,,,,reviewed,trn,trn
2000-07-20T22:02:24.310Z,11.411,-62.112,143.7,4.4,md,20.0,,,0.41,us,usp0009ww4,2014-11-07T01:10:38.741Z,"81 km SSW of Saint George's, Grenada",earthquake,,4.1,,,reviewed,us,fdf
2000-07-16T04:50:05.000Z,10.486,-62.25,3.0,3.4,md,6.0,,,,us,usp0009wku,2014-11-07T01:10:36.932Z,"11 km SSE of Güiria, Venezuela",earthquake,,,,,reviewed,trn,trn
2000-07-15T15:17:34.880Z,9.969,-60.594,91.1,3.1,md,4.0,,,,us,usp0009wk2,2014-11-07T01:10:36.789Z,"73 km ESE of Rio Claro, Trinidad and Tobago",earthquake,,,,,reviewed,trn,trn
2000-07-15T05:10:07.060Z,10.882,-62.287,56.6,2.8,md,4.0,,,,us,usp0009wjb,2014-11-07T01:10:36.707Z,near the coast of Venezuela,earthquake,,,,,reviewed,trn,trn
2000-07-14T19:03:34.470Z,6.577,-73.109,179.4,,,8.0,,,0.47,us,usp0009wgn,2014-11-07T01:10:36.469Z,"3 km ENE of San Gil, Colombia",earthquake,,18.8,,,reviewed,us,us
2000-07-14T13:00:20.020Z,6.834,-72.956,172.4,,,11.0,,,0.45,us,usp0009wg7,2014-11-07T01:10:36.409Z,"9 km NNE of Cepitá, Colombia",earthquake,,15.1,,,reviewed,us,us
2000-07-13T08:03:04.160Z,10.918,-62.39,64.9,3.2,md,4.0,,,,us,usp0009wde,2014-11-07T01:10:35.913Z,"39 km NNW of Güiria, Venezuela",earthquake,,,,,reviewed,trn,trn
2000-07-11T06:57:11.740Z,5.133,-72.417,100.0,4.2,mb,19.0,,,0.96,us,usp0009w79,2014-11-07T01:10:35.186Z,"15 km ESE of Aguazul, Colombia",earthquake,,,,11.0,reviewed,us,us
2000-07-10T17:05:47.220Z,10.805,-62.357,69.1,2.8,md,4.0,,,,us,usp0009w5w,2014-11-07T01:10:34.799Z,"25 km NNW of Güiria, Venezuela",earthquake,,,,,reviewed,trn,trn
2000-07-10T00:58:15.030Z,7.274,-72.57,33.0,,,11.0,,,0.72,us,usp0009w4g,2014-11-07T01:10:34.497Z,"7 km E of Cácota, Colombia",earthquake,,,,,reviewed,us,us
2000-07-08T18:42:58.080Z,10.704,-60.806,46.8,2.6,md,4.0,,,,us,usp0009w25,2014-11-07T01:10:33.988Z,"37 km ENE of Sangre Grande, Trinidad and Tobago",earthquake,,,,,reviewed,trn,trn
2000-06-30T02:09:36.700Z,8.578,-72.354,33.0,4.3,mb,15.0,,,1.45,us,usp0009vfe,2014-11-07T01:10:26.218Z,"24 km NNE of Puerto Santander, Colombia",earthquake,,,,8.0,reviewed,us,us
2000-06-29T23:22:00.420Z,6.382,-72.804,33.0,4.3,mb,20.0,,,0.81,us,usp0009vf5,2014-11-07T01:10:26.190Z,"4 km NNE of Onzaga, Colombia",earthquake,,,,8.0,reviewed,us,us
2000-06-20T13:29:12.840Z,10.803,-62.447,91.1,3.6,mb,16.0,,,1.22,us,usp0009uwc,2014-11-07T01:10:23.821Z,near the coast of Venezuela,earthquake,,12.0,,2.0,reviewed,us,us
2000-06-11T00:45:14.370Z,10.245,-62.373,10.0,4.5,md,15.0,,,0.74,us,usp0009ud2,2014-11-07T01:10:21.656Z,"37 km SSW of Güiria, Venezuela",earthquake,,,,,reviewed,us,fdf
2000-06-04T23:25:25.130Z,6.801,-73.016,200.0,4.0,mb,7.0,,,0.51,us,usp0009tzw,2014-11-07T01:10:18.874Z,"6 km NW of Cepitá, Colombia",earthquake,,,,2.0,reviewed,us,us
2000-06-03T22:51:11.050Z,10.91,-62.319,34.0,3.6,md,6.0,,,,us,usp0009twr,2014-11-07T01:10:17.989Z,"36 km N of Güiria, Venezuela",earthquake,,,,,reviewed,trn,trn
2000-05-31T17:49:35.010Z,10.681,-60.773,50.0,2.5,md,,,,,us,usp0009tqf,2014-11-07T01:10:13.435Z,"40 km ENE of Sangre Grande, Trinidad and Tobago",earthquake,,,,,reviewed,trn,trn
2000-05-31T16:38:48.220Z,10.48,-60.933,30.0,3.3,md,,,,,us,usp0009tqc,2014-11-07T01:10:13.430Z,"24 km ESE of Sangre Grande, Trinidad and Tobago",earthquake,,,,,reviewed,trn,trn
2000-05-29T18:45:34.890Z,10.698,-62.383,96.0,3.4,md,,,,,us,usp0009tmn,2014-11-07T01:10:12.222Z,"16 km NW of Güiria, Venezuela",earthquake,,,,,reviewed,trn,trn
2000-05-24T04:38:46.570Z,9.572,-62.383,25.0,3.4,md,,,,,us,usp0009tdd,2014-11-07T01:10:11.313Z,"67 km NNW of Tucupita, Venezuela",earthquake,,,,,reviewed,trn,trn
2000-05-23T15:47:46.160Z,9.253,-72.582,33.0,4.3,mb,,,,0.51,us,usp0009tcp,2014-11-07T01:10:11.182Z,"69 km NNE of Tibú, Colombia",earthquake,,,,5.0,reviewed,us,us
2000-05-22T19:19:28.810Z,11.248,-62.169,3.0,3.1,md,,,,,us,usp0009tbj,2014-11-07T01:10:11.032Z,"75 km N of Güiria, Venezuela",earthquake,,,,,reviewed,trn,trn
2000-05-22T16:22:36.790Z,6.77,-73.155,177.5,3.5,mb,,,,0.85,us,usp0009tb7,2014-11-07T01:10:10.998Z,"7 km WNW of Jordán, Colombia",earthquake,,21.3,,1.0,reviewed,us,us
2000-05-22T09:48:53.330Z,7.24,-73.041,125.6,3.6,mb,,,,0.97,us,usp0009tap,2014-11-07T01:10:10.936Z,"9 km WSW of Charta, Colombia",earthquake,,27.0,,1.0,reviewed,us,us
2000-05-21T01:00:52.990Z,5.263,-72.893,33.0,4.4,mb,,,,0.67,us,usp0009t8a,2014-11-07T01:10:10.643Z,"5 km NNW of Chámeza, Colombia",earthquake,,,,6.0,reviewed,us,us
2000-05-20T21:54:32.650Z,11.121,-62.117,97.0,2.9,md,,,,,us,usp0009t81,2014-11-07T01:10:10.613Z,"63 km NNE of Güiria, Venezuela",earthquake,,,,,reviewed,trn,trn
2000-05-19T14:46:18.700Z,6.74,-73.037,179.1,3.8,mb,,,,0.75,us,usp0009t68,2014-11-07T01:10:10.268Z,"5 km NNW of Aratoca, Colombia",earthquake,,11.4,,6.0,reviewed,us,us
2000-05-18T08:05:19.930Z,11.303,-61.815,83.0,2.5,md,,,,,us,usp0009t44,2014-11-07T01:10:09.778Z,"72 km NNW of Petit Valley, Trinidad and Tobago",earthquake,,,,,reviewed,trn,trn
2000-05-16T23:56:11.130Z,11.178,-61.852,10.0,2.5,md,,,,,us,usp0009t2d,2014-11-07T01:10:09.561Z,"62 km NNW of Petit Valley, Trinidad and Tobago",earthquake,,,,,reviewed,trn,trn
2000-05-14T15:48:29.740Z,11.588,-60.086,22.0,3.4,md,,,,,us,usp0009sy4,2014-11-07T01:10:08.073Z,"83 km ENE of Scarborough, Trinidad and Tobago",earthquake,,,,,reviewed,trn,trn
2000-05-13T22:54:10.660Z,11.408,-62.102,116.4,4.3,md,,,,1.11,us,usp0009swp,2014-11-07T01:10:07.855Z,"80 km SSW of Saint George's, Grenada",earthquake,,5.9,,,reviewed,us,fdf
2000-05-12T23:43:48.170Z,10.967,-62.21,58.0,3.4,md,,,,,us,usp0009sv7,2014-11-07T01:10:07.599Z,"44 km NNE of Güiria, Venezuela",earthquake,,,,,reviewed,trn,trn
2000-05-12T03:57:27.810Z,11.266,-61.711,10.0,2.8,md,,,,,us,usp0009stx,2014-11-07T01:10:07.338Z,"65 km NNW of Petit Valley, Trinidad and Tobago",earthquake,,,,,reviewed,trn,trn
2000-05-10T03:17:35.620Z,7.791,-72.691,33.0,4.1,mb,,,,1.54,us,usp0009sq5,2014-11-07T01:10:06.418Z,"8 km SSE of Santiago, Colombia",earthquake,,,,2.0,reviewed,us,us
2000-05-08T19:55:07.550Z,10.742,-62.607,55.0,3.1,md,,,,,us,usp0009sng,2014-11-07T01:10:05.852Z,"38 km WNW of Güiria, Venezuela",earthquake,,,,,reviewed,trn,trn
2000-05-07T19:49:05.040Z,10.576,-60.94,41.0,3.0,md,,,,,us,usp0009sk2,2014-11-07T01:10:05.367Z,"20 km E of Sangre Grande, Trinidad and Tobago",earthquake,,,,,reviewed,trn,trn
2000-05-06T22:50:27.450Z,10.584,-61.659,45.0,2.7,md,,,,,us,usp0009sgt,2014-11-07T01:10:04.610Z,"15 km WSW of Mucurapo, Trinidad and Tobago",earthquake,,,,,reviewed,trn,trn
2000-05-06T22:27:48.310Z,11.759,-61.188,71.7,4.0,mb,,,,1.05,us,usp0009sgp,2014-11-07T01:10:04.589Z,"61 km ESE of Saint David’s, Grenada",earthquake,,3.6,,9.0,reviewed,us,us
2000-05-05T04:52:41.390Z,10.656,-62.479,58.0,3.7,md,,,,,us,usp0009se6,2014-11-07T01:10:04.042Z,"21 km WNW of Güiria, Venezuela",earthquake,,,,,reviewed,trn,trn
2000-05-04T20:42:41.330Z,11.286,-61.745,10.0,2.7,md,,,,,us,usp0009sd7,2014-11-07T01:10:03.919Z,"68 km NNW of Petit Valley, Trinidad and Tobago",earthquake,,,,,reviewed,trn,trn
2000-05-03T20:08:59.690Z,11.421,-61.353,27.0,3.4,mb,,,,,us,usp0009sau,2014-11-07T01:10:02.763Z,"72 km WNW of Scarborough, Trinidad and Tobago",earthquake,,,,1.0,reviewed,trn,us
2000-05-01T17:10:54.090Z,10.081,-60.556,24.0,3.3,md,,,,,us,usp0009s63,2014-11-07T01:10:00.489Z,"72 km ESE of Rio Claro, Trinidad and Tobago",earthquake,,,,,reviewed,trn,trn
2000-05-01T06:37:38.050Z,11.11,-62.352,113.1,4.3,mb,,,,0.83,us,usp0009s5e,2014-11-07T01:09:59.889Z,"59 km N of Güiria, Venezuela",earthquake,,,,29.0,reviewed,us,us
2000-04-27T20:54:44.060Z,10.102,-63.257,33.0,3.8,mb,,,,0.86,us,usp0009ryz,2014-11-07T01:09:57.374Z,"40 km NNW of Maturín, Venezuela",earthquake,,,,1.0,reviewed,us,us
2000-04-27T12:19:43.380Z,11.137,-62.303,118.2,4.3,mb,,,,1.14,us,usp0009ryg,2014-11-07T01:09:57.305Z,"61 km N of Güiria, Venezuela",earthquake,,6.2,,9.0,reviewed,us,us
2000-04-25T13:35:42.070Z,11.1,-62.131,71.0,2.6,md,,,,,us,usp0009rva,2014-11-07T01:09:56.595Z,"60 km NNE of Güiria, Venezuela",earthquake,,,,,reviewed,trn,trn
2000-04-25T05:24:01.210Z,11.24,-61.986,16.0,2.8,md,,,,,us,usp0009ruv,2014-11-07T01:09:56.554Z,"76 km NW of Petit Valley, Trinidad and Tobago",earthquake,,,,,reviewed,trn,trn
2000-04-22T00:12:14.950Z,12.902,-61.353,164.0,3.0,md,,,,,us,usp0009rnw,2014-11-07T01:09:55.579Z,"17 km SW of Port Elizabeth, Saint Vincent and the Grenadines",earthquake,,,,,reviewed,trn,trn
2000-04-21T04:01:47.850Z,10.832,-62.294,57.0,2.8,md,,,,,us,usp0009rms,2014-11-07T01:09:55.374Z,"28 km N of Güiria, Venezuela",earthquake,,,,,reviewed,trn,trn
2000-04-20T07:06:39.460Z,10.089,-63.931,3.0,3.9,md,,,,,us,usp0009rk1,2014-11-07T01:09:55.148Z,"48 km SE of Cumaná, Venezuela",earthquake,,,,,reviewed,trn,trn
2000-04-19T19:44:33.000Z,11.323,-62.024,95.0,2.6,md,,,,,us,usp0009rjc,2014-11-07T01:09:55.075Z,"86 km SSW of Saint George's, Grenada",earthquake,,,,,reviewed,trn,trn
2000-04-17T12:50:14.000Z,6.78,-73.02,154.0,,,,,,,us,usp0009re4,2014-11-07T01:09:54.477Z,"5 km WNW of Cepitá, Colombia",earthquake,,,,,reviewed,rsnc,us
2000-04-16T18:58:33.260Z,11.146,-62.06,52.0,3.5,md,,,,,us,usp0009rd2,2014-11-07T01:09:54.368Z,"68 km NNE of Güiria, Venezuela",earthquake,,,,,reviewed,trn,trn
2000-04-16T12:35:04.840Z,6.776,-73.024,157.0,4.1,mb,,,,0.89,us,usp0009rce,2014-11-07T01:09:54.207Z,"5 km WNW of Cepitá, Colombia",earthquake,,,,19.0,reviewed,us,us
2000-04-14T09:31:06.560Z,7.579,-72.782,184.2,3.8,mb,,,,0.8,us,usp0009r98,2014-11-07T01:09:53.906Z,"4 km NNW of Cucutilla, Colombia",earthquake,,14.4,,20.0,reviewed,us,us
2000-04-14T00:14:34.940Z,10.77,-61.422,41.0,2.2,md,,,,,us,usp0009r8g,2014-11-07T01:09:53.836Z,"13 km NNW of Tunapuna, Trinidad and Tobago",earthquake,,,,,reviewed,trn,trn
2000-04-12T16:46:07.570Z,10.976,-62.076,69.0,4.3,md,,,,,us,usp0009r6u,2014-11-07T01:09:53.401Z,"50 km NNE of Güiria, Venezuela",earthquake,,,,,reviewed,trn,fdf
2000-04-12T02:05:14.140Z,10.489,-62.066,17.0,3.4,md,,,,,us,usp0009r61,2014-11-07T01:09:53.122Z,"27 km ESE of Güiria, Venezuela",earthquake,,,,,reviewed,trn,trn
2000-04-11T21:54:56.560Z,10.777,-62.273,84.0,2.8,md,,,,,us,usp0009r5t,2014-11-07T01:09:53.106Z,"22 km N of Güiria, Venezuela",earthquake,,,,,reviewed,trn,trn
2000-04-09T12:41:55.410Z,5.577,-72.441,33.0,3.7,mb,,,,1.0,us,usp0009r25,2014-11-07T01:09:52.650Z,"5 km SSW of Paya, Colombia",earthquake,,,,1.0,reviewed,us,us
2000-04-07T20:46:07.280Z,10.506,-61.835,47.0,3.2,md,,,,,us,usp0009qz2,2014-11-07T01:09:52.353Z,"36 km WSW of Mucurapo, Trinidad and Tobago",earthquake,,,,,reviewed,trn,trn
2000-04-06T18:02:03.480Z,10.983,-62.48,68.0,2.9,md,,,,,us,usp0009qx8,2014-11-07T01:09:52.048Z,"49 km NNW of Güiria, Venezuela",earthquake,,,,,reviewed,trn,trn
2000-04-05T08:41:50.310Z,6.77,-73.01,169.9,4.6,mb,,,,0.68,us,usp0009quk,2014-11-07T01:09:51.644Z,"4 km WNW of Cepitá, Colombia",earthquake,,,,48.0,reviewed,us,us
2000-04-04T16:30:31.790Z,10.683,-62.626,89.1,3.6,mb,,,,0.9,us,usp0009qtr,2014-11-07T01:09:51.404Z,"37 km WNW of Güiria, Venezuela",earthquake,,,,2.0,reviewed,us,us
2000-04-02T20:07:59.910Z,11.385,-60.744,50.0,3.5,md,,,,,us,usp0009qqe,2014-11-07T01:09:50.555Z,"22 km N of Scarborough, Trinidad and Tobago",earthquake,,,,,reviewed,trn,trn
2000-04-02T08:25:32.600Z,6.803,-72.989,176.9,4.0,mb,,,,0.66,us,usp0009qpg,2014-11-07T01:09:50.258Z,"5 km NNW of Cepitá, Colombia",earthquake,,10.5,,13.0,reviewed,us,us
2000-04-01T02:58:46.770Z,10.826,-62.225,79.0,2.8,md,,,,,us,usp0009qky,2014-11-07T01:09:48.415Z,"28 km NNE of Güiria, Venezuela",earthquake,,,,,reviewed,trn,trn
2000-03-30T20:17:24.230Z,6.856,-72.941,170.3,,,,,,0.5,us,usp0009qhh,2014-11-07T01:09:46.358Z,"9 km WSW of Guaca, Colombia",earthquake,,28.9,,,reviewed,us,us
2000-03-29T10:31:57.110Z,9.465,-70.59,33.0,4.2,mb,,,,0.79,us,usp0009qdy,2014-11-07T01:09:45.899Z,"16 km N of Valera, Venezuela",earthquake,,,,10.0,reviewed,us,us
2000-03-28T12:54:36.270Z,10.474,-61.44,11.0,2.4,md,,,,,us,usp0009qbj,2014-11-07T01:09:45.654Z,"5 km SSW of Chaguanas, Trinidad and Tobago",earthquake,,,,,reviewed,trn,trn
2000-03-27T10:24:40.270Z,10.983,-62.036,93.0,3.3,md,,,,,us,usp0009q98,2014-11-07T01:09:45.264Z,"53 km NNE of Güiria, Venezuela",earthquake,,,,,reviewed,trn,trn
2000-03-26T07:51:22.270Z,10.808,-62.404,56.0,2.9,md,,,,,us,usp0009q78,2014-11-07T01:09:44.936Z,"28 km NNW of Güiria, Venezuela",earthquake,,,,,reviewed,trn,trn
2000-03-26T07:13:18.740Z,10.789,-62.486,82.0,4.2,mb,,,,0.87,us,usp0009q74,2014-11-07T01:09:44.923Z,"31 km NW of Güiria, Venezuela",earthquake,,,,8.0,reviewed,us,us
2000-03-25T20:15:27.990Z,10.368,-62.616,10.0,4.8,mb,,,,1.15,us,usp0009q5w,2014-11-07T01:09:44.788Z,"41 km WSW of Güiria, Venezuela",earthquake,,,,25.0,reviewed,us,us
2000-03-25T12:23:58.360Z,11.177,-61.808,10.0,2.9,md,,,,,us,usp0009q57,2014-11-07T01:09:44.734Z,"59 km NNW of Petit Valley, Trinidad and Tobago",earthquake,,,,,reviewed,trn,trn
2000-03-25T10:51:15.230Z,10.991,-61.533,3.0,2.1,md,,,,,us,usp0009q51,2014-11-07T01:09:44.715Z,"32 km N of Petit Valley, Trinidad and Tobago",earthquake,,,,,reviewed,trn,trn
2000-03-25T00:09:46.640Z,11.0,-62.259,77.0,3.6,md,,,,,us,usp0009q4f,2014-11-07T01:09:44.650Z,"46 km N of Güiria, Venezuela",earthquake,,,,,reviewed,trn,trn
2000-03-24T18:41:24.540Z,6.817,-72.941,165.9,4.3,mb,,,,0.81,us,usp0009q4a,2014-11-07T01:09:44.636Z,"7 km NNE of Cepitá, Colombia",earthquake,,11.2,,15.0,reviewed,us,us
2000-03-23T06:59:28.700Z,11.244,-61.283,12.0,2.3,md,,,,,us,usp0009q20,2014-11-07T01:09:44.243Z,"60 km W of Scarborough, Trinidad and Tobago",earthquake,,,,,reviewed,trn,trn
2000-03-19T05:51:39.060Z,10.216,-60.829,24.0,3.6,md,,,,,us,usp0009pwg,2014-11-07T01:09:43.082Z,"39 km ESE of Rio Claro, Trinidad and Tobago",earthquake,,,,,reviewed,trn,trn
2000-03-15T03:23:17.180Z,10.468,-61.584,42.0,2.7,md,,,,,us,usp0009pqp,2014-11-07T01:09:42.159Z,Trinidad,earthquake,,,,,reviewed,trn,trn
2000-03-12T06:14:25.010Z,6.674,-73.035,188.1,4.1,mb,,,,0.94,us,usp0009pkv,2014-11-07T01:09:40.884Z,"2 km SW of Aratoca, Colombia",earthquake,,12.2,,17.0,reviewed,us,us
2000-03-12T00:27:26.470Z,10.462,-61.803,3.0,3.6,md,,,,,us,usp0009pkd,2014-11-07T01:09:40.836Z,"34 km NNW of Point Fortin, Trinidad and Tobago",earthquake,,,,,reviewed,trn,trn
2000-03-09T20:25:17.860Z,10.923,-62.259,69.0,2.7,md,,,,,us,usp0009pg8,2014-11-07T01:09:40.447Z,"38 km N of Güiria, Venezuela",earthquake,,,,,reviewed,trn,trn
2000-03-07T21:08:35.530Z,10.858,-62.148,100.0,3.6,md,,,,,us,usp0009pdh,2014-11-07T01:09:39.990Z,"35 km NNE of Güiria, Venezuela",earthquake,,,,,reviewed,trn,trn
2000-03-07T08:15:23.660Z,10.965,-62.229,47.0,3.2,md,,,,,us,usp0009pd0,2014-11-07T01:09:39.869Z,"43 km N of Güiria, Venezuela",earthquake,,,,,reviewed,trn,trn
2000-03-06T22:13:09.730Z,10.634,-61.543,36.0,2.7,md,,,,,us,usp0009pcn,2014-11-07T01:09:39.797Z,"3 km SSW of Mucurapo, Trinidad and Tobago",earthquake,,,,,reviewed,trn,trn
2000-03-06T14:28:12.040Z,11.064,-61.996,114.0,3.1,md,,,,,us,usp0009pca,2014-11-07T01:09:39.762Z,"63 km NNE of Güiria, Venezuela",earthquake,,,,,reviewed,trn,trn
2000-03-05T10:24:10.530Z,11.008,-62.54,3.0,3.2,md,,,,,us,usp0009pa1,2014-11-07T01:09:39.415Z,"54 km NNW of Güiria, Venezuela",earthquake,,,,,reviewed,trn,trn
2000-03-03T19:45:05.240Z,12.116,-59.237,10.0,4.5,mb,,,,0.84,us,usp0009p7s,2014-11-07T01:09:38.351Z,"110 km SSE of Oistins, Barbados",earthquake,,,,10.0,reviewed,us,us
2000-03-03T16:19:08.240Z,10.661,-62.477,77.0,2.8,md,,,,,us,usp0009p7h,2014-11-07T01:09:38.267Z,"21 km WNW of Güiria, Venezuela",earthquake,,,,,reviewed,trn,trn
2000-03-02T17:20:59.490Z,10.886,-62.395,84.0,3.2,md,,,,,us,usp0009p6c,2014-11-07T01:09:37.837Z,"35 km NNW of Güiria, Venezuela",earthquake,,,,,reviewed,trn,trn
2000-02-26T07:02:28.030Z,10.791,-62.443,31.0,3.1,md,,,,,us,usp0009nzj,2014-11-07T01:09:33.856Z,near the coast of Venezuela,earthquake,,,,,reviewed,trn,trn
2000-02-25T22:24:36.220Z,10.922,-62.847,3.0,3.7,md,,,,,us,usp0009nys,2014-11-07T01:09:33.715Z,"52 km ENE of Carúpano, Venezuela",earthquake,,,,,reviewed,trn,trn
2000-02-25T20:03:01.210Z,11.19,-61.975,100.0,3.0,md,,,,,us,usp0009nyk,2014-11-07T01:09:33.704Z,"71 km NW of Petit Valley, Trinidad and Tobago",earthquake,,,,,reviewed,trn,trn
2000-02-22T16:01:26.230Z,6.827,-72.981,171.3,3.6,mb,,,,0.62,us,usp0009nub,2014-11-07T01:09:32.914Z,"8 km N of Cepitá, Colombia",earthquake,,15.6,,1.0,reviewed,us,us
2000-02-20T12:24:33.930Z,6.84,-73.121,216.3,4.1,mb,,,,0.76,us,usp0009nqz,2014-11-07T01:09:31.913Z,"12 km NNW of Jordán, Colombia",earthquake,,6.8,,12.0,reviewed,us,us
2000-02-20T05:29:31.030Z,10.979,-62.289,69.0,3.6,md,,,,,us,usp0009nqc,2014-11-07T01:09:31.840Z,"44 km N of Güiria, Venezuela",earthquake,,,,,reviewed,trn,trn
2000-02-20T04:01:27.100Z,10.635,-71.369,10.0,3.9,mb,,,,1.38,us,usp0009nq8,2014-11-07T01:09:31.831Z,"18 km NE of Santa Rita, Venezuela",earthquake,,,,1.0,reviewed,us,us
2000-02-18T16:12:44.270Z,10.78,-71.078,33.0,4.5,mb,,,,0.91,us,usp0009nn1,2014-11-07T01:09:31.527Z,"54 km ENE of Santa Rita, Venezuela",earthquake,,,,18.0,reviewed,us,us
2000-02-18T01:08:59.080Z,11.046,-62.36,73.0,2.7,md,,,,,us,usp0009nks,2014-11-07T01:09:31.387Z,"52 km N of Güiria, Venezuela",earthquake,,,,,reviewed,trn,trn
2000-02-17T15:03:58.690Z,6.441,-73.242,221.1,3.7,mb,,,,1.07,us,usp0009nk5,2014-11-07T01:09:31.322Z,"3 km SSE of Socorro, Colombia",earthquake,,8.2,,3.0,reviewed,us,us
2000-02-14T13:54:02.840Z,10.945,-62.292,49.0,3.5,md,,,,,us,usp0009nfb,2014-11-07T01:09:30.855Z,"40 km N of Güiria, Venezuela",earthquake,,,,,reviewed,trn,trn
2000-02-13T09:52:08.880Z,10.249,-62.344,5.0,,,,,,,us,usp0009ndj,2014-11-07T01:09:30.661Z,"36 km S of Güiria, Venezuela",earthquake,,,,,reviewed,trn,us
2000-02-13T07:55:26.180Z,9.707,-60.715,98.0,3.1,md,,,,,us,usp0009nde,2014-11-07T01:09:30.654Z,"83 km SE of Rio Claro, Trinidad and Tobago",earthquake,,,,,reviewed,trn,trn
2000-02-10T15:22:28.300Z,10.846,-62.38,73.0,3.1,md,,,,,us,usp0009na9,2014-11-07T01:09:29.743Z,"31 km NNW of Güiria, Venezuela",earthquake,,,,,reviewed,trn,trn
2000-02-08T14:24:23.160Z,6.539,-72.225,121.5,3.8,mb,,,,1.21,us,usp0009n78,2014-11-07T01:09:28.875Z,"22 km ENE of Güicán, Colombia",earthquake,,12.3,,4.0,reviewed,us,us
2000-02-08T12:50:20.310Z,10.94,-61.439,49.0,2.4,md,,,,,us,usp0009n73,2014-11-07T01:09:28.857Z,"29 km NNE of Petit Valley, Trinidad and Tobago",earthquake,,,,,reviewed,trn,trn
2000-02-06T02:58:39.180Z,10.978,-61.141,26.0,3.0,md,,,,,us,usp0009n3s,2014-11-07T01:09:27.187Z,"40 km NNE of Arima, Trinidad and Tobago",earthquake,,,,,reviewed,trn,trn
2000-02-06T02:37:25.940Z,9.917,-60.177,78.0,3.5,md,,,,,us,usp0009n3p,2014-11-07T01:09:27.156Z,"117 km ESE of Rio Claro, Trinidad and Tobago",earthquake,,,,,reviewed,trn,trn
2000-02-05T21:52:03.060Z,6.761,-72.927,159.6,4.8,mb,,,,0.86,us,usp0009n3d,2014-11-07T01:09:26.980Z,"5 km E of Cepitá, Colombia",earthquake,,,,78.0,reviewed,us,us
2000-02-03T21:00:44.000Z,10.436,-60.814,48.0,2.7,md,,,,,us,usp0009n0t,2014-11-07T01:09:26.479Z,"38 km ESE of Sangre Grande, Trinidad and Tobago",earthquake,,,,,reviewed,trn,trn
2000-02-03T06:10:53.880Z,12.561,-70.838,33.0,3.5,mb,,,,1.46,us,usp0009mzn,2014-11-07T01:09:26.054Z,"118 km NW of Punto Fijo, Venezuela",earthquake,,,,1.0,reviewed,us,us
2000-02-03T02:14:39.160Z,10.286,-60.415,69.0,2.9,md,,,,,us,usp0009mzf,2014-11-07T01:09:25.987Z,"83 km E of Rio Claro, Trinidad and Tobago",earthquake,,,,,reviewed,trn,trn
2000-01-31T23:28:38.420Z,10.693,-61.162,33.0,2.1,md,,,,,us,usp0009mwt,2014-11-07T01:09:23.016Z,"12 km NNW of Sangre Grande, Trinidad and Tobago",earthquake,,,,,reviewed,trn,trn
2000-01-31T18:48:48.930Z,12.757,-59.929,9.0,3.6,md,,,,,us,usp0009mwk,2014-11-07T01:09:23.003Z,"51 km SW of Bridgetown, Barbados",earthquake,,,,,reviewed,trn,trn
2000-01-30T23:41:25.000Z,6.317,-73.156,210.8,,,,,,0.63,us,usp0009mvf,2014-11-07T01:09:22.888Z,"4 km SW of Ocamonte, Colombia",earthquake,,10.4,,,reviewed,us,us
2000-01-29T10:10:18.920Z,10.693,-62.675,56.0,3.3,md,,,,,us,usp0009mtj,2014-11-07T01:09:22.672Z,"43 km WNW of Güiria, Venezuela",earthquake,,,,,reviewed,trn,trn
2000-01-29T00:45:26.760Z,11.564,-61.257,35.0,3.2,md,,,,,us,usp0009mt6,2014-11-07T01:09:22.624Z,"69 km SE of Saint David’s, Grenada",earthquake,,,,,reviewed,trn,trn
2000-01-29T00:23:18.240Z,11.561,-61.278,35.0,2.8,md,,,,,us,usp0009mt5,2014-11-07T01:09:22.623Z,"68 km SE of Saint David’s, Grenada",earthquake,,,,,reviewed,trn,trn
2000-01-28T08:54:51.350Z,11.697,-61.68,92.0,2.6,md,,,,,us,usp0009ms1,2014-11-07T01:09:22.359Z,"38 km S of Saint David’s, Grenada",earthquake,,,,,reviewed,trn,trn
2000-01-27T22:36:55.830Z,11.023,-62.12,38.0,2.9,md,,,,,us,usp0009mrg,2014-11-07T01:09:22.317Z,"53 km NNE of Güiria, Venezuela",earthquake,,,,,reviewed,trn,trn
2000-01-27T05:57:00.030Z,10.36,-60.365,68.0,3.3,md,,,,,us,usp0009mqp,2014-11-07T01:09:22.239Z,"87 km ESE of Sangre Grande, Trinidad and Tobago",earthquake,,,,,reviewed,trn,trn
2000-01-26T13:29:46.530Z,10.861,-62.192,4.0,3.9,md,,,,,us,usp0009mpt,2014-11-07T01:09:22.101Z,"33 km NNE of Güiria, Venezuela",earthquake,,,,,reviewed,trn,trn
2000-01-25T22:31:58.620Z,10.345,-62.144,4.0,3.6,md,,,,,us,usp0009mns,2014-11-07T01:09:21.977Z,"30 km SSE of Güiria, Venezuela",earthquake,,,,,reviewed,trn,trn
2000-01-25T21:01:44.650Z,10.896,-62.192,49.0,3.5,md,,,,,us,usp0009mnq,2014-11-07T01:09:21.974Z,"37 km NNE of Güiria, Venezuela",earthquake,,,,,reviewed,trn,trn
2000-01-22T03:36:48.410Z,11.741,-61.928,92.0,2.6,md,,,,,us,usp0009mg6,2014-11-07T01:09:21.280Z,"39 km SSW of Saint George's, Grenada",earthquake,,,,,reviewed,trn,trn
2000-01-18T02:16:04.570Z,10.303,-61.108,35.0,3.7,md,,,,,us,usp0009ma2,2014-11-07T01:09:20.355Z,"7 km E of Rio Claro, Trinidad and Tobago",earthquake,,,,,reviewed,trn,trn
2000-01-17T12:20:05.250Z,6.785,-71.971,33.0,5.6,mwc,,,,0.85,us,usp0009m91,2022-04-29T18:28:33.763Z,"21 km W of Fortul, Colombia",earthquake,,,,,reviewed,us,hrv
2000-01-17T04:56:03.210Z,10.621,-62.153,42.0,3.3,md,,,,,us,usp0009m8n,2014-11-07T01:09:20.097Z,"16 km ENE of Güiria, Venezuela",earthquake,,,,,reviewed,trn,trn
2000-01-16T11:39:29.960Z,11.268,-62.0,118.0,2.7,md,,,,,us,usp0009m7n,2014-11-07T01:09:19.915Z,Windward Islands,earthquake,,,,,reviewed,trn,trn
2000-01-15T20:00:30.860Z,6.552,-73.024,197.5,4.1,mb,,,,0.9,us,usp0009m6a,2014-11-07T01:09:19.788Z,"7 km SE of Curití, Colombia",earthquake,,6.9,,11.0,reviewed,us,us
2000-01-15T11:27:53.780Z,9.875,-62.605,36.7,3.9,md,,,,1.27,us,usp0009m5u,2014-11-07T01:09:19.704Z,"65 km ENE of Maturín, Venezuela",earthquake,,,,,reviewed,us,trn
2000-01-07T05:04:43.280Z,10.861,-62.163,96.0,2.9,md,,,,,us,usp0009kuq,2014-11-07T01:09:18.108Z,"34 km NNE of Güiria, Venezuela",earthquake,,,,,reviewed,trn,trn
